2026-05-24 01:31:07 | INFO | data_ingestion | 🚀 Realtime ingestion started
2026-05-24 01:31:07 | INFO | data_ingestion | Starting ingestion cycle
2026-05-24 01:31:07 | INFO | data_ingestion | Fetching TechCrunch
2026-05-24 01:31:07 | INFO | data_ingestion | TechCrunch → 10 new headlines
2026-05-24 01:31:07 | INFO | data_ingestion | Fetching The Verge
2026-05-24 01:31:08 | INFO | data_ingestion | The Verge → 10 new headlines
2026-05-24 01:31:08 | INFO | data_ingestion | Fetching Wired
2026-05-24 01:31:08 | INFO | data_ingestion | Wired → 10 new headlines
2026-05-24 01:31:08 | INFO | data_ingestion | Fetching Ars Technica
2026-05-24 01:31:08 | INFO | data_ingestion | Ars Technica → 10 new headlines
2026-05-24 01:31:08 | INFO | data_ingestion | Collected 40 headlines
2026-05-24 01:31:08 | INFO | data_ingestion | Published headline: These special phone and app features can help protect you fr
2026-05-24 01:31:08 | INFO | data_ingestion | Published headline: Ferrari is using IBM’s AI to create F1 superfans
2026-05-24 01:31:09 | INFO | data_ingestion | Published headline: Nuclear startup Deep Fission says it’s going public, again, 
2026-05-24 01:31:09 | INFO | data_ingestion | Published headline: Elon Musk has given up on solar power (on Earth)
2026-05-24 01:31:09 | INFO | data_ingestion | Published headline: Peec, one of Berlin’s rising startups, more than doubled ann
2026-05-24 01:31:09 | INFO | data_ingestion | Published headline: AI is being used to resurrect the voices of dead pilots
2026-05-24 01:31:09 | INFO | data_ingestion | Published headline: SpaceX launches Starship V3 for the first time, but loses bo
2026-05-24 01:31:09 | INFO | data_ingestion | Published headline: Blue Origin cleared to fly New Glenn mega-rocket after April
2026-05-24 01:31:09 | INFO | data_ingestion | Published headline: Google goes for the glitter with disco-ball icons: ‘Are y’al
2026-05-24 01:31:09 | INFO | data_ingestion | Published headline: How VCs and founders use inflated ‘ARR’ to crown AI startups
2026-05-24 01:31:09 | INFO | data_ingestion | Published headline: The man behind the legendary MPC, Roger Linn, stays focused 
2026-05-24 01:31:09 | INFO | data_ingestion | Published headline: Here are 38 Memorial Day deals we recommend for $50 or less
2026-05-24 01:31:09 | INFO | data_ingestion | Published headline: Hanging out in my favorite virtual coffee shop in Tokyo
2026-05-24 01:31:09 | INFO | data_ingestion | Published headline: I have a new go-to browser
2026-05-24 01:31:09 | INFO | data_ingestion | Published headline: Google’s new anything-to-anything AI model is wild
2026-05-24 01:31:09 | INFO | data_ingestion | Published headline: Google&#8217;s AI search is so broken it can &#8216;disregar
2026-05-24 01:31:09 | INFO | data_ingestion | Published headline: Twelve South’s AirFly Pro 2 has hit one of its best prices a
2026-05-24 01:31:09 | INFO | data_ingestion | Published headline: Meta’s Forum is part Reddit, part Facebook, and part Google 
2026-05-24 01:31:09 | INFO | data_ingestion | Published headline: Elon, stop trying to make Grok happen
2026-05-24 01:31:09 | INFO | data_ingestion | Published headline: The best Memorial Day sales you can shop this weekend
2026-05-24 01:31:10 | INFO | data_ingestion | Published headline: Best Power Banks (2026): My Picks After Testing Over 100
2026-05-24 01:31:10 | INFO | data_ingestion | Published headline: Memorial Day Dyson Vacuum Deals: V15 Detect, Gen5Detect, Pen
2026-05-24 01:31:10 | INFO | data_ingestion | Published headline: L.L.Bean's Zip Hunter's Tote Is the Only Carryall You Need
2026-05-24 01:31:10 | INFO | data_ingestion | Published headline: Quantum ‘Jamming’ Could Help Unlock the Mysteries of Causali
2026-05-24 01:31:10 | INFO | data_ingestion | Published headline: The Best Smart Sprinklers and Irrigation Systems: In-Ground 
2026-05-24 01:31:10 | INFO | data_ingestion | Published headline: The FBI Wants ‘Near Real-Time’ Access to US License Plate Re
2026-05-24 01:31:10 | INFO | data_ingestion | Published headline: Cosmic Voids May Contain the Universe’s Best Secrets
2026-05-24 01:31:10 | INFO | data_ingestion | Published headline: Best Memorial Day Deals: Garmin, Birdfy, Branch (2026)
2026-05-24 01:31:10 | INFO | data_ingestion | Published headline: A 'Golden Orb' on the Ocean Floor Came From a Mysterious Ani
2026-05-24 01:31:10 | INFO | data_ingestion | Published headline: All Vehicles Sold in the EU Must Be Able to Hook Up to a Bre
2026-05-24 01:31:10 | INFO | data_ingestion | Published headline: SpaceX's Starship V3—still a work in progress—mostly success
2026-05-24 01:31:10 | INFO | data_ingestion | Published headline: Two space shuttle-era spacewalkers enter Astronaut Hall of F
2026-05-24 01:31:10 | INFO | data_ingestion | Published headline: China’s shark finning could lead to US seafood sanctions
2026-05-24 01:31:10 | INFO | data_ingestion | Published headline: Four Russian satellites are now within striking distance of 
2026-05-24 01:31:10 | INFO | data_ingestion | Published headline: Ebola outbreak now third largest recorded and "spreading rap
2026-05-24 01:31:10 | INFO | data_ingestion | Published headline: First-generation Chromecast users stressed by devices sudden
2026-05-24 01:31:10 | INFO | data_ingestion | Published headline: Trump FCC asks public to comment on whether ABC's The View i
2026-05-24 01:31:10 | INFO | data_ingestion | Published headline: US scrambles to stop Internet users re-creating dead pilots’
2026-05-24 01:31:11 | INFO | data_ingestion | Published headline: The Boys is dead. Long live Vought Rising.
2026-05-24 01:31:11 | INFO | data_ingestion | Published headline: Police boast of hacking VPN where criminals "believed themse
2026-05-24 01:31:11 | INFO | data_ingestion | Sleeping 60s
2026-05-24 01:34:53 | INFO | data_ingestion | 🚀 Realtime ingestion started
2026-05-24 01:34:53 | INFO | data_ingestion | Starting ingestion cycle
2026-05-24 01:34:53 | INFO | data_ingestion | Fetching TechCrunch
2026-05-24 01:34:54 | INFO | data_ingestion | TechCrunch → 10 new headlines
2026-05-24 01:34:54 | INFO | data_ingestion | Fetching The Verge
2026-05-24 01:34:55 | INFO | data_ingestion | The Verge → 10 new headlines
2026-05-24 01:34:55 | INFO | data_ingestion | Fetching Wired
2026-05-24 01:34:55 | INFO | data_ingestion | Wired → 10 new headlines
2026-05-24 01:34:55 | INFO | data_ingestion | Fetching Ars Technica
2026-05-24 01:34:56 | INFO | data_ingestion | Ars Technica → 10 new headlines
2026-05-24 01:34:56 | INFO | data_ingestion | Collected 40 headlines
2026-05-24 01:34:56 | INFO | data_ingestion | Published headline: SolarSquare in talks to raise up to $60M as India’s rooftop 
2026-05-24 01:34:56 | INFO | data_ingestion | Published headline: These special phone and app features can help protect you fr
2026-05-24 01:34:56 | INFO | data_ingestion | Published headline: Ferrari is using IBM’s AI to create F1 superfans
2026-05-24 01:34:56 | INFO | data_ingestion | Published headline: Nuclear startup Deep Fission says it’s going public, again, 
2026-05-24 01:34:56 | INFO | data_ingestion | Published headline: Elon Musk has given up on solar power (on Earth)
2026-05-24 01:34:56 | INFO | data_ingestion | Published headline: Peec, one of Berlin’s rising startups, more than doubled ann
2026-05-24 01:34:56 | INFO | data_ingestion | Published headline: AI is being used to resurrect the voices of dead pilots
2026-05-24 01:34:56 | INFO | data_ingestion | Published headline: SpaceX launches Starship V3 for the first time, but loses bo
2026-05-24 01:34:56 | INFO | data_ingestion | Published headline: Blue Origin cleared to fly New Glenn mega-rocket after April
2026-05-24 01:34:56 | INFO | data_ingestion | Published headline: Google goes for the glitter with disco-ball icons: ‘Are y’al
2026-05-24 01:34:57 | INFO | data_ingestion | Published headline: The man behind the legendary MPC, Roger Linn, stays focused 
2026-05-24 01:34:57 | INFO | data_ingestion | Published headline: Here are 38 Memorial Day deals we recommend for $50 or less
2026-05-24 01:34:57 | INFO | data_ingestion | Published headline: Hanging out in my favorite virtual coffee shop in Tokyo
2026-05-24 01:34:57 | INFO | data_ingestion | Published headline: I have a new go-to browser
2026-05-24 01:34:57 | INFO | data_ingestion | Published headline: Google’s new anything-to-anything AI model is wild
2026-05-24 01:34:57 | INFO | data_ingestion | Published headline: Google&#8217;s AI search is so broken it can &#8216;disregar
2026-05-24 01:34:57 | INFO | data_ingestion | Published headline: Twelve South’s AirFly Pro 2 has hit one of its best prices a
2026-05-24 01:34:57 | INFO | data_ingestion | Published headline: Meta’s Forum is part Reddit, part Facebook, and part Google 
2026-05-24 01:34:57 | INFO | data_ingestion | Published headline: Elon, stop trying to make Grok happen
2026-05-24 01:34:57 | INFO | data_ingestion | Published headline: The best Memorial Day sales you can shop this weekend
2026-05-24 01:34:57 | INFO | data_ingestion | Published headline: Best Power Banks (2026): My Picks After Testing Over 100
2026-05-24 01:34:57 | INFO | data_ingestion | Published headline: Memorial Day Dyson Vacuum Deals: V15 Detect, Gen5Detect, Pen
2026-05-24 01:34:57 | INFO | data_ingestion | Published headline: L.L.Bean's Zip Hunter's Tote Is the Only Carryall You Need
2026-05-24 01:34:57 | INFO | data_ingestion | Published headline: Quantum ‘Jamming’ Could Help Unlock the Mysteries of Causali
2026-05-24 01:34:57 | INFO | data_ingestion | Published headline: The Best Smart Sprinklers and Irrigation Systems: In-Ground 
2026-05-24 01:34:57 | INFO | data_ingestion | Published headline: The FBI Wants ‘Near Real-Time’ Access to US License Plate Re
2026-05-24 01:34:57 | INFO | data_ingestion | Published headline: Cosmic Voids May Contain the Universe’s Best Secrets
2026-05-24 01:34:57 | INFO | data_ingestion | Published headline: Best Memorial Day Deals: Garmin, Birdfy, Branch (2026)
2026-05-24 01:34:57 | INFO | data_ingestion | Published headline: A 'Golden Orb' on the Ocean Floor Came From a Mysterious Ani
2026-05-24 01:34:58 | INFO | data_ingestion | Published headline: All Vehicles Sold in the EU Must Be Able to Hook Up to a Bre
2026-05-24 01:34:58 | INFO | data_ingestion | Published headline: SpaceX's Starship V3—still a work in progress—mostly success
2026-05-24 01:34:58 | INFO | data_ingestion | Published headline: Two space shuttle-era spacewalkers enter Astronaut Hall of F
2026-05-24 01:34:58 | INFO | data_ingestion | Published headline: China’s shark finning could lead to US seafood sanctions
2026-05-24 01:34:58 | INFO | data_ingestion | Published headline: Four Russian satellites are now within striking distance of 
2026-05-24 01:34:58 | INFO | data_ingestion | Published headline: Ebola outbreak now third largest recorded and "spreading rap
2026-05-24 01:34:58 | INFO | data_ingestion | Published headline: First-generation Chromecast users stressed by devices sudden
2026-05-24 01:34:58 | INFO | data_ingestion | Published headline: Trump FCC asks public to comment on whether ABC's The View i
2026-05-24 01:34:58 | INFO | data_ingestion | Published headline: US scrambles to stop Internet users re-creating dead pilots’
2026-05-24 01:34:58 | INFO | data_ingestion | Published headline: The Boys is dead. Long live Vought Rising.
2026-05-24 01:34:58 | INFO | data_ingestion | Published headline: Police boast of hacking VPN where criminals "believed themse
2026-05-24 01:34:58 | INFO | data_ingestion | Sleeping 60s
2026-05-24 01:35:58 | INFO | data_ingestion | Starting ingestion cycle
2026-05-24 01:35:58 | INFO | data_ingestion | Fetching TechCrunch
2026-05-24 01:35:58 | INFO | data_ingestion | TechCrunch → 0 new headlines
2026-05-24 01:35:58 | INFO | data_ingestion | Fetching The Verge
2026-05-24 01:35:59 | INFO | data_ingestion | The Verge → 0 new headlines
2026-05-24 01:35:59 | INFO | data_ingestion | Fetching Wired
2026-05-24 01:35:59 | INFO | data_ingestion | Wired → 0 new headlines
2026-05-24 01:35:59 | INFO | data_ingestion | Fetching Ars Technica
2026-05-24 01:36:01 | INFO | data_ingestion | Ars Technica → 0 new headlines
2026-05-24 01:36:01 | INFO | data_ingestion | Collected 0 headlines
2026-05-24 01:36:01 | INFO | data_ingestion | Sleeping 60s
2026-05-24 01:37:01 | INFO | data_ingestion | Starting ingestion cycle
2026-05-24 01:37:01 | INFO | data_ingestion | Fetching TechCrunch
2026-05-24 01:37:02 | INFO | data_ingestion | TechCrunch → 0 new headlines
2026-05-24 01:37:02 | INFO | data_ingestion | Fetching The Verge
2026-05-24 01:37:02 | INFO | data_ingestion | The Verge → 0 new headlines
2026-05-24 01:37:02 | INFO | data_ingestion | Fetching Wired
2026-05-24 01:37:02 | INFO | data_ingestion | Wired → 0 new headlines
2026-05-24 01:37:02 | INFO | data_ingestion | Fetching Ars Technica
2026-05-24 01:37:03 | INFO | data_ingestion | Ars Technica → 0 new headlines
2026-05-24 01:37:03 | INFO | data_ingestion | Collected 0 headlines
2026-05-24 01:37:03 | INFO | data_ingestion | Sleeping 60s
2026-05-24 01:38:03 | INFO | data_ingestion | Starting ingestion cycle
2026-05-24 01:38:03 | INFO | data_ingestion | Fetching TechCrunch
2026-05-24 01:38:04 | INFO | data_ingestion | TechCrunch → 0 new headlines
2026-05-24 01:38:04 | INFO | data_ingestion | Fetching The Verge
2026-05-24 01:38:04 | INFO | data_ingestion | The Verge → 0 new headlines
2026-05-24 01:38:04 | INFO | data_ingestion | Fetching Wired
2026-05-24 01:38:04 | INFO | data_ingestion | Wired → 0 new headlines
2026-05-24 01:38:04 | INFO | data_ingestion | Fetching Ars Technica
2026-05-24 01:38:06 | INFO | data_ingestion | Ars Technica → 0 new headlines
2026-05-24 01:38:06 | INFO | data_ingestion | Collected 0 headlines
2026-05-24 01:38:06 | INFO | data_ingestion | Sleeping 60s
2026-05-24 01:39:06 | INFO | data_ingestion | Starting ingestion cycle
2026-05-24 01:39:06 | INFO | data_ingestion | Fetching TechCrunch
2026-05-24 01:39:06 | INFO | data_ingestion | TechCrunch → 0 new headlines
2026-05-24 01:39:06 | INFO | data_ingestion | Fetching The Verge
2026-05-24 01:39:07 | INFO | data_ingestion | The Verge → 0 new headlines
2026-05-24 01:39:07 | INFO | data_ingestion | Fetching Wired
2026-05-24 01:39:07 | INFO | data_ingestion | Wired → 0 new headlines
2026-05-24 01:39:07 | INFO | data_ingestion | Fetching Ars Technica
2026-05-24 01:39:09 | INFO | data_ingestion | Ars Technica → 0 new headlines
2026-05-24 01:39:09 | INFO | data_ingestion | Collected 0 headlines
2026-05-24 01:39:09 | INFO | data_ingestion | Sleeping 60s
2026-05-24 01:39:32 | INFO | data_ingestion | 🚀 Realtime ingestion started
2026-05-24 01:39:32 | INFO | data_ingestion | Starting ingestion cycle
2026-05-24 01:39:32 | INFO | data_ingestion | Fetching TechCrunch
2026-05-24 01:39:32 | INFO | data_ingestion | TechCrunch → 10 new headlines
2026-05-24 01:39:32 | INFO | data_ingestion | Fetching The Verge
2026-05-24 01:39:33 | INFO | data_ingestion | The Verge → 10 new headlines
2026-05-24 01:39:33 | INFO | data_ingestion | Fetching Wired
2026-05-24 01:39:33 | INFO | data_ingestion | Wired → 10 new headlines
2026-05-24 01:39:33 | INFO | data_ingestion | Fetching Ars Technica
2026-05-24 01:39:33 | INFO | data_ingestion | Ars Technica → 10 new headlines
2026-05-24 01:39:33 | INFO | data_ingestion | Collected 40 headlines
2026-05-24 01:39:33 | INFO | data_ingestion | Published headline: SolarSquare in talks to raise up to $60M as India’s rooftop 
2026-05-24 01:39:33 | INFO | data_ingestion | Published headline: These special phone and app features can help protect you fr
2026-05-24 01:39:33 | INFO | data_ingestion | Published headline: Ferrari is using IBM’s AI to create F1 superfans
2026-05-24 01:39:33 | INFO | data_ingestion | Published headline: Nuclear startup Deep Fission says it’s going public, again, 
2026-05-24 01:39:33 | INFO | data_ingestion | Published headline: Elon Musk has given up on solar power (on Earth)
2026-05-24 01:39:34 | INFO | data_ingestion | Published headline: Peec, one of Berlin’s rising startups, more than doubled ann
2026-05-24 01:39:34 | INFO | data_ingestion | Published headline: AI is being used to resurrect the voices of dead pilots
2026-05-24 01:39:34 | INFO | data_ingestion | Published headline: SpaceX launches Starship V3 for the first time, but loses bo
2026-05-24 01:39:34 | INFO | data_ingestion | Published headline: Blue Origin cleared to fly New Glenn mega-rocket after April
2026-05-24 01:39:34 | INFO | data_ingestion | Published headline: Google goes for the glitter with disco-ball icons: ‘Are y’al
2026-05-24 01:39:34 | INFO | data_ingestion | Published headline: The man behind the legendary MPC, Roger Linn, stays focused 
2026-05-24 01:39:34 | INFO | data_ingestion | Published headline: Here are 38 Memorial Day deals we recommend for $50 or less
2026-05-24 01:39:34 | INFO | data_ingestion | Published headline: Hanging out in my favorite virtual coffee shop in Tokyo
2026-05-24 01:39:34 | INFO | data_ingestion | Published headline: I have a new go-to browser
2026-05-24 01:39:34 | INFO | data_ingestion | Published headline: Google’s new anything-to-anything AI model is wild
2026-05-24 01:39:34 | INFO | data_ingestion | Published headline: Google&#8217;s AI search is so broken it can &#8216;disregar
2026-05-24 01:39:34 | INFO | data_ingestion | Published headline: Twelve South’s AirFly Pro 2 has hit one of its best prices a
2026-05-24 01:39:34 | INFO | data_ingestion | Published headline: Meta’s Forum is part Reddit, part Facebook, and part Google 
2026-05-24 01:39:34 | INFO | data_ingestion | Published headline: Elon, stop trying to make Grok happen
2026-05-24 01:39:34 | INFO | data_ingestion | Published headline: The best Memorial Day sales you can shop this weekend
2026-05-24 01:39:34 | INFO | data_ingestion | Published headline: Best Power Banks (2026): My Picks After Testing Over 100
2026-05-24 01:39:34 | INFO | data_ingestion | Published headline: Memorial Day Dyson Vacuum Deals: V15 Detect, Gen5Detect, Pen
2026-05-24 01:39:34 | INFO | data_ingestion | Published headline: L.L.Bean's Zip Hunter's Tote Is the Only Carryall You Need
2026-05-24 01:39:34 | INFO | data_ingestion | Published headline: Quantum ‘Jamming’ Could Help Unlock the Mysteries of Causali
2026-05-24 01:39:35 | INFO | data_ingestion | Published headline: The Best Smart Sprinklers and Irrigation Systems: In-Ground 
2026-05-24 01:39:35 | INFO | data_ingestion | Published headline: The FBI Wants ‘Near Real-Time’ Access to US License Plate Re
2026-05-24 01:39:35 | INFO | data_ingestion | Published headline: Cosmic Voids May Contain the Universe’s Best Secrets
2026-05-24 01:39:35 | INFO | data_ingestion | Published headline: Best Memorial Day Deals: Garmin, Birdfy, Branch (2026)
2026-05-24 01:39:35 | INFO | data_ingestion | Published headline: A 'Golden Orb' on the Ocean Floor Came From a Mysterious Ani
2026-05-24 01:39:35 | INFO | data_ingestion | Published headline: All Vehicles Sold in the EU Must Be Able to Hook Up to a Bre
2026-05-24 01:39:35 | INFO | data_ingestion | Published headline: SpaceX's Starship V3—still a work in progress—mostly success
2026-05-24 01:39:35 | INFO | data_ingestion | Published headline: Two space shuttle-era spacewalkers enter Astronaut Hall of F
2026-05-24 01:39:35 | INFO | data_ingestion | Published headline: China’s shark finning could lead to US seafood sanctions
2026-05-24 01:39:35 | INFO | data_ingestion | Published headline: Four Russian satellites are now within striking distance of 
2026-05-24 01:39:35 | INFO | data_ingestion | Published headline: Ebola outbreak now third largest recorded and "spreading rap
2026-05-24 01:39:35 | INFO | data_ingestion | Published headline: First-generation Chromecast users stressed by devices sudden
2026-05-24 01:39:35 | INFO | data_ingestion | Published headline: Trump FCC asks public to comment on whether ABC's The View i
2026-05-24 01:39:35 | INFO | data_ingestion | Published headline: US scrambles to stop Internet users re-creating dead pilots’
2026-05-24 01:39:35 | INFO | data_ingestion | Published headline: The Boys is dead. Long live Vought Rising.
2026-05-24 01:39:35 | INFO | data_ingestion | Published headline: Police boast of hacking VPN where criminals "believed themse
2026-05-24 01:39:35 | INFO | data_ingestion | Sleeping 60s
2026-05-24 01:40:09 | INFO | data_ingestion | Starting ingestion cycle
2026-05-24 01:40:09 | INFO | data_ingestion | Fetching TechCrunch
2026-05-24 01:40:09 | INFO | data_ingestion | TechCrunch → 0 new headlines
2026-05-24 01:40:09 | INFO | data_ingestion | Fetching The Verge
2026-05-24 01:40:10 | INFO | data_ingestion | The Verge → 0 new headlines
2026-05-24 01:40:10 | INFO | data_ingestion | Fetching Wired
2026-05-24 01:40:11 | INFO | data_ingestion | Wired → 0 new headlines
2026-05-24 01:40:11 | INFO | data_ingestion | Fetching Ars Technica
2026-05-24 01:40:11 | INFO | data_ingestion | Ars Technica → 0 new headlines
2026-05-24 01:40:11 | INFO | data_ingestion | Collected 0 headlines
2026-05-24 01:40:11 | INFO | data_ingestion | Sleeping 60s
2026-05-24 01:40:35 | INFO | data_ingestion | Starting ingestion cycle
2026-05-24 01:40:35 | INFO | data_ingestion | Fetching TechCrunch
2026-05-24 01:40:36 | INFO | data_ingestion | TechCrunch → 0 new headlines
2026-05-24 01:40:36 | INFO | data_ingestion | Fetching The Verge
2026-05-24 01:40:36 | INFO | data_ingestion | The Verge → 0 new headlines
2026-05-24 01:40:36 | INFO | data_ingestion | Fetching Wired
2026-05-24 01:40:36 | INFO | data_ingestion | Wired → 0 new headlines
2026-05-24 01:40:36 | INFO | data_ingestion | Fetching Ars Technica
2026-05-24 01:40:37 | INFO | data_ingestion | Ars Technica → 0 new headlines
2026-05-24 01:40:37 | INFO | data_ingestion | Collected 0 headlines
2026-05-24 01:40:37 | INFO | data_ingestion | Sleeping 60s
2026-05-24 01:41:11 | INFO | data_ingestion | Starting ingestion cycle
2026-05-24 01:41:11 | INFO | data_ingestion | Fetching TechCrunch
2026-05-24 01:41:12 | INFO | data_ingestion | TechCrunch → 0 new headlines
2026-05-24 01:41:12 | INFO | data_ingestion | Fetching The Verge
2026-05-24 01:41:12 | INFO | data_ingestion | The Verge → 0 new headlines
2026-05-24 01:41:12 | INFO | data_ingestion | Fetching Wired
2026-05-24 01:41:13 | INFO | data_ingestion | Wired → 0 new headlines
2026-05-24 01:41:13 | INFO | data_ingestion | Fetching Ars Technica
2026-05-24 01:41:13 | INFO | data_ingestion | Ars Technica → 0 new headlines
2026-05-24 01:41:13 | INFO | data_ingestion | Collected 0 headlines
2026-05-24 01:41:13 | INFO | data_ingestion | Sleeping 60s
2026-05-24 01:41:37 | INFO | data_ingestion | Starting ingestion cycle
2026-05-24 01:41:37 | INFO | data_ingestion | Fetching TechCrunch
2026-05-24 01:41:37 | INFO | data_ingestion | TechCrunch → 0 new headlines
2026-05-24 01:41:37 | INFO | data_ingestion | Fetching The Verge
2026-05-24 01:41:38 | INFO | data_ingestion | The Verge → 0 new headlines
2026-05-24 01:41:38 | INFO | data_ingestion | Fetching Wired
2026-05-24 01:41:38 | INFO | data_ingestion | Wired → 0 new headlines
2026-05-24 01:41:38 | INFO | data_ingestion | Fetching Ars Technica
2026-05-24 01:41:38 | INFO | data_ingestion | Ars Technica → 0 new headlines
2026-05-24 01:41:38 | INFO | data_ingestion | Collected 0 headlines
2026-05-24 01:41:38 | INFO | data_ingestion | Sleeping 60s
2026-05-24 01:42:13 | INFO | data_ingestion | Starting ingestion cycle
2026-05-24 01:42:13 | INFO | data_ingestion | Fetching TechCrunch
2026-05-24 01:42:14 | INFO | data_ingestion | TechCrunch → 0 new headlines
2026-05-24 01:42:14 | INFO | data_ingestion | Fetching The Verge
2026-05-24 01:42:14 | INFO | data_ingestion | The Verge → 0 new headlines
2026-05-24 01:42:14 | INFO | data_ingestion | Fetching Wired
2026-05-24 01:42:14 | INFO | data_ingestion | Wired → 0 new headlines
2026-05-24 01:42:14 | INFO | data_ingestion | Fetching Ars Technica
2026-05-24 01:42:16 | INFO | data_ingestion | Ars Technica → 0 new headlines
2026-05-24 01:42:16 | INFO | data_ingestion | Collected 0 headlines
2026-05-24 01:42:16 | INFO | data_ingestion | Sleeping 60s
2026-05-24 01:42:38 | INFO | data_ingestion | Starting ingestion cycle
2026-05-24 01:42:38 | INFO | data_ingestion | Fetching TechCrunch
2026-05-24 01:42:38 | INFO | data_ingestion | TechCrunch → 0 new headlines
2026-05-24 01:42:38 | INFO | data_ingestion | Fetching The Verge
2026-05-24 01:42:39 | INFO | data_ingestion | The Verge → 0 new headlines
2026-05-24 01:42:39 | INFO | data_ingestion | Fetching Wired
2026-05-24 01:42:39 | INFO | data_ingestion | Wired → 0 new headlines
2026-05-24 01:42:39 | INFO | data_ingestion | Fetching Ars Technica
2026-05-24 01:42:39 | INFO | data_ingestion | Ars Technica → 0 new headlines
2026-05-24 01:42:39 | INFO | data_ingestion | Collected 0 headlines
2026-05-24 01:42:39 | INFO | data_ingestion | Sleeping 60s
2026-05-24 01:43:16 | INFO | data_ingestion | Starting ingestion cycle
2026-05-24 01:43:16 | INFO | data_ingestion | Fetching TechCrunch
2026-05-24 01:43:17 | INFO | data_ingestion | TechCrunch → 0 new headlines
2026-05-24 01:43:17 | INFO | data_ingestion | Fetching The Verge
2026-05-24 01:43:17 | INFO | data_ingestion | The Verge → 0 new headlines
2026-05-24 01:43:17 | INFO | data_ingestion | Fetching Wired
2026-05-24 01:43:17 | INFO | data_ingestion | Wired → 0 new headlines
2026-05-24 01:43:17 | INFO | data_ingestion | Fetching Ars Technica
2026-05-24 01:43:18 | INFO | data_ingestion | Ars Technica → 0 new headlines
2026-05-24 01:43:18 | INFO | data_ingestion | Collected 0 headlines
2026-05-24 01:43:18 | INFO | data_ingestion | Sleeping 60s
2026-05-24 01:43:39 | INFO | data_ingestion | Starting ingestion cycle
2026-05-24 01:43:39 | INFO | data_ingestion | Fetching TechCrunch
2026-05-24 01:43:40 | INFO | data_ingestion | TechCrunch → 0 new headlines
2026-05-24 01:43:40 | INFO | data_ingestion | Fetching The Verge
2026-05-24 01:43:40 | INFO | data_ingestion | The Verge → 0 new headlines
2026-05-24 01:43:40 | INFO | data_ingestion | Fetching Wired
2026-05-24 01:43:40 | INFO | data_ingestion | Wired → 0 new headlines
2026-05-24 01:43:40 | INFO | data_ingestion | Fetching Ars Technica
2026-05-24 01:43:40 | INFO | data_ingestion | Ars Technica → 0 new headlines
2026-05-24 01:43:40 | INFO | data_ingestion | Collected 0 headlines
2026-05-24 01:43:40 | INFO | data_ingestion | Sleeping 60s
2026-05-24 01:44:01 | INFO | data_ingestion | 🚀 Realtime ingestion started
2026-05-24 01:44:01 | INFO | data_ingestion | Starting ingestion cycle
2026-05-24 01:44:01 | INFO | data_ingestion | Fetching TechCrunch
2026-05-24 01:44:01 | INFO | data_ingestion | TechCrunch → 10 new headlines
2026-05-24 01:44:01 | INFO | data_ingestion | Fetching The Verge
2026-05-24 01:44:02 | INFO | data_ingestion | The Verge → 10 new headlines
2026-05-24 01:44:02 | INFO | data_ingestion | Fetching Wired
2026-05-24 01:44:02 | INFO | data_ingestion | Wired → 10 new headlines
2026-05-24 01:44:02 | INFO | data_ingestion | Fetching Ars Technica
2026-05-24 01:44:02 | INFO | data_ingestion | Ars Technica → 10 new headlines
2026-05-24 01:44:02 | INFO | data_ingestion | Collected 40 headlines
2026-05-24 01:44:02 | INFO | data_ingestion | Published headline: SolarSquare in talks to raise up to $60M as India’s rooftop 
2026-05-24 01:44:02 | INFO | data_ingestion | Published headline: These special phone and app features can help protect you fr
2026-05-24 01:44:02 | INFO | data_ingestion | Published headline: Ferrari is using IBM’s AI to create F1 superfans
2026-05-24 01:44:02 | INFO | data_ingestion | Published headline: Nuclear startup Deep Fission says it’s going public, again, 
2026-05-24 01:44:02 | INFO | data_ingestion | Published headline: Elon Musk has given up on solar power (on Earth)
2026-05-24 01:44:02 | INFO | data_ingestion | Published headline: Peec, one of Berlin’s rising startups, more than doubled ann
2026-05-24 01:44:02 | INFO | data_ingestion | Published headline: AI is being used to resurrect the voices of dead pilots
2026-05-24 01:44:02 | INFO | data_ingestion | Published headline: SpaceX launches Starship V3 for the first time, but loses bo
2026-05-24 01:44:03 | INFO | data_ingestion | Published headline: Blue Origin cleared to fly New Glenn mega-rocket after April
2026-05-24 01:44:03 | INFO | data_ingestion | Published headline: Google goes for the glitter with disco-ball icons: ‘Are y’al
2026-05-24 01:44:03 | INFO | data_ingestion | Published headline: The man behind the legendary MPC, Roger Linn, stays focused 
2026-05-24 01:44:03 | INFO | data_ingestion | Published headline: Here are 38 Memorial Day deals we recommend for $50 or less
2026-05-24 01:44:03 | INFO | data_ingestion | Published headline: Hanging out in my favorite virtual coffee shop in Tokyo
2026-05-24 01:44:03 | INFO | data_ingestion | Published headline: I have a new go-to browser
2026-05-24 01:44:03 | INFO | data_ingestion | Published headline: Google’s new anything-to-anything AI model is wild
2026-05-24 01:44:03 | INFO | data_ingestion | Published headline: Google&#8217;s AI search is so broken it can &#8216;disregar
2026-05-24 01:44:03 | INFO | data_ingestion | Published headline: Twelve South’s AirFly Pro 2 has hit one of its best prices a
2026-05-24 01:44:03 | INFO | data_ingestion | Published headline: Meta’s Forum is part Reddit, part Facebook, and part Google 
2026-05-24 01:44:03 | INFO | data_ingestion | Published headline: Elon, stop trying to make Grok happen
2026-05-24 01:44:03 | INFO | data_ingestion | Published headline: The best Memorial Day sales you can shop this weekend
2026-05-24 01:44:03 | INFO | data_ingestion | Published headline: Best Power Banks (2026): My Picks After Testing Over 100
2026-05-24 01:44:03 | INFO | data_ingestion | Published headline: Memorial Day Dyson Vacuum Deals: V15 Detect, Gen5Detect, Pen
2026-05-24 01:44:03 | INFO | data_ingestion | Published headline: L.L.Bean's Zip Hunter's Tote Is the Only Carryall You Need
2026-05-24 01:44:03 | INFO | data_ingestion | Published headline: Quantum ‘Jamming’ Could Help Unlock the Mysteries of Causali
2026-05-24 01:44:03 | INFO | data_ingestion | Published headline: The Best Smart Sprinklers and Irrigation Systems: In-Ground 
2026-05-24 01:44:03 | INFO | data_ingestion | Published headline: The FBI Wants ‘Near Real-Time’ Access to US License Plate Re
2026-05-24 01:44:03 | INFO | data_ingestion | Published headline: Cosmic Voids May Contain the Universe’s Best Secrets
2026-05-24 01:44:03 | INFO | data_ingestion | Published headline: Best Memorial Day Deals: Garmin, Birdfy, Branch (2026)
2026-05-24 01:44:04 | INFO | data_ingestion | Published headline: A 'Golden Orb' on the Ocean Floor Came From a Mysterious Ani
2026-05-24 01:44:04 | INFO | data_ingestion | Published headline: All Vehicles Sold in the EU Must Be Able to Hook Up to a Bre
2026-05-24 01:44:04 | INFO | data_ingestion | Published headline: SpaceX's Starship V3—still a work in progress—mostly success
2026-05-24 01:44:04 | INFO | data_ingestion | Published headline: Two space shuttle-era spacewalkers enter Astronaut Hall of F
2026-05-24 01:44:04 | INFO | data_ingestion | Published headline: China’s shark finning could lead to US seafood sanctions
2026-05-24 01:44:04 | INFO | data_ingestion | Published headline: Four Russian satellites are now within striking distance of 
2026-05-24 01:44:04 | INFO | data_ingestion | Published headline: Ebola outbreak now third largest recorded and "spreading rap
2026-05-24 01:44:04 | INFO | data_ingestion | Published headline: First-generation Chromecast users stressed by devices sudden
2026-05-24 01:44:04 | INFO | data_ingestion | Published headline: Trump FCC asks public to comment on whether ABC's The View i
2026-05-24 01:44:04 | INFO | data_ingestion | Published headline: US scrambles to stop Internet users re-creating dead pilots’
2026-05-24 01:44:04 | INFO | data_ingestion | Published headline: The Boys is dead. Long live Vought Rising.
2026-05-24 01:44:04 | INFO | data_ingestion | Published headline: Police boast of hacking VPN where criminals "believed themse
2026-05-24 01:44:04 | INFO | data_ingestion | Sleeping 60s
2026-05-24 01:45:04 | INFO | data_ingestion | Starting ingestion cycle
2026-05-24 01:45:04 | INFO | data_ingestion | Fetching TechCrunch
2026-05-24 01:45:04 | INFO | data_ingestion | TechCrunch → 0 new headlines
2026-05-24 01:45:04 | INFO | data_ingestion | Fetching The Verge
2026-05-24 01:45:05 | INFO | data_ingestion | The Verge → 0 new headlines
2026-05-24 01:45:05 | INFO | data_ingestion | Fetching Wired
2026-05-24 01:45:05 | INFO | data_ingestion | Wired → 0 new headlines
2026-05-24 01:45:05 | INFO | data_ingestion | Fetching Ars Technica
2026-05-24 01:45:06 | INFO | data_ingestion | Ars Technica → 0 new headlines
2026-05-24 01:45:06 | INFO | data_ingestion | Collected 0 headlines
2026-05-24 01:45:06 | INFO | data_ingestion | Sleeping 60s
2026-05-24 01:46:06 | INFO | data_ingestion | Starting ingestion cycle
2026-05-24 01:46:06 | INFO | data_ingestion | Fetching TechCrunch
2026-05-24 01:46:06 | INFO | data_ingestion | TechCrunch → 0 new headlines
2026-05-24 01:46:06 | INFO | data_ingestion | Fetching The Verge
2026-05-24 01:46:07 | INFO | data_ingestion | The Verge → 0 new headlines
2026-05-24 01:46:07 | INFO | data_ingestion | Fetching Wired
2026-05-24 01:46:07 | INFO | data_ingestion | Wired → 0 new headlines
2026-05-24 01:46:07 | INFO | data_ingestion | Fetching Ars Technica
2026-05-24 01:46:09 | INFO | data_ingestion | Ars Technica → 0 new headlines
2026-05-24 01:46:09 | INFO | data_ingestion | Collected 0 headlines
2026-05-24 01:46:09 | INFO | data_ingestion | Sleeping 60s
2026-05-24 01:47:09 | INFO | data_ingestion | Starting ingestion cycle
2026-05-24 01:47:09 | INFO | data_ingestion | Fetching TechCrunch
2026-05-24 01:47:09 | INFO | data_ingestion | TechCrunch → 0 new headlines
2026-05-24 01:47:09 | INFO | data_ingestion | Fetching The Verge
2026-05-24 01:47:10 | INFO | data_ingestion | The Verge → 0 new headlines
2026-05-24 01:47:10 | INFO | data_ingestion | Fetching Wired
2026-05-24 01:47:10 | INFO | data_ingestion | Wired → 0 new headlines
2026-05-24 01:47:10 | INFO | data_ingestion | Fetching Ars Technica
2026-05-24 01:47:12 | INFO | data_ingestion | Ars Technica → 0 new headlines
2026-05-24 01:47:12 | INFO | data_ingestion | Collected 0 headlines
2026-05-24 01:47:12 | INFO | data_ingestion | Sleeping 60s
2026-05-24 01:48:12 | INFO | data_ingestion | Starting ingestion cycle
2026-05-24 01:48:12 | INFO | data_ingestion | Fetching TechCrunch
2026-05-24 01:48:12 | INFO | data_ingestion | TechCrunch → 0 new headlines
2026-05-24 01:48:12 | INFO | data_ingestion | Fetching The Verge
2026-05-24 01:48:13 | INFO | data_ingestion | The Verge → 0 new headlines
2026-05-24 01:48:13 | INFO | data_ingestion | Fetching Wired
2026-05-24 01:48:13 | INFO | data_ingestion | Wired → 0 new headlines
2026-05-24 01:48:13 | INFO | data_ingestion | Fetching Ars Technica
2026-05-24 01:48:14 | INFO | data_ingestion | Ars Technica → 0 new headlines
2026-05-24 01:48:14 | INFO | data_ingestion | Collected 0 headlines
2026-05-24 01:48:14 | INFO | data_ingestion | Sleeping 60s
2026-05-24 01:49:14 | INFO | data_ingestion | Starting ingestion cycle
2026-05-24 01:49:14 | INFO | data_ingestion | Fetching TechCrunch
2026-05-24 01:49:14 | INFO | data_ingestion | TechCrunch → 0 new headlines
2026-05-24 01:49:14 | INFO | data_ingestion | Fetching The Verge
2026-05-24 01:49:15 | INFO | data_ingestion | The Verge → 0 new headlines
2026-05-24 01:49:15 | INFO | data_ingestion | Fetching Wired
2026-05-24 01:49:15 | INFO | data_ingestion | Wired → 0 new headlines
2026-05-24 01:49:15 | INFO | data_ingestion | Fetching Ars Technica
2026-05-24 01:49:16 | INFO | data_ingestion | Ars Technica → 0 new headlines
2026-05-24 01:49:16 | INFO | data_ingestion | Collected 0 headlines
2026-05-24 01:49:16 | INFO | data_ingestion | Sleeping 60s
2026-05-24 01:50:16 | INFO | data_ingestion | Starting ingestion cycle
2026-05-24 01:50:16 | INFO | data_ingestion | Fetching TechCrunch
2026-05-24 01:50:16 | INFO | data_ingestion | TechCrunch → 0 new headlines
2026-05-24 01:50:16 | INFO | data_ingestion | Fetching The Verge
2026-05-24 01:50:16 | INFO | data_ingestion | The Verge → 0 new headlines
2026-05-24 01:50:16 | INFO | data_ingestion | Fetching Wired
2026-05-24 01:50:17 | INFO | data_ingestion | Wired → 0 new headlines
2026-05-24 01:50:17 | INFO | data_ingestion | Fetching Ars Technica
2026-05-24 01:50:17 | INFO | data_ingestion | Ars Technica → 0 new headlines
2026-05-24 01:50:17 | INFO | data_ingestion | Collected 0 headlines
2026-05-24 01:50:17 | INFO | data_ingestion | Sleeping 60s
2026-05-24 01:51:17 | INFO | data_ingestion | Starting ingestion cycle
2026-05-24 01:51:17 | INFO | data_ingestion | Fetching TechCrunch
2026-05-24 01:51:18 | INFO | data_ingestion | TechCrunch → 0 new headlines
2026-05-24 01:51:18 | INFO | data_ingestion | Fetching The Verge
2026-05-24 01:51:18 | INFO | data_ingestion | The Verge → 0 new headlines
2026-05-24 01:51:18 | INFO | data_ingestion | Fetching Wired
2026-05-24 01:51:18 | INFO | data_ingestion | Wired → 0 new headlines
2026-05-24 01:51:18 | INFO | data_ingestion | Fetching Ars Technica
2026-05-24 01:51:20 | INFO | data_ingestion | Ars Technica → 0 new headlines
2026-05-24 01:51:20 | INFO | data_ingestion | Collected 0 headlines
2026-05-24 01:51:20 | INFO | data_ingestion | Sleeping 60s
2026-05-24 01:52:20 | INFO | data_ingestion | Starting ingestion cycle
2026-05-24 01:52:20 | INFO | data_ingestion | Fetching TechCrunch
2026-05-24 01:52:21 | INFO | data_ingestion | TechCrunch → 0 new headlines
2026-05-24 01:52:21 | INFO | data_ingestion | Fetching The Verge
2026-05-24 01:52:21 | INFO | data_ingestion | The Verge → 0 new headlines
2026-05-24 01:52:21 | INFO | data_ingestion | Fetching Wired
2026-05-24 01:52:21 | INFO | data_ingestion | Wired → 0 new headlines
2026-05-24 01:52:21 | INFO | data_ingestion | Fetching Ars Technica
2026-05-24 01:52:23 | INFO | data_ingestion | Ars Technica → 0 new headlines
2026-05-24 01:52:23 | INFO | data_ingestion | Collected 0 headlines
2026-05-24 01:52:23 | INFO | data_ingestion | Sleeping 60s
2026-05-24 01:53:23 | INFO | data_ingestion | Starting ingestion cycle
2026-05-24 01:53:23 | INFO | data_ingestion | Fetching TechCrunch
2026-05-24 01:53:24 | INFO | data_ingestion | TechCrunch → 0 new headlines
2026-05-24 01:53:24 | INFO | data_ingestion | Fetching The Verge
2026-05-24 01:53:24 | INFO | data_ingestion | The Verge → 0 new headlines
2026-05-24 01:53:24 | INFO | data_ingestion | Fetching Wired
2026-05-24 01:53:24 | INFO | data_ingestion | Wired → 0 new headlines
2026-05-24 01:53:24 | INFO | data_ingestion | Fetching Ars Technica
2026-05-24 01:53:26 | INFO | data_ingestion | Ars Technica → 0 new headlines
2026-05-24 01:53:26 | INFO | data_ingestion | Collected 0 headlines
2026-05-24 01:53:26 | INFO | data_ingestion | Sleeping 60s
2026-05-24 01:54:36 | INFO | data_ingestion | 🚀 Realtime ingestion started
2026-05-24 01:54:36 | INFO | data_ingestion | Starting ingestion cycle
2026-05-24 01:54:36 | INFO | data_ingestion | Fetching TechCrunch
2026-05-24 01:54:36 | INFO | data_ingestion | TechCrunch → 10 new headlines
2026-05-24 01:54:36 | INFO | data_ingestion | Fetching The Verge
2026-05-24 01:54:37 | INFO | data_ingestion | The Verge → 10 new headlines
2026-05-24 01:54:37 | INFO | data_ingestion | Fetching Wired
2026-05-24 01:54:37 | INFO | data_ingestion | Wired → 10 new headlines
2026-05-24 01:54:37 | INFO | data_ingestion | Fetching Ars Technica
2026-05-24 01:54:39 | INFO | data_ingestion | Ars Technica → 10 new headlines
2026-05-24 01:54:39 | INFO | data_ingestion | Collected 40 headlines
2026-05-24 01:54:39 | INFO | data_ingestion | Published headline: SolarSquare in talks to raise up to $60M as India’s rooftop 
2026-05-24 01:54:39 | INFO | data_ingestion | Published headline: These special phone and app features can help protect you fr
2026-05-24 01:54:39 | INFO | data_ingestion | Published headline: Ferrari is using IBM’s AI to create F1 superfans
2026-05-24 01:54:39 | INFO | data_ingestion | Published headline: Nuclear startup Deep Fission says it’s going public, again, 
2026-05-24 01:54:39 | INFO | data_ingestion | Published headline: Elon Musk has given up on solar power (on Earth)
2026-05-24 01:54:39 | INFO | data_ingestion | Published headline: Peec, one of Berlin’s rising startups, more than doubled ann
2026-05-24 01:54:39 | INFO | data_ingestion | Published headline: AI is being used to resurrect the voices of dead pilots
2026-05-24 01:54:39 | INFO | data_ingestion | Published headline: SpaceX launches Starship V3 for the first time, but loses bo
2026-05-24 01:54:39 | INFO | data_ingestion | Published headline: Blue Origin cleared to fly New Glenn mega-rocket after April
2026-05-24 01:54:39 | INFO | data_ingestion | Published headline: Google goes for the glitter with disco-ball icons: ‘Are y’al
2026-05-24 01:54:39 | INFO | data_ingestion | Published headline: The man behind the legendary MPC, Roger Linn, stays focused 
2026-05-24 01:54:39 | INFO | data_ingestion | Published headline: Here are 38 Memorial Day deals we recommend for $50 or less
2026-05-24 01:54:40 | INFO | data_ingestion | Published headline: Hanging out in my favorite virtual coffee shop in Tokyo
2026-05-24 01:54:40 | INFO | data_ingestion | Published headline: I have a new go-to browser
2026-05-24 01:54:40 | INFO | data_ingestion | Published headline: Google’s new anything-to-anything AI model is wild
2026-05-24 01:54:40 | INFO | data_ingestion | Published headline: Google&#8217;s AI search is so broken it can &#8216;disregar
2026-05-24 01:54:40 | INFO | data_ingestion | Published headline: Twelve South’s AirFly Pro 2 has hit one of its best prices a
2026-05-24 01:54:40 | INFO | data_ingestion | Published headline: Meta’s Forum is part Reddit, part Facebook, and part Google 
2026-05-24 01:54:40 | INFO | data_ingestion | Published headline: Elon, stop trying to make Grok happen
2026-05-24 01:54:40 | INFO | data_ingestion | Published headline: The best Memorial Day sales you can shop this weekend
2026-05-24 01:54:40 | INFO | data_ingestion | Published headline: Best Power Banks (2026): My Picks After Testing Over 100
2026-05-24 01:54:40 | INFO | data_ingestion | Published headline: Memorial Day Dyson Vacuum Deals: V15 Detect, Gen5Detect, Pen
2026-05-24 01:54:40 | INFO | data_ingestion | Published headline: L.L.Bean's Zip Hunter's Tote Is the Only Carryall You Need
2026-05-24 01:54:40 | INFO | data_ingestion | Published headline: Quantum ‘Jamming’ Could Help Unlock the Mysteries of Causali
2026-05-24 01:54:40 | INFO | data_ingestion | Published headline: The Best Smart Sprinklers and Irrigation Systems: In-Ground 
2026-05-24 01:54:40 | INFO | data_ingestion | Published headline: The FBI Wants ‘Near Real-Time’ Access to US License Plate Re
2026-05-24 01:54:40 | INFO | data_ingestion | Published headline: Cosmic Voids May Contain the Universe’s Best Secrets
2026-05-24 01:54:40 | INFO | data_ingestion | Published headline: Best Memorial Day Deals: Garmin, Birdfy, Branch (2026)
2026-05-24 01:54:40 | INFO | data_ingestion | Published headline: A 'Golden Orb' on the Ocean Floor Came From a Mysterious Ani
2026-05-24 01:54:40 | INFO | data_ingestion | Published headline: All Vehicles Sold in the EU Must Be Able to Hook Up to a Bre
2026-05-24 01:54:40 | INFO | data_ingestion | Published headline: SpaceX's Starship V3—still a work in progress—mostly success
2026-05-24 01:54:40 | INFO | data_ingestion | Published headline: Two space shuttle-era spacewalkers enter Astronaut Hall of F
2026-05-24 01:54:41 | INFO | data_ingestion | Published headline: China’s shark finning could lead to US seafood sanctions
2026-05-24 01:54:41 | INFO | data_ingestion | Published headline: Four Russian satellites are now within striking distance of 
2026-05-24 01:54:41 | INFO | data_ingestion | Published headline: Ebola outbreak now third largest recorded and "spreading rap
2026-05-24 01:54:41 | INFO | data_ingestion | Published headline: First-generation Chromecast users stressed by devices sudden
2026-05-24 01:54:41 | INFO | data_ingestion | Published headline: Trump FCC asks public to comment on whether ABC's The View i
2026-05-24 01:54:41 | INFO | data_ingestion | Published headline: US scrambles to stop Internet users re-creating dead pilots’
2026-05-24 01:54:41 | INFO | data_ingestion | Published headline: The Boys is dead. Long live Vought Rising.
2026-05-24 01:54:41 | INFO | data_ingestion | Published headline: Police boast of hacking VPN where criminals "believed themse
2026-05-24 01:54:41 | INFO | data_ingestion | Sleeping 60s
2026-05-24 01:55:41 | INFO | data_ingestion | Starting ingestion cycle
2026-05-24 01:55:41 | INFO | data_ingestion | Fetching TechCrunch
2026-05-24 01:55:41 | INFO | data_ingestion | TechCrunch → 10 new headlines
2026-05-24 01:55:41 | INFO | data_ingestion | Fetching The Verge
2026-05-24 01:55:42 | INFO | data_ingestion | The Verge → 10 new headlines
2026-05-24 01:55:42 | INFO | data_ingestion | Fetching Wired
2026-05-24 01:55:42 | INFO | data_ingestion | Wired → 10 new headlines
2026-05-24 01:55:42 | INFO | data_ingestion | Fetching Ars Technica
2026-05-24 01:55:43 | INFO | data_ingestion | Ars Technica → 10 new headlines
2026-05-24 01:55:43 | INFO | data_ingestion | Collected 40 headlines
2026-05-24 01:55:43 | INFO | data_ingestion | Published headline: SolarSquare in talks to raise up to $60M as India’s rooftop 
2026-05-24 01:55:43 | INFO | data_ingestion | Published headline: These special phone and app features can help protect you fr
2026-05-24 01:55:43 | INFO | data_ingestion | Published headline: Ferrari is using IBM’s AI to create F1 superfans
2026-05-24 01:55:43 | INFO | data_ingestion | Published headline: Nuclear startup Deep Fission says it’s going public, again, 
2026-05-24 01:55:43 | INFO | data_ingestion | Published headline: Elon Musk has given up on solar power (on Earth)
2026-05-24 01:55:43 | INFO | data_ingestion | Published headline: Peec, one of Berlin’s rising startups, more than doubled ann
2026-05-24 01:55:43 | INFO | data_ingestion | Published headline: AI is being used to resurrect the voices of dead pilots
2026-05-24 01:55:43 | INFO | data_ingestion | Published headline: SpaceX launches Starship V3 for the first time, but loses bo
2026-05-24 01:55:43 | INFO | data_ingestion | Published headline: Blue Origin cleared to fly New Glenn mega-rocket after April
2026-05-24 01:55:43 | INFO | data_ingestion | Published headline: Google goes for the glitter with disco-ball icons: ‘Are y’al
2026-05-24 01:55:43 | INFO | data_ingestion | Published headline: The man behind the legendary MPC, Roger Linn, stays focused 
2026-05-24 01:55:43 | INFO | data_ingestion | Published headline: Here are 38 Memorial Day deals we recommend for $50 or less
2026-05-24 01:55:43 | INFO | data_ingestion | Published headline: Hanging out in my favorite virtual coffee shop in Tokyo
2026-05-24 01:55:43 | INFO | data_ingestion | Published headline: I have a new go-to browser
2026-05-24 01:55:43 | INFO | data_ingestion | Published headline: Google’s new anything-to-anything AI model is wild
2026-05-24 01:55:44 | INFO | data_ingestion | Published headline: Google&#8217;s AI search is so broken it can &#8216;disregar
2026-05-24 01:55:44 | INFO | data_ingestion | Published headline: Twelve South’s AirFly Pro 2 has hit one of its best prices a
2026-05-24 01:55:44 | INFO | data_ingestion | Published headline: Meta’s Forum is part Reddit, part Facebook, and part Google 
2026-05-24 01:55:44 | INFO | data_ingestion | Published headline: Elon, stop trying to make Grok happen
2026-05-24 01:55:44 | INFO | data_ingestion | Published headline: The best Memorial Day sales you can shop this weekend
2026-05-24 01:55:44 | INFO | data_ingestion | Published headline: Best Power Banks (2026): My Picks After Testing Over 100
2026-05-24 01:55:44 | INFO | data_ingestion | Published headline: Memorial Day Dyson Vacuum Deals: V15 Detect, Gen5Detect, Pen
2026-05-24 01:55:44 | INFO | data_ingestion | Published headline: L.L.Bean's Zip Hunter's Tote Is the Only Carryall You Need
2026-05-24 01:55:44 | INFO | data_ingestion | Published headline: Quantum ‘Jamming’ Could Help Unlock the Mysteries of Causali
2026-05-24 01:55:44 | INFO | data_ingestion | Published headline: The Best Smart Sprinklers and Irrigation Systems: In-Ground 
2026-05-24 01:55:44 | INFO | data_ingestion | Published headline: The FBI Wants ‘Near Real-Time’ Access to US License Plate Re
2026-05-24 01:55:44 | INFO | data_ingestion | Published headline: Cosmic Voids May Contain the Universe’s Best Secrets
2026-05-24 01:55:44 | INFO | data_ingestion | Published headline: Best Memorial Day Deals: Garmin, Birdfy, Branch (2026)
2026-05-24 01:55:44 | INFO | data_ingestion | Published headline: A 'Golden Orb' on the Ocean Floor Came From a Mysterious Ani
2026-05-24 01:55:44 | INFO | data_ingestion | Published headline: All Vehicles Sold in the EU Must Be Able to Hook Up to a Bre
2026-05-24 01:55:44 | INFO | data_ingestion | Published headline: SpaceX's Starship V3—still a work in progress—mostly success
2026-05-24 01:55:44 | INFO | data_ingestion | Published headline: Two space shuttle-era spacewalkers enter Astronaut Hall of F
2026-05-24 01:55:44 | INFO | data_ingestion | Published headline: China’s shark finning could lead to US seafood sanctions
2026-05-24 01:55:44 | INFO | data_ingestion | Published headline: Four Russian satellites are now within striking distance of 
2026-05-24 01:55:44 | INFO | data_ingestion | Published headline: Ebola outbreak now third largest recorded and "spreading rap
2026-05-24 01:55:45 | INFO | data_ingestion | Published headline: First-generation Chromecast users stressed by devices sudden
2026-05-24 01:55:45 | INFO | data_ingestion | Published headline: Trump FCC asks public to comment on whether ABC's The View i
2026-05-24 01:55:45 | INFO | data_ingestion | Published headline: US scrambles to stop Internet users re-creating dead pilots’
2026-05-24 01:55:45 | INFO | data_ingestion | Published headline: The Boys is dead. Long live Vought Rising.
2026-05-24 01:55:45 | INFO | data_ingestion | Published headline: Police boast of hacking VPN where criminals "believed themse
2026-05-24 01:55:45 | INFO | data_ingestion | Sleeping 60s
2026-05-24 01:56:45 | INFO | data_ingestion | Starting ingestion cycle
2026-05-24 01:56:45 | INFO | data_ingestion | Fetching TechCrunch
2026-05-24 01:56:45 | INFO | data_ingestion | TechCrunch → 10 new headlines
2026-05-24 01:56:45 | INFO | data_ingestion | Fetching The Verge
2026-05-24 01:56:45 | INFO | data_ingestion | The Verge → 10 new headlines
2026-05-24 01:56:45 | INFO | data_ingestion | Fetching Wired
2026-05-24 01:56:46 | INFO | data_ingestion | Wired → 10 new headlines
2026-05-24 01:56:46 | INFO | data_ingestion | Fetching Ars Technica
2026-05-24 01:56:48 | INFO | data_ingestion | Ars Technica → 10 new headlines
2026-05-24 01:56:48 | INFO | data_ingestion | Collected 40 headlines
2026-05-24 01:56:48 | INFO | data_ingestion | Published headline: SolarSquare in talks to raise up to $60M as India’s rooftop 
2026-05-24 01:56:48 | INFO | data_ingestion | Published headline: These special phone and app features can help protect you fr
2026-05-24 01:56:48 | INFO | data_ingestion | Published headline: Ferrari is using IBM’s AI to create F1 superfans
2026-05-24 01:56:48 | INFO | data_ingestion | Published headline: Nuclear startup Deep Fission says it’s going public, again, 
2026-05-24 01:56:48 | INFO | data_ingestion | Published headline: Elon Musk has given up on solar power (on Earth)
2026-05-24 01:56:48 | INFO | data_ingestion | Published headline: Peec, one of Berlin’s rising startups, more than doubled ann
2026-05-24 01:56:48 | INFO | data_ingestion | Published headline: AI is being used to resurrect the voices of dead pilots
2026-05-24 01:56:48 | INFO | data_ingestion | Published headline: SpaceX launches Starship V3 for the first time, but loses bo
2026-05-24 01:56:48 | INFO | data_ingestion | Published headline: Blue Origin cleared to fly New Glenn mega-rocket after April
2026-05-24 01:56:48 | INFO | data_ingestion | Published headline: Google goes for the glitter with disco-ball icons: ‘Are y’al
2026-05-24 01:56:48 | INFO | data_ingestion | Published headline: The man behind the legendary MPC, Roger Linn, stays focused 
2026-05-24 01:56:48 | INFO | data_ingestion | Published headline: Here are 38 Memorial Day deals we recommend for $50 or less
2026-05-24 01:56:48 | INFO | data_ingestion | Published headline: Hanging out in my favorite virtual coffee shop in Tokyo
2026-05-24 01:56:48 | INFO | data_ingestion | Published headline: I have a new go-to browser
2026-05-24 01:56:48 | INFO | data_ingestion | Published headline: Google’s new anything-to-anything AI model is wild
2026-05-24 01:56:48 | INFO | data_ingestion | Published headline: Google&#8217;s AI search is so broken it can &#8216;disregar
2026-05-24 01:56:48 | INFO | data_ingestion | Published headline: Twelve South’s AirFly Pro 2 has hit one of its best prices a
2026-05-24 01:56:49 | INFO | data_ingestion | Published headline: Meta’s Forum is part Reddit, part Facebook, and part Google 
2026-05-24 01:56:49 | INFO | data_ingestion | Published headline: Elon, stop trying to make Grok happen
2026-05-24 01:56:49 | INFO | data_ingestion | Published headline: The best Memorial Day sales you can shop this weekend
2026-05-24 01:56:49 | INFO | data_ingestion | Published headline: Best Power Banks (2026): My Picks After Testing Over 100
2026-05-24 01:56:49 | INFO | data_ingestion | Published headline: Memorial Day Dyson Vacuum Deals: V15 Detect, Gen5Detect, Pen
2026-05-24 01:56:49 | INFO | data_ingestion | Published headline: L.L.Bean's Zip Hunter's Tote Is the Only Carryall You Need
2026-05-24 01:56:49 | INFO | data_ingestion | Published headline: Quantum ‘Jamming’ Could Help Unlock the Mysteries of Causali
2026-05-24 01:56:49 | INFO | data_ingestion | Published headline: The Best Smart Sprinklers and Irrigation Systems: In-Ground 
2026-05-24 01:56:49 | INFO | data_ingestion | Published headline: The FBI Wants ‘Near Real-Time’ Access to US License Plate Re
2026-05-24 01:56:49 | INFO | data_ingestion | Published headline: Cosmic Voids May Contain the Universe’s Best Secrets
2026-05-24 01:56:49 | INFO | data_ingestion | Published headline: Best Memorial Day Deals: Garmin, Birdfy, Branch (2026)
2026-05-24 01:56:49 | INFO | data_ingestion | Published headline: A 'Golden Orb' on the Ocean Floor Came From a Mysterious Ani
2026-05-24 01:56:49 | INFO | data_ingestion | Published headline: All Vehicles Sold in the EU Must Be Able to Hook Up to a Bre
2026-05-24 01:56:49 | INFO | data_ingestion | Published headline: SpaceX's Starship V3—still a work in progress—mostly success
2026-05-24 01:56:49 | INFO | data_ingestion | Published headline: Two space shuttle-era spacewalkers enter Astronaut Hall of F
2026-05-24 01:56:49 | INFO | data_ingestion | Published headline: China’s shark finning could lead to US seafood sanctions
2026-05-24 01:56:49 | INFO | data_ingestion | Published headline: Four Russian satellites are now within striking distance of 
2026-05-24 01:56:49 | INFO | data_ingestion | Published headline: Ebola outbreak now third largest recorded and "spreading rap
2026-05-24 01:56:49 | INFO | data_ingestion | Published headline: First-generation Chromecast users stressed by devices sudden
2026-05-24 01:56:50 | INFO | data_ingestion | Published headline: Trump FCC asks public to comment on whether ABC's The View i
2026-05-24 01:56:50 | INFO | data_ingestion | Published headline: US scrambles to stop Internet users re-creating dead pilots’
2026-05-24 01:56:50 | INFO | data_ingestion | Published headline: The Boys is dead. Long live Vought Rising.
2026-05-24 01:56:50 | INFO | data_ingestion | Published headline: Police boast of hacking VPN where criminals "believed themse
2026-05-24 01:56:50 | INFO | data_ingestion | Sleeping 60s
2026-05-24 01:57:50 | INFO | data_ingestion | Starting ingestion cycle
2026-05-24 01:57:50 | INFO | data_ingestion | Fetching TechCrunch
2026-05-24 01:57:50 | INFO | data_ingestion | TechCrunch → 10 new headlines
2026-05-24 01:57:50 | INFO | data_ingestion | Fetching The Verge
2026-05-24 01:57:50 | INFO | data_ingestion | The Verge → 10 new headlines
2026-05-24 01:57:50 | INFO | data_ingestion | Fetching Wired
2026-05-24 01:57:51 | INFO | data_ingestion | Wired → 10 new headlines
2026-05-24 01:57:51 | INFO | data_ingestion | Fetching Ars Technica
2026-05-24 01:57:53 | INFO | data_ingestion | Ars Technica → 10 new headlines
2026-05-24 01:57:53 | INFO | data_ingestion | Collected 40 headlines
2026-05-24 01:57:53 | INFO | data_ingestion | Published headline: SolarSquare in talks to raise up to $60M as India’s rooftop 
2026-05-24 01:57:53 | INFO | data_ingestion | Published headline: These special phone and app features can help protect you fr
2026-05-24 01:57:53 | INFO | data_ingestion | Published headline: Ferrari is using IBM’s AI to create F1 superfans
2026-05-24 01:57:53 | INFO | data_ingestion | Published headline: Nuclear startup Deep Fission says it’s going public, again, 
2026-05-24 01:57:53 | INFO | data_ingestion | Published headline: Elon Musk has given up on solar power (on Earth)
2026-05-24 01:57:53 | INFO | data_ingestion | Published headline: Peec, one of Berlin’s rising startups, more than doubled ann
2026-05-24 01:57:53 | INFO | data_ingestion | Published headline: AI is being used to resurrect the voices of dead pilots
2026-05-24 01:57:53 | INFO | data_ingestion | Published headline: SpaceX launches Starship V3 for the first time, but loses bo
2026-05-24 01:57:53 | INFO | data_ingestion | Published headline: Blue Origin cleared to fly New Glenn mega-rocket after April
2026-05-24 01:57:53 | INFO | data_ingestion | Published headline: Google goes for the glitter with disco-ball icons: ‘Are y’al
2026-05-24 01:57:54 | INFO | data_ingestion | Published headline: The man behind the legendary MPC, Roger Linn, stays focused 
2026-05-24 01:57:54 | INFO | data_ingestion | Published headline: Here are 38 Memorial Day deals we recommend for $50 or less
2026-05-24 01:57:54 | INFO | data_ingestion | Published headline: Hanging out in my favorite virtual coffee shop in Tokyo
2026-05-24 01:57:54 | INFO | data_ingestion | Published headline: I have a new go-to browser
2026-05-24 01:57:54 | INFO | data_ingestion | Published headline: Google’s new anything-to-anything AI model is wild
2026-05-24 01:57:54 | INFO | data_ingestion | Published headline: Google&#8217;s AI search is so broken it can &#8216;disregar
2026-05-24 01:57:54 | INFO | data_ingestion | Published headline: Twelve South’s AirFly Pro 2 has hit one of its best prices a
2026-05-24 01:57:54 | INFO | data_ingestion | Published headline: Meta’s Forum is part Reddit, part Facebook, and part Google 
2026-05-24 01:57:54 | INFO | data_ingestion | Published headline: Elon, stop trying to make Grok happen
2026-05-24 01:57:54 | INFO | data_ingestion | Published headline: The best Memorial Day sales you can shop this weekend
2026-05-24 01:57:54 | INFO | data_ingestion | Published headline: Best Power Banks (2026): My Picks After Testing Over 100
2026-05-24 01:57:54 | INFO | data_ingestion | Published headline: Memorial Day Dyson Vacuum Deals: V15 Detect, Gen5Detect, Pen
2026-05-24 01:57:54 | INFO | data_ingestion | Published headline: L.L.Bean's Zip Hunter's Tote Is the Only Carryall You Need
2026-05-24 01:57:54 | INFO | data_ingestion | Published headline: Quantum ‘Jamming’ Could Help Unlock the Mysteries of Causali
2026-05-24 01:57:54 | INFO | data_ingestion | Published headline: The Best Smart Sprinklers and Irrigation Systems: In-Ground 
2026-05-24 01:57:54 | INFO | data_ingestion | Published headline: The FBI Wants ‘Near Real-Time’ Access to US License Plate Re
2026-05-24 01:57:54 | INFO | data_ingestion | Published headline: Cosmic Voids May Contain the Universe’s Best Secrets
2026-05-24 01:57:55 | INFO | data_ingestion | Published headline: Best Memorial Day Deals: Garmin, Birdfy, Branch (2026)
2026-05-24 01:57:55 | INFO | data_ingestion | Published headline: A 'Golden Orb' on the Ocean Floor Came From a Mysterious Ani
2026-05-24 01:57:55 | INFO | data_ingestion | Published headline: All Vehicles Sold in the EU Must Be Able to Hook Up to a Bre
2026-05-24 01:57:55 | INFO | data_ingestion | Published headline: SpaceX's Starship V3—still a work in progress—mostly success
2026-05-24 01:57:55 | INFO | data_ingestion | Published headline: Two space shuttle-era spacewalkers enter Astronaut Hall of F
2026-05-24 01:57:55 | INFO | data_ingestion | Published headline: China’s shark finning could lead to US seafood sanctions
2026-05-24 01:57:55 | INFO | data_ingestion | Published headline: Four Russian satellites are now within striking distance of 
2026-05-24 01:57:55 | INFO | data_ingestion | Published headline: Ebola outbreak now third largest recorded and "spreading rap
2026-05-24 01:57:55 | INFO | data_ingestion | Published headline: First-generation Chromecast users stressed by devices sudden
2026-05-24 01:57:55 | INFO | data_ingestion | Published headline: Trump FCC asks public to comment on whether ABC's The View i
2026-05-24 01:57:55 | INFO | data_ingestion | Published headline: US scrambles to stop Internet users re-creating dead pilots’
2026-05-24 01:57:55 | INFO | data_ingestion | Published headline: The Boys is dead. Long live Vought Rising.
2026-05-24 01:57:55 | INFO | data_ingestion | Published headline: Police boast of hacking VPN where criminals "believed themse
2026-05-24 01:57:55 | INFO | data_ingestion | Sleeping 60s
2026-05-24 01:58:55 | INFO | data_ingestion | Starting ingestion cycle
2026-05-24 01:58:55 | INFO | data_ingestion | Fetching TechCrunch
2026-05-24 01:58:55 | INFO | data_ingestion | TechCrunch → 10 new headlines
2026-05-24 01:58:55 | INFO | data_ingestion | Fetching The Verge
2026-05-24 01:58:56 | INFO | data_ingestion | The Verge → 10 new headlines
2026-05-24 01:58:56 | INFO | data_ingestion | Fetching Wired
2026-05-24 01:58:56 | INFO | data_ingestion | Wired → 10 new headlines
2026-05-24 01:58:56 | INFO | data_ingestion | Fetching Ars Technica
2026-05-24 01:58:57 | INFO | data_ingestion | Ars Technica → 10 new headlines
2026-05-24 01:58:57 | INFO | data_ingestion | Collected 40 headlines
2026-05-24 01:58:57 | INFO | data_ingestion | Published headline: SolarSquare in talks to raise up to $60M as India’s rooftop 
2026-05-24 01:58:57 | INFO | data_ingestion | Published headline: These special phone and app features can help protect you fr
2026-05-24 01:58:57 | INFO | data_ingestion | Published headline: Ferrari is using IBM’s AI to create F1 superfans
2026-05-24 01:58:57 | INFO | data_ingestion | Published headline: Nuclear startup Deep Fission says it’s going public, again, 
2026-05-24 01:58:57 | INFO | data_ingestion | Published headline: Elon Musk has given up on solar power (on Earth)
2026-05-24 01:58:57 | INFO | data_ingestion | Published headline: Peec, one of Berlin’s rising startups, more than doubled ann
2026-05-24 01:58:57 | INFO | data_ingestion | Published headline: AI is being used to resurrect the voices of dead pilots
2026-05-24 01:58:57 | INFO | data_ingestion | Published headline: SpaceX launches Starship V3 for the first time, but loses bo
2026-05-24 01:58:57 | INFO | data_ingestion | Published headline: Blue Origin cleared to fly New Glenn mega-rocket after April
2026-05-24 01:58:57 | INFO | data_ingestion | Published headline: Google goes for the glitter with disco-ball icons: ‘Are y’al
2026-05-24 01:58:57 | INFO | data_ingestion | Published headline: The man behind the legendary MPC, Roger Linn, stays focused 
2026-05-24 01:58:57 | INFO | data_ingestion | Published headline: Here are 38 Memorial Day deals we recommend for $50 or less
2026-05-24 01:58:57 | INFO | data_ingestion | Published headline: Hanging out in my favorite virtual coffee shop in Tokyo
2026-05-24 01:58:57 | INFO | data_ingestion | Published headline: I have a new go-to browser
2026-05-24 01:58:57 | INFO | data_ingestion | Published headline: Google’s new anything-to-anything AI model is wild
2026-05-24 01:58:57 | INFO | data_ingestion | Published headline: Google&#8217;s AI search is so broken it can &#8216;disregar
2026-05-24 01:58:57 | INFO | data_ingestion | Published headline: Twelve South’s AirFly Pro 2 has hit one of its best prices a
2026-05-24 01:58:57 | INFO | data_ingestion | Published headline: Meta’s Forum is part Reddit, part Facebook, and part Google 
2026-05-24 01:58:58 | INFO | data_ingestion | Published headline: Elon, stop trying to make Grok happen
2026-05-24 01:58:58 | INFO | data_ingestion | Published headline: The best Memorial Day sales you can shop this weekend
2026-05-24 01:58:58 | INFO | data_ingestion | Published headline: Best Power Banks (2026): My Picks After Testing Over 100
2026-05-24 01:58:58 | INFO | data_ingestion | Published headline: Memorial Day Dyson Vacuum Deals: V15 Detect, Gen5Detect, Pen
2026-05-24 01:58:58 | INFO | data_ingestion | Published headline: L.L.Bean's Zip Hunter's Tote Is the Only Carryall You Need
2026-05-24 01:58:58 | INFO | data_ingestion | Published headline: Quantum ‘Jamming’ Could Help Unlock the Mysteries of Causali
2026-05-24 01:58:58 | INFO | data_ingestion | Published headline: The Best Smart Sprinklers and Irrigation Systems: In-Ground 
2026-05-24 01:58:58 | INFO | data_ingestion | Published headline: The FBI Wants ‘Near Real-Time’ Access to US License Plate Re
2026-05-24 01:58:58 | INFO | data_ingestion | Published headline: Cosmic Voids May Contain the Universe’s Best Secrets
2026-05-24 01:58:58 | INFO | data_ingestion | Published headline: Best Memorial Day Deals: Garmin, Birdfy, Branch (2026)
2026-05-24 01:58:58 | INFO | data_ingestion | Published headline: A 'Golden Orb' on the Ocean Floor Came From a Mysterious Ani
2026-05-24 01:58:58 | INFO | data_ingestion | Published headline: All Vehicles Sold in the EU Must Be Able to Hook Up to a Bre
2026-05-24 01:58:58 | INFO | data_ingestion | Published headline: SpaceX's Starship V3—still a work in progress—mostly success
2026-05-24 01:58:58 | INFO | data_ingestion | Published headline: Two space shuttle-era spacewalkers enter Astronaut Hall of F
2026-05-24 01:58:58 | INFO | data_ingestion | Published headline: China’s shark finning could lead to US seafood sanctions
2026-05-24 01:58:58 | INFO | data_ingestion | Published headline: Four Russian satellites are now within striking distance of 
2026-05-24 01:58:58 | INFO | data_ingestion | Published headline: Ebola outbreak now third largest recorded and "spreading rap
2026-05-24 01:58:58 | INFO | data_ingestion | Published headline: First-generation Chromecast users stressed by devices sudden
2026-05-24 01:58:58 | INFO | data_ingestion | Published headline: Trump FCC asks public to comment on whether ABC's The View i
2026-05-24 01:58:59 | INFO | data_ingestion | Published headline: US scrambles to stop Internet users re-creating dead pilots’
2026-05-24 01:58:59 | INFO | data_ingestion | Published headline: The Boys is dead. Long live Vought Rising.
2026-05-24 01:58:59 | INFO | data_ingestion | Published headline: Police boast of hacking VPN where criminals "believed themse
2026-05-24 01:58:59 | INFO | data_ingestion | Sleeping 60s
2026-05-24 01:59:59 | INFO | data_ingestion | Starting ingestion cycle
2026-05-24 01:59:59 | INFO | data_ingestion | Fetching TechCrunch
2026-05-24 01:59:59 | INFO | data_ingestion | TechCrunch → 10 new headlines
2026-05-24 01:59:59 | INFO | data_ingestion | Fetching The Verge
2026-05-24 01:59:59 | INFO | data_ingestion | The Verge → 10 new headlines
2026-05-24 01:59:59 | INFO | data_ingestion | Fetching Wired
2026-05-24 02:00:00 | INFO | data_ingestion | Wired → 10 new headlines
2026-05-24 02:00:00 | INFO | data_ingestion | Fetching Ars Technica
2026-05-24 02:00:01 | INFO | data_ingestion | Ars Technica → 10 new headlines
2026-05-24 02:00:01 | INFO | data_ingestion | Collected 40 headlines
2026-05-24 02:00:02 | INFO | data_ingestion | Published headline: SolarSquare in talks to raise up to $60M as India’s rooftop 
2026-05-24 02:00:02 | INFO | data_ingestion | Published headline: These special phone and app features can help protect you fr
2026-05-24 02:00:02 | INFO | data_ingestion | Published headline: Ferrari is using IBM’s AI to create F1 superfans
2026-05-24 02:00:02 | INFO | data_ingestion | Published headline: Nuclear startup Deep Fission says it’s going public, again, 
2026-05-24 02:00:02 | INFO | data_ingestion | Published headline: Elon Musk has given up on solar power (on Earth)
2026-05-24 02:00:02 | INFO | data_ingestion | Published headline: Peec, one of Berlin’s rising startups, more than doubled ann
2026-05-24 02:00:02 | INFO | data_ingestion | Published headline: AI is being used to resurrect the voices of dead pilots
2026-05-24 02:00:02 | INFO | data_ingestion | Published headline: SpaceX launches Starship V3 for the first time, but loses bo
2026-05-24 02:00:02 | INFO | data_ingestion | Published headline: Blue Origin cleared to fly New Glenn mega-rocket after April
2026-05-24 02:00:02 | INFO | data_ingestion | Published headline: Google goes for the glitter with disco-ball icons: ‘Are y’al
2026-05-24 02:00:02 | INFO | data_ingestion | Published headline: The man behind the legendary MPC, Roger Linn, stays focused 
2026-05-24 02:00:02 | INFO | data_ingestion | Published headline: Here are 38 Memorial Day deals we recommend for $50 or less
2026-05-24 02:00:02 | INFO | data_ingestion | Published headline: Hanging out in my favorite virtual coffee shop in Tokyo
2026-05-24 02:00:02 | INFO | data_ingestion | Published headline: I have a new go-to browser
2026-05-24 02:00:02 | INFO | data_ingestion | Published headline: Google’s new anything-to-anything AI model is wild
2026-05-24 02:00:02 | INFO | data_ingestion | Published headline: Google&#8217;s AI search is so broken it can &#8216;disregar
2026-05-24 02:00:02 | INFO | data_ingestion | Published headline: Twelve South’s AirFly Pro 2 has hit one of its best prices a
2026-05-24 02:00:02 | INFO | data_ingestion | Published headline: Meta’s Forum is part Reddit, part Facebook, and part Google 
2026-05-24 02:00:02 | INFO | data_ingestion | Published headline: Elon, stop trying to make Grok happen
2026-05-24 02:00:03 | INFO | data_ingestion | Published headline: The best Memorial Day sales you can shop this weekend
2026-05-24 02:00:03 | INFO | data_ingestion | Published headline: Best Power Banks (2026): My Picks After Testing Over 100
2026-05-24 02:00:03 | INFO | data_ingestion | Published headline: Memorial Day Dyson Vacuum Deals: V15 Detect, Gen5Detect, Pen
2026-05-24 02:00:03 | INFO | data_ingestion | Published headline: L.L.Bean's Zip Hunter's Tote Is the Only Carryall You Need
2026-05-24 02:00:03 | INFO | data_ingestion | Published headline: Quantum ‘Jamming’ Could Help Unlock the Mysteries of Causali
2026-05-24 02:00:03 | INFO | data_ingestion | Published headline: The Best Smart Sprinklers and Irrigation Systems: In-Ground 
2026-05-24 02:00:03 | INFO | data_ingestion | Published headline: The FBI Wants ‘Near Real-Time’ Access to US License Plate Re
2026-05-24 02:00:03 | INFO | data_ingestion | Published headline: Cosmic Voids May Contain the Universe’s Best Secrets
2026-05-24 02:00:03 | INFO | data_ingestion | Published headline: Best Memorial Day Deals: Garmin, Birdfy, Branch (2026)
2026-05-24 02:00:03 | INFO | data_ingestion | Published headline: A 'Golden Orb' on the Ocean Floor Came From a Mysterious Ani
2026-05-24 02:00:03 | INFO | data_ingestion | Published headline: All Vehicles Sold in the EU Must Be Able to Hook Up to a Bre
2026-05-24 02:00:03 | INFO | data_ingestion | Published headline: SpaceX's Starship V3—still a work in progress—mostly success
2026-05-24 02:00:03 | INFO | data_ingestion | Published headline: Two space shuttle-era spacewalkers enter Astronaut Hall of F
2026-05-24 02:00:03 | INFO | data_ingestion | Published headline: China’s shark finning could lead to US seafood sanctions
2026-05-24 02:00:03 | INFO | data_ingestion | Published headline: Four Russian satellites are now within striking distance of 
2026-05-24 02:00:03 | INFO | data_ingestion | Published headline: Ebola outbreak now third largest recorded and "spreading rap
2026-05-24 02:00:03 | INFO | data_ingestion | Published headline: First-generation Chromecast users stressed by devices sudden
2026-05-24 02:00:03 | INFO | data_ingestion | Published headline: Trump FCC asks public to comment on whether ABC's The View i
2026-05-24 02:00:04 | INFO | data_ingestion | Published headline: US scrambles to stop Internet users re-creating dead pilots’
2026-05-24 02:00:04 | INFO | data_ingestion | Published headline: The Boys is dead. Long live Vought Rising.
2026-05-24 02:00:04 | INFO | data_ingestion | Published headline: Police boast of hacking VPN where criminals "believed themse
2026-05-24 02:00:04 | INFO | data_ingestion | Sleeping 60s
2026-05-24 02:01:03 | INFO | data_ingestion | 🚀 Realtime ingestion started
2026-05-24 02:01:03 | INFO | data_ingestion | Starting ingestion cycle
2026-05-24 02:01:03 | INFO | data_ingestion | Fetching TechCrunch
2026-05-24 02:01:04 | INFO | data_ingestion | TechCrunch → 10 new headlines
2026-05-24 02:01:04 | INFO | data_ingestion | Fetching The Verge
2026-05-24 02:01:04 | INFO | data_ingestion | The Verge → 10 new headlines
2026-05-24 02:01:04 | INFO | data_ingestion | Fetching Wired
2026-05-24 02:01:04 | INFO | data_ingestion | Wired → 10 new headlines
2026-05-24 02:01:04 | INFO | data_ingestion | Fetching Ars Technica
2026-05-24 02:01:05 | INFO | data_ingestion | Ars Technica → 10 new headlines
2026-05-24 02:01:05 | INFO | data_ingestion | Collected 40 headlines
2026-05-24 02:01:05 | INFO | data_ingestion | Published headline: SolarSquare in talks to raise up to $60M as India’s rooftop 
2026-05-24 02:01:05 | INFO | data_ingestion | Published headline: These special phone and app features can help protect you fr
2026-05-24 02:01:05 | INFO | data_ingestion | Published headline: Ferrari is using IBM’s AI to create F1 superfans
2026-05-24 02:01:05 | INFO | data_ingestion | Published headline: Nuclear startup Deep Fission says it’s going public, again, 
2026-05-24 02:01:05 | INFO | data_ingestion | Published headline: Elon Musk has given up on solar power (on Earth)
2026-05-24 02:01:05 | INFO | data_ingestion | Published headline: Peec, one of Berlin’s rising startups, more than doubled ann
2026-05-24 02:01:05 | INFO | data_ingestion | Published headline: AI is being used to resurrect the voices of dead pilots
2026-05-24 02:01:05 | INFO | data_ingestion | Published headline: SpaceX launches Starship V3 for the first time, but loses bo
2026-05-24 02:01:05 | INFO | data_ingestion | Published headline: Blue Origin cleared to fly New Glenn mega-rocket after April
2026-05-24 02:01:06 | INFO | data_ingestion | Published headline: Google goes for the glitter with disco-ball icons: ‘Are y’al
2026-05-24 02:01:06 | INFO | data_ingestion | Published headline: The man behind the legendary MPC, Roger Linn, stays focused 
2026-05-24 02:01:06 | INFO | data_ingestion | Published headline: Here are 38 Memorial Day deals we recommend for $50 or less
2026-05-24 02:01:06 | INFO | data_ingestion | Published headline: Hanging out in my favorite virtual coffee shop in Tokyo
2026-05-24 02:01:06 | INFO | data_ingestion | Published headline: I have a new go-to browser
2026-05-24 02:01:06 | INFO | data_ingestion | Published headline: Google’s new anything-to-anything AI model is wild
2026-05-24 02:01:06 | INFO | data_ingestion | Published headline: Google&#8217;s AI search is so broken it can &#8216;disregar
2026-05-24 02:01:06 | INFO | data_ingestion | Published headline: Twelve South’s AirFly Pro 2 has hit one of its best prices a
2026-05-24 02:01:06 | INFO | data_ingestion | Published headline: Meta’s Forum is part Reddit, part Facebook, and part Google 
2026-05-24 02:01:06 | INFO | data_ingestion | Published headline: Elon, stop trying to make Grok happen
2026-05-24 02:01:06 | INFO | data_ingestion | Published headline: The best Memorial Day sales you can shop this weekend
2026-05-24 02:01:06 | INFO | data_ingestion | Published headline: Best Power Banks (2026): My Picks After Testing Over 100
2026-05-24 02:01:06 | INFO | data_ingestion | Published headline: Memorial Day Dyson Vacuum Deals: V15 Detect, Gen5Detect, Pen
2026-05-24 02:01:06 | INFO | data_ingestion | Published headline: L.L.Bean's Zip Hunter's Tote Is the Only Carryall You Need
2026-05-24 02:01:06 | INFO | data_ingestion | Published headline: Quantum ‘Jamming’ Could Help Unlock the Mysteries of Causali
2026-05-24 02:01:06 | INFO | data_ingestion | Published headline: The Best Smart Sprinklers and Irrigation Systems: In-Ground 
2026-05-24 02:01:06 | INFO | data_ingestion | Published headline: The FBI Wants ‘Near Real-Time’ Access to US License Plate Re
2026-05-24 02:01:06 | INFO | data_ingestion | Published headline: Cosmic Voids May Contain the Universe’s Best Secrets
2026-05-24 02:01:06 | INFO | data_ingestion | Published headline: Best Memorial Day Deals: Garmin, Birdfy, Branch (2026)
2026-05-24 02:01:07 | INFO | data_ingestion | Published headline: A 'Golden Orb' on the Ocean Floor Came From a Mysterious Ani
2026-05-24 02:01:07 | INFO | data_ingestion | Published headline: All Vehicles Sold in the EU Must Be Able to Hook Up to a Bre
2026-05-24 02:01:07 | INFO | data_ingestion | Published headline: SpaceX's Starship V3—still a work in progress—mostly success
2026-05-24 02:01:07 | INFO | data_ingestion | Published headline: Two space shuttle-era spacewalkers enter Astronaut Hall of F
2026-05-24 02:01:07 | INFO | data_ingestion | Published headline: China’s shark finning could lead to US seafood sanctions
2026-05-24 02:01:07 | INFO | data_ingestion | Published headline: Four Russian satellites are now within striking distance of 
2026-05-24 02:01:07 | INFO | data_ingestion | Published headline: Ebola outbreak now third largest recorded and "spreading rap
2026-05-24 02:01:07 | INFO | data_ingestion | Published headline: First-generation Chromecast users stressed by devices sudden
2026-05-24 02:01:07 | INFO | data_ingestion | Published headline: Trump FCC asks public to comment on whether ABC's The View i
2026-05-24 02:01:07 | INFO | data_ingestion | Published headline: US scrambles to stop Internet users re-creating dead pilots’
2026-05-24 02:01:07 | INFO | data_ingestion | Published headline: The Boys is dead. Long live Vought Rising.
2026-05-24 02:01:07 | INFO | data_ingestion | Published headline: Police boast of hacking VPN where criminals "believed themse
2026-05-24 02:01:07 | INFO | data_ingestion | Sleeping 60s
2026-05-24 02:02:07 | INFO | data_ingestion | Starting ingestion cycle
2026-05-24 02:02:07 | INFO | data_ingestion | Fetching TechCrunch
2026-05-24 02:02:07 | INFO | data_ingestion | TechCrunch → 10 new headlines
2026-05-24 02:02:07 | INFO | data_ingestion | Fetching The Verge
2026-05-24 02:02:08 | INFO | data_ingestion | The Verge → 10 new headlines
2026-05-24 02:02:08 | INFO | data_ingestion | Fetching Wired
2026-05-24 02:02:08 | INFO | data_ingestion | Wired → 10 new headlines
2026-05-24 02:02:08 | INFO | data_ingestion | Fetching Ars Technica
2026-05-24 02:02:10 | INFO | data_ingestion | Ars Technica → 10 new headlines
2026-05-24 02:02:10 | INFO | data_ingestion | Collected 40 headlines
2026-05-24 02:02:10 | INFO | data_ingestion | Published headline: SolarSquare in talks to raise up to $60M as India’s rooftop 
2026-05-24 02:02:10 | INFO | data_ingestion | Published headline: These special phone and app features can help protect you fr
2026-05-24 02:02:10 | INFO | data_ingestion | Published headline: Ferrari is using IBM’s AI to create F1 superfans
2026-05-24 02:02:10 | INFO | data_ingestion | Published headline: Nuclear startup Deep Fission says it’s going public, again, 
2026-05-24 02:02:11 | INFO | data_ingestion | Published headline: Elon Musk has given up on solar power (on Earth)
2026-05-24 02:02:11 | INFO | data_ingestion | Published headline: Peec, one of Berlin’s rising startups, more than doubled ann
2026-05-24 02:02:11 | INFO | data_ingestion | Published headline: AI is being used to resurrect the voices of dead pilots
2026-05-24 02:02:11 | INFO | data_ingestion | Published headline: SpaceX launches Starship V3 for the first time, but loses bo
2026-05-24 02:02:11 | INFO | data_ingestion | Published headline: Blue Origin cleared to fly New Glenn mega-rocket after April
2026-05-24 02:02:11 | INFO | data_ingestion | Published headline: Google goes for the glitter with disco-ball icons: ‘Are y’al
2026-05-24 02:02:11 | INFO | data_ingestion | Published headline: The man behind the legendary MPC, Roger Linn, stays focused 
2026-05-24 02:02:11 | INFO | data_ingestion | Published headline: Here are 38 Memorial Day deals we recommend for $50 or less
2026-05-24 02:02:11 | INFO | data_ingestion | Published headline: Hanging out in my favorite virtual coffee shop in Tokyo
2026-05-24 02:02:11 | INFO | data_ingestion | Published headline: I have a new go-to browser
2026-05-24 02:02:11 | INFO | data_ingestion | Published headline: Google’s new anything-to-anything AI model is wild
2026-05-24 02:02:11 | INFO | data_ingestion | Published headline: Google&#8217;s AI search is so broken it can &#8216;disregar
2026-05-24 02:02:11 | INFO | data_ingestion | Published headline: Twelve South’s AirFly Pro 2 has hit one of its best prices a
2026-05-24 02:02:11 | INFO | data_ingestion | Published headline: Meta’s Forum is part Reddit, part Facebook, and part Google 
2026-05-24 02:02:11 | INFO | data_ingestion | Published headline: Elon, stop trying to make Grok happen
2026-05-24 02:02:11 | INFO | data_ingestion | Published headline: The best Memorial Day sales you can shop this weekend
2026-05-24 02:02:11 | INFO | data_ingestion | Published headline: Best Power Banks (2026): My Picks After Testing Over 100
2026-05-24 02:02:11 | INFO | data_ingestion | Published headline: Memorial Day Dyson Vacuum Deals: V15 Detect, Gen5Detect, Pen
2026-05-24 02:02:12 | INFO | data_ingestion | Published headline: L.L.Bean's Zip Hunter's Tote Is the Only Carryall You Need
2026-05-24 02:02:12 | INFO | data_ingestion | Published headline: Quantum ‘Jamming’ Could Help Unlock the Mysteries of Causali
2026-05-24 02:02:12 | INFO | data_ingestion | Published headline: The Best Smart Sprinklers and Irrigation Systems: In-Ground 
2026-05-24 02:02:12 | INFO | data_ingestion | Published headline: The FBI Wants ‘Near Real-Time’ Access to US License Plate Re
2026-05-24 02:02:12 | INFO | data_ingestion | Published headline: Cosmic Voids May Contain the Universe’s Best Secrets
2026-05-24 02:02:12 | INFO | data_ingestion | Published headline: Best Memorial Day Deals: Garmin, Birdfy, Branch (2026)
2026-05-24 02:02:12 | INFO | data_ingestion | Published headline: A 'Golden Orb' on the Ocean Floor Came From a Mysterious Ani
2026-05-24 02:02:12 | INFO | data_ingestion | Published headline: All Vehicles Sold in the EU Must Be Able to Hook Up to a Bre
2026-05-24 02:02:12 | INFO | data_ingestion | Published headline: SpaceX's Starship V3—still a work in progress—mostly success
2026-05-24 02:02:12 | INFO | data_ingestion | Published headline: Two space shuttle-era spacewalkers enter Astronaut Hall of F
2026-05-24 02:02:12 | INFO | data_ingestion | Published headline: China’s shark finning could lead to US seafood sanctions
2026-05-24 02:02:12 | INFO | data_ingestion | Published headline: Four Russian satellites are now within striking distance of 
2026-05-24 02:02:12 | INFO | data_ingestion | Published headline: Ebola outbreak now third largest recorded and "spreading rap
2026-05-24 02:02:12 | INFO | data_ingestion | Published headline: First-generation Chromecast users stressed by devices sudden
2026-05-24 02:02:12 | INFO | data_ingestion | Published headline: Trump FCC asks public to comment on whether ABC's The View i
2026-05-24 02:02:12 | INFO | data_ingestion | Published headline: US scrambles to stop Internet users re-creating dead pilots’
2026-05-24 02:02:12 | INFO | data_ingestion | Published headline: The Boys is dead. Long live Vought Rising.
2026-05-24 02:02:12 | INFO | data_ingestion | Published headline: Police boast of hacking VPN where criminals "believed themse
2026-05-24 02:02:12 | INFO | data_ingestion | Sleeping 60s
2026-05-24 02:03:12 | INFO | data_ingestion | Starting ingestion cycle
2026-05-24 02:03:12 | INFO | data_ingestion | Fetching TechCrunch
2026-05-24 02:03:13 | INFO | data_ingestion | TechCrunch → 10 new headlines
2026-05-24 02:03:13 | INFO | data_ingestion | Fetching The Verge
2026-05-24 02:03:13 | INFO | data_ingestion | The Verge → 10 new headlines
2026-05-24 02:03:13 | INFO | data_ingestion | Fetching Wired
2026-05-24 02:03:13 | INFO | data_ingestion | Wired → 10 new headlines
2026-05-24 02:03:13 | INFO | data_ingestion | Fetching Ars Technica
2026-05-24 02:03:15 | INFO | data_ingestion | Ars Technica → 10 new headlines
2026-05-24 02:03:15 | INFO | data_ingestion | Collected 40 headlines
2026-05-24 02:03:15 | INFO | data_ingestion | Published headline: SolarSquare in talks to raise up to $60M as India’s rooftop 
2026-05-24 02:03:16 | INFO | data_ingestion | Published headline: These special phone and app features can help protect you fr
2026-05-24 02:03:16 | INFO | data_ingestion | Published headline: Ferrari is using IBM’s AI to create F1 superfans
2026-05-24 02:03:16 | INFO | data_ingestion | Published headline: Nuclear startup Deep Fission says it’s going public, again, 
2026-05-24 02:03:16 | INFO | data_ingestion | Published headline: Elon Musk has given up on solar power (on Earth)
2026-05-24 02:03:16 | INFO | data_ingestion | Published headline: Peec, one of Berlin’s rising startups, more than doubled ann
2026-05-24 02:03:16 | INFO | data_ingestion | Published headline: AI is being used to resurrect the voices of dead pilots
2026-05-24 02:03:16 | INFO | data_ingestion | Published headline: SpaceX launches Starship V3 for the first time, but loses bo
2026-05-24 02:03:16 | INFO | data_ingestion | Published headline: Blue Origin cleared to fly New Glenn mega-rocket after April
2026-05-24 02:03:16 | INFO | data_ingestion | Published headline: Google goes for the glitter with disco-ball icons: ‘Are y’al
2026-05-24 02:03:16 | INFO | data_ingestion | Published headline: The man behind the legendary MPC, Roger Linn, stays focused 
2026-05-24 02:03:16 | INFO | data_ingestion | Published headline: Here are 38 Memorial Day deals we recommend for $50 or less
2026-05-24 02:03:16 | INFO | data_ingestion | Published headline: Hanging out in my favorite virtual coffee shop in Tokyo
2026-05-24 02:03:16 | INFO | data_ingestion | Published headline: I have a new go-to browser
2026-05-24 02:03:16 | INFO | data_ingestion | Published headline: Google’s new anything-to-anything AI model is wild
2026-05-24 02:03:16 | INFO | data_ingestion | Published headline: Google&#8217;s AI search is so broken it can &#8216;disregar
2026-05-24 02:03:16 | INFO | data_ingestion | Published headline: Twelve South’s AirFly Pro 2 has hit one of its best prices a
2026-05-24 02:03:16 | INFO | data_ingestion | Published headline: Meta’s Forum is part Reddit, part Facebook, and part Google 
2026-05-24 02:03:16 | INFO | data_ingestion | Published headline: Elon, stop trying to make Grok happen
2026-05-24 02:03:17 | INFO | data_ingestion | Published headline: The best Memorial Day sales you can shop this weekend
2026-05-24 02:03:17 | INFO | data_ingestion | Published headline: Best Power Banks (2026): My Picks After Testing Over 100
2026-05-24 02:03:17 | INFO | data_ingestion | Published headline: Memorial Day Dyson Vacuum Deals: V15 Detect, Gen5Detect, Pen
2026-05-24 02:03:17 | INFO | data_ingestion | Published headline: L.L.Bean's Zip Hunter's Tote Is the Only Carryall You Need
2026-05-24 02:03:17 | INFO | data_ingestion | Published headline: Quantum ‘Jamming’ Could Help Unlock the Mysteries of Causali
2026-05-24 02:03:17 | INFO | data_ingestion | Published headline: The Best Smart Sprinklers and Irrigation Systems: In-Ground 
2026-05-24 02:03:17 | INFO | data_ingestion | Published headline: The FBI Wants ‘Near Real-Time’ Access to US License Plate Re
2026-05-24 02:03:17 | INFO | data_ingestion | Published headline: Cosmic Voids May Contain the Universe’s Best Secrets
2026-05-24 02:03:17 | INFO | data_ingestion | Published headline: Best Memorial Day Deals: Garmin, Birdfy, Branch (2026)
2026-05-24 02:03:17 | INFO | data_ingestion | Published headline: A 'Golden Orb' on the Ocean Floor Came From a Mysterious Ani
2026-05-24 02:03:17 | INFO | data_ingestion | Published headline: All Vehicles Sold in the EU Must Be Able to Hook Up to a Bre
2026-05-24 02:03:17 | INFO | data_ingestion | Published headline: SpaceX's Starship V3—still a work in progress—mostly success
2026-05-24 02:03:17 | INFO | data_ingestion | Published headline: Two space shuttle-era spacewalkers enter Astronaut Hall of F
2026-05-24 02:03:17 | INFO | data_ingestion | Published headline: China’s shark finning could lead to US seafood sanctions
2026-05-24 02:03:17 | INFO | data_ingestion | Published headline: Four Russian satellites are now within striking distance of 
2026-05-24 02:03:17 | INFO | data_ingestion | Published headline: Ebola outbreak now third largest recorded and "spreading rap
2026-05-24 02:03:17 | INFO | data_ingestion | Published headline: First-generation Chromecast users stressed by devices sudden
2026-05-24 02:03:17 | INFO | data_ingestion | Published headline: Trump FCC asks public to comment on whether ABC's The View i
2026-05-24 02:03:17 | INFO | data_ingestion | Published headline: US scrambles to stop Internet users re-creating dead pilots’
2026-05-24 02:03:18 | INFO | data_ingestion | Published headline: The Boys is dead. Long live Vought Rising.
2026-05-24 02:03:18 | INFO | data_ingestion | Published headline: Police boast of hacking VPN where criminals "believed themse
2026-05-24 02:03:18 | INFO | data_ingestion | Sleeping 60s
2026-05-24 02:04:18 | INFO | data_ingestion | Starting ingestion cycle
2026-05-24 02:04:18 | INFO | data_ingestion | Fetching TechCrunch
2026-05-24 02:04:18 | INFO | data_ingestion | TechCrunch → 10 new headlines
2026-05-24 02:04:18 | INFO | data_ingestion | Fetching The Verge
2026-05-24 02:04:19 | INFO | data_ingestion | The Verge → 10 new headlines
2026-05-24 02:04:19 | INFO | data_ingestion | Fetching Wired
2026-05-24 02:04:19 | INFO | data_ingestion | Wired → 10 new headlines
2026-05-24 02:04:19 | INFO | data_ingestion | Fetching Ars Technica
2026-05-24 02:04:19 | INFO | data_ingestion | Ars Technica → 10 new headlines
2026-05-24 02:04:19 | INFO | data_ingestion | Collected 40 headlines
2026-05-24 02:04:19 | INFO | data_ingestion | Published headline: SolarSquare in talks to raise up to $60M as India’s rooftop 
2026-05-24 02:04:19 | INFO | data_ingestion | Published headline: These special phone and app features can help protect you fr
2026-05-24 02:04:20 | INFO | data_ingestion | Published headline: Ferrari is using IBM’s AI to create F1 superfans
2026-05-24 02:04:20 | INFO | data_ingestion | Published headline: Nuclear startup Deep Fission says it’s going public, again, 
2026-05-24 02:04:20 | INFO | data_ingestion | Published headline: Elon Musk has given up on solar power (on Earth)
2026-05-24 02:04:20 | INFO | data_ingestion | Published headline: Peec, one of Berlin’s rising startups, more than doubled ann
2026-05-24 02:04:20 | INFO | data_ingestion | Published headline: AI is being used to resurrect the voices of dead pilots
2026-05-24 02:04:20 | INFO | data_ingestion | Published headline: SpaceX launches Starship V3 for the first time, but loses bo
2026-05-24 02:04:20 | INFO | data_ingestion | Published headline: Blue Origin cleared to fly New Glenn mega-rocket after April
2026-05-24 02:04:20 | INFO | data_ingestion | Published headline: Google goes for the glitter with disco-ball icons: ‘Are y’al
2026-05-24 02:04:20 | INFO | data_ingestion | Published headline: The man behind the legendary MPC, Roger Linn, stays focused 
2026-05-24 02:04:20 | INFO | data_ingestion | Published headline: Here are 38 Memorial Day deals we recommend for $50 or less
2026-05-24 02:04:20 | INFO | data_ingestion | Published headline: Hanging out in my favorite virtual coffee shop in Tokyo
2026-05-24 02:04:20 | INFO | data_ingestion | Published headline: I have a new go-to browser
2026-05-24 02:04:20 | INFO | data_ingestion | Published headline: Google’s new anything-to-anything AI model is wild
2026-05-24 02:04:20 | INFO | data_ingestion | Published headline: Google&#8217;s AI search is so broken it can &#8216;disregar
2026-05-24 02:04:20 | INFO | data_ingestion | Published headline: Twelve South’s AirFly Pro 2 has hit one of its best prices a
2026-05-24 02:04:20 | INFO | data_ingestion | Published headline: Meta’s Forum is part Reddit, part Facebook, and part Google 
2026-05-24 02:04:20 | INFO | data_ingestion | Published headline: Elon, stop trying to make Grok happen
2026-05-24 02:04:20 | INFO | data_ingestion | Published headline: The best Memorial Day sales you can shop this weekend
2026-05-24 02:04:20 | INFO | data_ingestion | Published headline: Best Power Banks (2026): My Picks After Testing Over 100
2026-05-24 02:04:21 | INFO | data_ingestion | Published headline: Memorial Day Dyson Vacuum Deals: V15 Detect, Gen5Detect, Pen
2026-05-24 02:04:21 | INFO | data_ingestion | Published headline: L.L.Bean's Zip Hunter's Tote Is the Only Carryall You Need
2026-05-24 02:04:21 | INFO | data_ingestion | Published headline: Quantum ‘Jamming’ Could Help Unlock the Mysteries of Causali
2026-05-24 02:04:21 | INFO | data_ingestion | Published headline: The Best Smart Sprinklers and Irrigation Systems: In-Ground 
2026-05-24 02:04:21 | INFO | data_ingestion | Published headline: The FBI Wants ‘Near Real-Time’ Access to US License Plate Re
2026-05-24 02:04:21 | INFO | data_ingestion | Published headline: Cosmic Voids May Contain the Universe’s Best Secrets
2026-05-24 02:04:21 | INFO | data_ingestion | Published headline: Best Memorial Day Deals: Garmin, Birdfy, Branch (2026)
2026-05-24 02:04:21 | INFO | data_ingestion | Published headline: A 'Golden Orb' on the Ocean Floor Came From a Mysterious Ani
2026-05-24 02:04:21 | INFO | data_ingestion | Published headline: All Vehicles Sold in the EU Must Be Able to Hook Up to a Bre
2026-05-24 02:04:21 | INFO | data_ingestion | Published headline: SpaceX's Starship V3—still a work in progress—mostly success
2026-05-24 02:04:21 | INFO | data_ingestion | Published headline: Two space shuttle-era spacewalkers enter Astronaut Hall of F
2026-05-24 02:04:21 | INFO | data_ingestion | Published headline: China’s shark finning could lead to US seafood sanctions
2026-05-24 02:04:21 | INFO | data_ingestion | Published headline: Four Russian satellites are now within striking distance of 
2026-05-24 02:04:21 | INFO | data_ingestion | Published headline: Ebola outbreak now third largest recorded and "spreading rap
2026-05-24 02:04:21 | INFO | data_ingestion | Published headline: First-generation Chromecast users stressed by devices sudden
2026-05-24 02:04:21 | INFO | data_ingestion | Published headline: Trump FCC asks public to comment on whether ABC's The View i
2026-05-24 02:04:21 | INFO | data_ingestion | Published headline: US scrambles to stop Internet users re-creating dead pilots’
2026-05-24 02:04:21 | INFO | data_ingestion | Published headline: The Boys is dead. Long live Vought Rising.
2026-05-24 02:04:22 | INFO | data_ingestion | Published headline: Police boast of hacking VPN where criminals "believed themse
2026-05-24 02:04:22 | INFO | data_ingestion | Sleeping 60s
2026-05-24 02:05:22 | INFO | data_ingestion | Starting ingestion cycle
2026-05-24 02:05:22 | INFO | data_ingestion | Fetching TechCrunch
2026-05-24 02:05:22 | INFO | data_ingestion | TechCrunch → 10 new headlines
2026-05-24 02:05:22 | INFO | data_ingestion | Fetching The Verge
2026-05-24 02:05:22 | INFO | data_ingestion | The Verge → 10 new headlines
2026-05-24 02:05:22 | INFO | data_ingestion | Fetching Wired
2026-05-24 02:05:22 | INFO | data_ingestion | Wired → 10 new headlines
2026-05-24 02:05:22 | INFO | data_ingestion | Fetching Ars Technica
2026-05-24 02:05:23 | INFO | data_ingestion | Ars Technica → 10 new headlines
2026-05-24 02:05:23 | INFO | data_ingestion | Collected 40 headlines
2026-05-24 02:05:23 | INFO | data_ingestion | Published headline: SolarSquare in talks to raise up to $60M as India’s rooftop 
2026-05-24 02:05:23 | INFO | data_ingestion | Published headline: These special phone and app features can help protect you fr
2026-05-24 02:05:23 | INFO | data_ingestion | Published headline: Ferrari is using IBM’s AI to create F1 superfans
2026-05-24 02:05:23 | INFO | data_ingestion | Published headline: Nuclear startup Deep Fission says it’s going public, again, 
2026-05-24 02:05:23 | INFO | data_ingestion | Published headline: Elon Musk has given up on solar power (on Earth)
2026-05-24 02:05:23 | INFO | data_ingestion | Published headline: Peec, one of Berlin’s rising startups, more than doubled ann
2026-05-24 02:05:23 | INFO | data_ingestion | Published headline: AI is being used to resurrect the voices of dead pilots
2026-05-24 02:05:24 | INFO | data_ingestion | Published headline: SpaceX launches Starship V3 for the first time, but loses bo
2026-05-24 02:05:24 | INFO | data_ingestion | Published headline: Blue Origin cleared to fly New Glenn mega-rocket after April
2026-05-24 02:05:24 | INFO | data_ingestion | Published headline: Google goes for the glitter with disco-ball icons: ‘Are y’al
2026-05-24 02:05:24 | INFO | data_ingestion | Published headline: The man behind the legendary MPC, Roger Linn, stays focused 
2026-05-24 02:05:24 | INFO | data_ingestion | Published headline: Here are 38 Memorial Day deals we recommend for $50 or less
2026-05-24 02:05:24 | INFO | data_ingestion | Published headline: Hanging out in my favorite virtual coffee shop in Tokyo
2026-05-24 02:05:24 | INFO | data_ingestion | Published headline: I have a new go-to browser
2026-05-24 02:05:24 | INFO | data_ingestion | Published headline: Google’s new anything-to-anything AI model is wild
2026-05-24 02:05:24 | INFO | data_ingestion | Published headline: Google&#8217;s AI search is so broken it can &#8216;disregar
2026-05-24 02:05:24 | INFO | data_ingestion | Published headline: Twelve South’s AirFly Pro 2 has hit one of its best prices a
2026-05-24 02:05:24 | INFO | data_ingestion | Published headline: Meta’s Forum is part Reddit, part Facebook, and part Google 
2026-05-24 02:05:24 | INFO | data_ingestion | Published headline: Elon, stop trying to make Grok happen
2026-05-24 02:05:24 | INFO | data_ingestion | Published headline: The best Memorial Day sales you can shop this weekend
2026-05-24 02:05:24 | INFO | data_ingestion | Published headline: Best Power Banks (2026): My Picks After Testing Over 100
2026-05-24 02:05:24 | INFO | data_ingestion | Published headline: Memorial Day Dyson Vacuum Deals: V15 Detect, Gen5Detect, Pen
2026-05-24 02:05:24 | INFO | data_ingestion | Published headline: L.L.Bean's Zip Hunter's Tote Is the Only Carryall You Need
2026-05-24 02:05:24 | INFO | data_ingestion | Published headline: Quantum ‘Jamming’ Could Help Unlock the Mysteries of Causali
2026-05-24 02:05:24 | INFO | data_ingestion | Published headline: The Best Smart Sprinklers and Irrigation Systems: In-Ground 
2026-05-24 02:05:24 | INFO | data_ingestion | Published headline: The FBI Wants ‘Near Real-Time’ Access to US License Plate Re
2026-05-24 02:05:25 | INFO | data_ingestion | Published headline: Cosmic Voids May Contain the Universe’s Best Secrets
2026-05-24 02:05:25 | INFO | data_ingestion | Published headline: Best Memorial Day Deals: Garmin, Birdfy, Branch (2026)
2026-05-24 02:05:25 | INFO | data_ingestion | Published headline: A 'Golden Orb' on the Ocean Floor Came From a Mysterious Ani
2026-05-24 02:05:25 | INFO | data_ingestion | Published headline: All Vehicles Sold in the EU Must Be Able to Hook Up to a Bre
2026-05-24 02:05:25 | INFO | data_ingestion | Published headline: SpaceX's Starship V3—still a work in progress—mostly success
2026-05-24 02:05:25 | INFO | data_ingestion | Published headline: Two space shuttle-era spacewalkers enter Astronaut Hall of F
2026-05-24 02:05:25 | INFO | data_ingestion | Published headline: China’s shark finning could lead to US seafood sanctions
2026-05-24 02:05:25 | INFO | data_ingestion | Published headline: Four Russian satellites are now within striking distance of 
2026-05-24 02:05:25 | INFO | data_ingestion | Published headline: Ebola outbreak now third largest recorded and "spreading rap
2026-05-24 02:05:25 | INFO | data_ingestion | Published headline: First-generation Chromecast users stressed by devices sudden
2026-05-24 02:05:25 | INFO | data_ingestion | Published headline: Trump FCC asks public to comment on whether ABC's The View i
2026-05-24 02:05:25 | INFO | data_ingestion | Published headline: US scrambles to stop Internet users re-creating dead pilots’
2026-05-24 02:05:25 | INFO | data_ingestion | Published headline: The Boys is dead. Long live Vought Rising.
2026-05-24 02:05:25 | INFO | data_ingestion | Published headline: Police boast of hacking VPN where criminals "believed themse
2026-05-24 02:05:25 | INFO | data_ingestion | Sleeping 60s
2026-05-24 02:06:25 | INFO | data_ingestion | Starting ingestion cycle
2026-05-24 02:06:25 | INFO | data_ingestion | Fetching TechCrunch
2026-05-24 02:06:25 | INFO | data_ingestion | TechCrunch → 10 new headlines
2026-05-24 02:06:25 | INFO | data_ingestion | Fetching The Verge
2026-05-24 02:06:26 | INFO | data_ingestion | The Verge → 10 new headlines
2026-05-24 02:06:26 | INFO | data_ingestion | Fetching Wired
2026-05-24 02:06:26 | INFO | data_ingestion | Wired → 10 new headlines
2026-05-24 02:06:26 | INFO | data_ingestion | Fetching Ars Technica
2026-05-24 02:06:28 | INFO | data_ingestion | Ars Technica → 10 new headlines
2026-05-24 02:06:28 | INFO | data_ingestion | Collected 40 headlines
2026-05-24 02:06:28 | INFO | data_ingestion | Published headline: SolarSquare in talks to raise up to $60M as India’s rooftop 
2026-05-24 02:06:28 | INFO | data_ingestion | Published headline: These special phone and app features can help protect you fr
2026-05-24 02:06:28 | INFO | data_ingestion | Published headline: Ferrari is using IBM’s AI to create F1 superfans
2026-05-24 02:06:28 | INFO | data_ingestion | Published headline: Nuclear startup Deep Fission says it’s going public, again, 
2026-05-24 02:06:28 | INFO | data_ingestion | Published headline: Elon Musk has given up on solar power (on Earth)
2026-05-24 02:06:28 | INFO | data_ingestion | Published headline: Peec, one of Berlin’s rising startups, more than doubled ann
2026-05-24 02:06:28 | INFO | data_ingestion | Published headline: AI is being used to resurrect the voices of dead pilots
2026-05-24 02:06:29 | INFO | data_ingestion | Published headline: SpaceX launches Starship V3 for the first time, but loses bo
2026-05-24 02:06:29 | INFO | data_ingestion | Published headline: Blue Origin cleared to fly New Glenn mega-rocket after April
2026-05-24 02:06:29 | INFO | data_ingestion | Published headline: Google goes for the glitter with disco-ball icons: ‘Are y’al
2026-05-24 02:06:29 | INFO | data_ingestion | Published headline: The man behind the legendary MPC, Roger Linn, stays focused 
2026-05-24 02:06:29 | INFO | data_ingestion | Published headline: Here are 38 Memorial Day deals we recommend for $50 or less
2026-05-24 02:06:29 | INFO | data_ingestion | Published headline: Hanging out in my favorite virtual coffee shop in Tokyo
2026-05-24 02:06:29 | INFO | data_ingestion | Published headline: I have a new go-to browser
2026-05-24 02:06:29 | INFO | data_ingestion | Published headline: Google’s new anything-to-anything AI model is wild
2026-05-24 02:06:29 | INFO | data_ingestion | Published headline: Google&#8217;s AI search is so broken it can &#8216;disregar
2026-05-24 02:06:29 | INFO | data_ingestion | Published headline: Twelve South’s AirFly Pro 2 has hit one of its best prices a
2026-05-24 02:06:29 | INFO | data_ingestion | Published headline: Meta’s Forum is part Reddit, part Facebook, and part Google 
2026-05-24 02:06:29 | INFO | data_ingestion | Published headline: Elon, stop trying to make Grok happen
2026-05-24 02:06:29 | INFO | data_ingestion | Published headline: The best Memorial Day sales you can shop this weekend
2026-05-24 02:06:29 | INFO | data_ingestion | Published headline: Best Power Banks (2026): My Picks After Testing Over 100
2026-05-24 02:06:29 | INFO | data_ingestion | Published headline: Memorial Day Dyson Vacuum Deals: V15 Detect, Gen5Detect, Pen
2026-05-24 02:06:29 | INFO | data_ingestion | Published headline: L.L.Bean's Zip Hunter's Tote Is the Only Carryall You Need
2026-05-24 02:06:29 | INFO | data_ingestion | Published headline: Quantum ‘Jamming’ Could Help Unlock the Mysteries of Causali
2026-05-24 02:06:29 | INFO | data_ingestion | Published headline: The Best Smart Sprinklers and Irrigation Systems: In-Ground 
2026-05-24 02:06:29 | INFO | data_ingestion | Published headline: The FBI Wants ‘Near Real-Time’ Access to US License Plate Re
2026-05-24 02:06:29 | INFO | data_ingestion | Published headline: Cosmic Voids May Contain the Universe’s Best Secrets
2026-05-24 02:06:30 | INFO | data_ingestion | Published headline: Best Memorial Day Deals: Garmin, Birdfy, Branch (2026)
2026-05-24 02:06:30 | INFO | data_ingestion | Published headline: A 'Golden Orb' on the Ocean Floor Came From a Mysterious Ani
2026-05-24 02:06:30 | INFO | data_ingestion | Published headline: All Vehicles Sold in the EU Must Be Able to Hook Up to a Bre
2026-05-24 02:06:30 | INFO | data_ingestion | Published headline: SpaceX's Starship V3—still a work in progress—mostly success
2026-05-24 02:06:30 | INFO | data_ingestion | Published headline: Two space shuttle-era spacewalkers enter Astronaut Hall of F
2026-05-24 02:06:30 | INFO | data_ingestion | Published headline: China’s shark finning could lead to US seafood sanctions
2026-05-24 02:06:30 | INFO | data_ingestion | Published headline: Four Russian satellites are now within striking distance of 
2026-05-24 02:06:30 | INFO | data_ingestion | Published headline: Ebola outbreak now third largest recorded and "spreading rap
2026-05-24 02:06:30 | INFO | data_ingestion | Published headline: First-generation Chromecast users stressed by devices sudden
2026-05-24 02:06:30 | INFO | data_ingestion | Published headline: Trump FCC asks public to comment on whether ABC's The View i
2026-05-24 02:06:30 | INFO | data_ingestion | Published headline: US scrambles to stop Internet users re-creating dead pilots’
2026-05-24 02:06:30 | INFO | data_ingestion | Published headline: The Boys is dead. Long live Vought Rising.
2026-05-24 02:06:30 | INFO | data_ingestion | Published headline: Police boast of hacking VPN where criminals "believed themse
2026-05-24 02:06:30 | INFO | data_ingestion | Sleeping 60s
2026-05-24 02:07:30 | INFO | data_ingestion | Starting ingestion cycle
2026-05-24 02:07:30 | INFO | data_ingestion | Fetching TechCrunch
2026-05-24 02:07:30 | INFO | data_ingestion | TechCrunch → 10 new headlines
2026-05-24 02:07:30 | INFO | data_ingestion | Fetching The Verge
2026-05-24 02:07:31 | INFO | data_ingestion | The Verge → 10 new headlines
2026-05-24 02:07:31 | INFO | data_ingestion | Fetching Wired
2026-05-24 02:07:31 | INFO | data_ingestion | Wired → 10 new headlines
2026-05-24 02:07:31 | INFO | data_ingestion | Fetching Ars Technica
2026-05-24 02:07:32 | INFO | data_ingestion | Ars Technica → 10 new headlines
2026-05-24 02:07:32 | INFO | data_ingestion | Collected 40 headlines
2026-05-24 02:07:32 | INFO | data_ingestion | Published headline: SolarSquare in talks to raise up to $60M as India’s rooftop 
2026-05-24 02:07:32 | INFO | data_ingestion | Published headline: These special phone and app features can help protect you fr
2026-05-24 02:07:32 | INFO | data_ingestion | Published headline: Ferrari is using IBM’s AI to create F1 superfans
2026-05-24 02:07:32 | INFO | data_ingestion | Published headline: Nuclear startup Deep Fission says it’s going public, again, 
2026-05-24 02:07:32 | INFO | data_ingestion | Published headline: Elon Musk has given up on solar power (on Earth)
2026-05-24 02:07:32 | INFO | data_ingestion | Published headline: Peec, one of Berlin’s rising startups, more than doubled ann
2026-05-24 02:07:32 | INFO | data_ingestion | Published headline: AI is being used to resurrect the voices of dead pilots
2026-05-24 02:07:33 | INFO | data_ingestion | Published headline: SpaceX launches Starship V3 for the first time, but loses bo
2026-05-24 02:07:33 | INFO | data_ingestion | Published headline: Blue Origin cleared to fly New Glenn mega-rocket after April
2026-05-24 02:07:33 | INFO | data_ingestion | Published headline: Google goes for the glitter with disco-ball icons: ‘Are y’al
2026-05-24 02:07:33 | INFO | data_ingestion | Published headline: The man behind the legendary MPC, Roger Linn, stays focused 
2026-05-24 02:07:33 | INFO | data_ingestion | Published headline: Here are 38 Memorial Day deals we recommend for $50 or less
2026-05-24 02:07:33 | INFO | data_ingestion | Published headline: Hanging out in my favorite virtual coffee shop in Tokyo
2026-05-24 02:07:33 | INFO | data_ingestion | Published headline: I have a new go-to browser
2026-05-24 02:07:33 | INFO | data_ingestion | Published headline: Google’s new anything-to-anything AI model is wild
2026-05-24 02:07:33 | INFO | data_ingestion | Published headline: Google&#8217;s AI search is so broken it can &#8216;disregar
2026-05-24 02:07:33 | INFO | data_ingestion | Published headline: Twelve South’s AirFly Pro 2 has hit one of its best prices a
2026-05-24 02:07:33 | INFO | data_ingestion | Published headline: Meta’s Forum is part Reddit, part Facebook, and part Google 
2026-05-24 02:07:33 | INFO | data_ingestion | Published headline: Elon, stop trying to make Grok happen
2026-05-24 02:07:33 | INFO | data_ingestion | Published headline: The best Memorial Day sales you can shop this weekend
2026-05-24 02:07:33 | INFO | data_ingestion | Published headline: Best Power Banks (2026): My Picks After Testing Over 100
2026-05-24 02:07:33 | INFO | data_ingestion | Published headline: Memorial Day Dyson Vacuum Deals: V15 Detect, Gen5Detect, Pen
2026-05-24 02:07:33 | INFO | data_ingestion | Published headline: L.L.Bean's Zip Hunter's Tote Is the Only Carryall You Need
2026-05-24 02:07:33 | INFO | data_ingestion | Published headline: Quantum ‘Jamming’ Could Help Unlock the Mysteries of Causali
2026-05-24 02:07:33 | INFO | data_ingestion | Published headline: The Best Smart Sprinklers and Irrigation Systems: In-Ground 
2026-05-24 02:07:33 | INFO | data_ingestion | Published headline: The FBI Wants ‘Near Real-Time’ Access to US License Plate Re
2026-05-24 02:07:34 | INFO | data_ingestion | Published headline: Cosmic Voids May Contain the Universe’s Best Secrets
2026-05-24 02:07:34 | INFO | data_ingestion | Published headline: Best Memorial Day Deals: Garmin, Birdfy, Branch (2026)
2026-05-24 02:07:34 | INFO | data_ingestion | Published headline: A 'Golden Orb' on the Ocean Floor Came From a Mysterious Ani
2026-05-24 02:07:34 | INFO | data_ingestion | Published headline: All Vehicles Sold in the EU Must Be Able to Hook Up to a Bre
2026-05-24 02:07:34 | INFO | data_ingestion | Published headline: SpaceX's Starship V3—still a work in progress—mostly success
2026-05-24 02:07:34 | INFO | data_ingestion | Published headline: Two space shuttle-era spacewalkers enter Astronaut Hall of F
2026-05-24 02:07:34 | INFO | data_ingestion | Published headline: China’s shark finning could lead to US seafood sanctions
2026-05-24 02:07:34 | INFO | data_ingestion | Published headline: Four Russian satellites are now within striking distance of 
2026-05-24 02:07:34 | INFO | data_ingestion | Published headline: Ebola outbreak now third largest recorded and "spreading rap
2026-05-24 02:07:34 | INFO | data_ingestion | Published headline: First-generation Chromecast users stressed by devices sudden
2026-05-24 02:07:34 | INFO | data_ingestion | Published headline: Trump FCC asks public to comment on whether ABC's The View i
2026-05-24 02:07:34 | INFO | data_ingestion | Published headline: US scrambles to stop Internet users re-creating dead pilots’
2026-05-24 02:07:34 | INFO | data_ingestion | Published headline: The Boys is dead. Long live Vought Rising.
2026-05-24 02:07:34 | INFO | data_ingestion | Published headline: Police boast of hacking VPN where criminals "believed themse
2026-05-24 02:07:34 | INFO | data_ingestion | Sleeping 60s
2026-05-24 02:08:34 | INFO | data_ingestion | Starting ingestion cycle
2026-05-24 02:08:34 | INFO | data_ingestion | Fetching TechCrunch
2026-05-24 02:08:34 | INFO | data_ingestion | TechCrunch → 10 new headlines
2026-05-24 02:08:34 | INFO | data_ingestion | Fetching The Verge
2026-05-24 02:08:35 | INFO | data_ingestion | The Verge → 10 new headlines
2026-05-24 02:08:35 | INFO | data_ingestion | Fetching Wired
2026-05-24 02:08:35 | INFO | data_ingestion | Wired → 10 new headlines
2026-05-24 02:08:35 | INFO | data_ingestion | Fetching Ars Technica
2026-05-24 02:08:37 | INFO | data_ingestion | Ars Technica → 10 new headlines
2026-05-24 02:08:37 | INFO | data_ingestion | Collected 40 headlines
2026-05-24 02:08:37 | INFO | data_ingestion | Published headline: SolarSquare in talks to raise up to $60M as India’s rooftop 
2026-05-24 02:08:37 | INFO | data_ingestion | Published headline: These special phone and app features can help protect you fr
2026-05-24 02:08:37 | INFO | data_ingestion | Published headline: Ferrari is using IBM’s AI to create F1 superfans
2026-05-24 02:08:37 | INFO | data_ingestion | Published headline: Nuclear startup Deep Fission says it’s going public, again, 
2026-05-24 02:08:37 | INFO | data_ingestion | Published headline: Elon Musk has given up on solar power (on Earth)
2026-05-24 02:08:37 | INFO | data_ingestion | Published headline: Peec, one of Berlin’s rising startups, more than doubled ann
2026-05-24 02:08:37 | INFO | data_ingestion | Published headline: AI is being used to resurrect the voices of dead pilots
2026-05-24 02:08:37 | INFO | data_ingestion | Published headline: SpaceX launches Starship V3 for the first time, but loses bo
2026-05-24 02:08:37 | INFO | data_ingestion | Published headline: Blue Origin cleared to fly New Glenn mega-rocket after April
2026-05-24 02:08:38 | INFO | data_ingestion | Published headline: Google goes for the glitter with disco-ball icons: ‘Are y’al
2026-05-24 02:08:38 | INFO | data_ingestion | Published headline: The man behind the legendary MPC, Roger Linn, stays focused 
2026-05-24 02:08:38 | INFO | data_ingestion | Published headline: Here are 38 Memorial Day deals we recommend for $50 or less
2026-05-24 02:08:38 | INFO | data_ingestion | Published headline: Hanging out in my favorite virtual coffee shop in Tokyo
2026-05-24 02:08:38 | INFO | data_ingestion | Published headline: I have a new go-to browser
2026-05-24 02:08:38 | INFO | data_ingestion | Published headline: Google’s new anything-to-anything AI model is wild
2026-05-24 02:08:38 | INFO | data_ingestion | Published headline: Google&#8217;s AI search is so broken it can &#8216;disregar
2026-05-24 02:08:38 | INFO | data_ingestion | Published headline: Twelve South’s AirFly Pro 2 has hit one of its best prices a
2026-05-24 02:08:38 | INFO | data_ingestion | Published headline: Meta’s Forum is part Reddit, part Facebook, and part Google 
2026-05-24 02:08:38 | INFO | data_ingestion | Published headline: Elon, stop trying to make Grok happen
2026-05-24 02:08:38 | INFO | data_ingestion | Published headline: The best Memorial Day sales you can shop this weekend
2026-05-24 02:08:38 | INFO | data_ingestion | Published headline: Best Power Banks (2026): My Picks After Testing Over 100
2026-05-24 02:08:38 | INFO | data_ingestion | Published headline: Memorial Day Dyson Vacuum Deals: V15 Detect, Gen5Detect, Pen
2026-05-24 02:08:38 | INFO | data_ingestion | Published headline: L.L.Bean's Zip Hunter's Tote Is the Only Carryall You Need
2026-05-24 02:08:38 | INFO | data_ingestion | Published headline: Quantum ‘Jamming’ Could Help Unlock the Mysteries of Causali
2026-05-24 02:08:38 | INFO | data_ingestion | Published headline: The Best Smart Sprinklers and Irrigation Systems: In-Ground 
2026-05-24 02:08:38 | INFO | data_ingestion | Published headline: The FBI Wants ‘Near Real-Time’ Access to US License Plate Re
2026-05-24 02:08:38 | INFO | data_ingestion | Published headline: Cosmic Voids May Contain the Universe’s Best Secrets
2026-05-24 02:08:38 | INFO | data_ingestion | Published headline: Best Memorial Day Deals: Garmin, Birdfy, Branch (2026)
2026-05-24 02:08:38 | INFO | data_ingestion | Published headline: A 'Golden Orb' on the Ocean Floor Came From a Mysterious Ani
2026-05-24 02:08:38 | INFO | data_ingestion | Published headline: All Vehicles Sold in the EU Must Be Able to Hook Up to a Bre
2026-05-24 02:08:39 | INFO | data_ingestion | Published headline: SpaceX's Starship V3—still a work in progress—mostly success
2026-05-24 02:08:39 | INFO | data_ingestion | Published headline: Two space shuttle-era spacewalkers enter Astronaut Hall of F
2026-05-24 02:08:39 | INFO | data_ingestion | Published headline: China’s shark finning could lead to US seafood sanctions
2026-05-24 02:08:39 | INFO | data_ingestion | Published headline: Four Russian satellites are now within striking distance of 
2026-05-24 02:08:39 | INFO | data_ingestion | Published headline: Ebola outbreak now third largest recorded and "spreading rap
2026-05-24 02:08:39 | INFO | data_ingestion | Published headline: First-generation Chromecast users stressed by devices sudden
2026-05-24 02:08:39 | INFO | data_ingestion | Published headline: Trump FCC asks public to comment on whether ABC's The View i
2026-05-24 02:08:39 | INFO | data_ingestion | Published headline: US scrambles to stop Internet users re-creating dead pilots’
2026-05-24 02:08:39 | INFO | data_ingestion | Published headline: The Boys is dead. Long live Vought Rising.
2026-05-24 02:08:39 | INFO | data_ingestion | Published headline: Police boast of hacking VPN where criminals "believed themse
2026-05-24 02:08:39 | INFO | data_ingestion | Sleeping 60s
2026-05-24 02:09:39 | INFO | data_ingestion | Starting ingestion cycle
2026-05-24 02:09:39 | INFO | data_ingestion | Fetching TechCrunch
2026-05-24 02:09:39 | INFO | data_ingestion | TechCrunch → 10 new headlines
2026-05-24 02:09:39 | INFO | data_ingestion | Fetching The Verge
2026-05-24 02:09:40 | INFO | data_ingestion | The Verge → 10 new headlines
2026-05-24 02:09:40 | INFO | data_ingestion | Fetching Wired
2026-05-24 02:09:40 | INFO | data_ingestion | Wired → 10 new headlines
2026-05-24 02:09:40 | INFO | data_ingestion | Fetching Ars Technica
2026-05-24 02:09:42 | INFO | data_ingestion | Ars Technica → 10 new headlines
2026-05-24 02:09:42 | INFO | data_ingestion | Collected 40 headlines
2026-05-24 02:09:42 | INFO | data_ingestion | Published headline: SolarSquare in talks to raise up to $60M as India’s rooftop 
2026-05-24 02:09:42 | INFO | data_ingestion | Published headline: These special phone and app features can help protect you fr
2026-05-24 02:09:42 | INFO | data_ingestion | Published headline: Ferrari is using IBM’s AI to create F1 superfans
2026-05-24 02:09:42 | INFO | data_ingestion | Published headline: Nuclear startup Deep Fission says it’s going public, again, 
2026-05-24 02:09:42 | INFO | data_ingestion | Published headline: Elon Musk has given up on solar power (on Earth)
2026-05-24 02:09:42 | INFO | data_ingestion | Published headline: Peec, one of Berlin’s rising startups, more than doubled ann
2026-05-24 02:09:42 | INFO | data_ingestion | Published headline: AI is being used to resurrect the voices of dead pilots
2026-05-24 02:09:42 | INFO | data_ingestion | Published headline: SpaceX launches Starship V3 for the first time, but loses bo
2026-05-24 02:09:42 | INFO | data_ingestion | Published headline: Blue Origin cleared to fly New Glenn mega-rocket after April
2026-05-24 02:09:42 | INFO | data_ingestion | Published headline: Google goes for the glitter with disco-ball icons: ‘Are y’al
2026-05-24 02:09:42 | INFO | data_ingestion | Published headline: The man behind the legendary MPC, Roger Linn, stays focused 
2026-05-24 02:09:42 | INFO | data_ingestion | Published headline: Here are 38 Memorial Day deals we recommend for $50 or less
2026-05-24 02:09:42 | INFO | data_ingestion | Published headline: Hanging out in my favorite virtual coffee shop in Tokyo
2026-05-24 02:09:42 | INFO | data_ingestion | Published headline: I have a new go-to browser
2026-05-24 02:09:42 | INFO | data_ingestion | Published headline: Google’s new anything-to-anything AI model is wild
2026-05-24 02:09:42 | INFO | data_ingestion | Published headline: Google&#8217;s AI search is so broken it can &#8216;disregar
2026-05-24 02:09:42 | INFO | data_ingestion | Published headline: Twelve South’s AirFly Pro 2 has hit one of its best prices a
2026-05-24 02:09:43 | INFO | data_ingestion | Published headline: Meta’s Forum is part Reddit, part Facebook, and part Google 
2026-05-24 02:09:43 | INFO | data_ingestion | Published headline: Elon, stop trying to make Grok happen
2026-05-24 02:09:43 | INFO | data_ingestion | Published headline: The best Memorial Day sales you can shop this weekend
2026-05-24 02:09:43 | INFO | data_ingestion | Published headline: Best Power Banks (2026): My Picks After Testing Over 100
2026-05-24 02:09:43 | INFO | data_ingestion | Published headline: Memorial Day Dyson Vacuum Deals: V15 Detect, Gen5Detect, Pen
2026-05-24 02:09:43 | INFO | data_ingestion | Published headline: L.L.Bean's Zip Hunter's Tote Is the Only Carryall You Need
2026-05-24 02:09:43 | INFO | data_ingestion | Published headline: Quantum ‘Jamming’ Could Help Unlock the Mysteries of Causali
2026-05-24 02:09:43 | INFO | data_ingestion | Published headline: The Best Smart Sprinklers and Irrigation Systems: In-Ground 
2026-05-24 02:09:43 | INFO | data_ingestion | Published headline: The FBI Wants ‘Near Real-Time’ Access to US License Plate Re
2026-05-24 02:09:43 | INFO | data_ingestion | Published headline: Cosmic Voids May Contain the Universe’s Best Secrets
2026-05-24 02:09:43 | INFO | data_ingestion | Published headline: Best Memorial Day Deals: Garmin, Birdfy, Branch (2026)
2026-05-24 02:09:43 | INFO | data_ingestion | Published headline: A 'Golden Orb' on the Ocean Floor Came From a Mysterious Ani
2026-05-24 02:09:43 | INFO | data_ingestion | Published headline: All Vehicles Sold in the EU Must Be Able to Hook Up to a Bre
2026-05-24 02:09:43 | INFO | data_ingestion | Published headline: SpaceX's Starship V3—still a work in progress—mostly success
2026-05-24 02:09:43 | INFO | data_ingestion | Published headline: Two space shuttle-era spacewalkers enter Astronaut Hall of F
2026-05-24 02:09:43 | INFO | data_ingestion | Published headline: China’s shark finning could lead to US seafood sanctions
2026-05-24 02:09:43 | INFO | data_ingestion | Published headline: Four Russian satellites are now within striking distance of 
2026-05-24 02:09:43 | INFO | data_ingestion | Published headline: Ebola outbreak now third largest recorded and "spreading rap
2026-05-24 02:09:43 | INFO | data_ingestion | Published headline: First-generation Chromecast users stressed by devices sudden
2026-05-24 02:09:44 | INFO | data_ingestion | Published headline: Trump FCC asks public to comment on whether ABC's The View i
2026-05-24 02:09:44 | INFO | data_ingestion | Published headline: US scrambles to stop Internet users re-creating dead pilots’
2026-05-24 02:09:44 | INFO | data_ingestion | Published headline: The Boys is dead. Long live Vought Rising.
2026-05-24 02:09:44 | INFO | data_ingestion | Published headline: Police boast of hacking VPN where criminals "believed themse
2026-05-24 02:09:44 | INFO | data_ingestion | Sleeping 60s
2026-05-24 02:10:44 | INFO | data_ingestion | Starting ingestion cycle
2026-05-24 02:10:44 | INFO | data_ingestion | Fetching TechCrunch
2026-05-24 02:10:44 | INFO | data_ingestion | TechCrunch → 10 new headlines
2026-05-24 02:10:44 | INFO | data_ingestion | Fetching The Verge
2026-05-24 02:10:44 | INFO | data_ingestion | The Verge → 10 new headlines
2026-05-24 02:10:44 | INFO | data_ingestion | Fetching Wired
2026-05-24 02:10:45 | INFO | data_ingestion | Wired → 10 new headlines
2026-05-24 02:10:45 | INFO | data_ingestion | Fetching Ars Technica
2026-05-24 02:10:47 | INFO | data_ingestion | Ars Technica → 10 new headlines
2026-05-24 02:10:47 | INFO | data_ingestion | Collected 40 headlines
2026-05-24 02:10:47 | INFO | data_ingestion | Published headline: SolarSquare in talks to raise up to $60M as India’s rooftop 
2026-05-24 02:10:47 | INFO | data_ingestion | Published headline: These special phone and app features can help protect you fr
2026-05-24 02:10:47 | INFO | data_ingestion | Published headline: Ferrari is using IBM’s AI to create F1 superfans
2026-05-24 02:10:47 | INFO | data_ingestion | Published headline: Nuclear startup Deep Fission says it’s going public, again, 
2026-05-24 02:10:47 | INFO | data_ingestion | Published headline: Elon Musk has given up on solar power (on Earth)
2026-05-24 02:10:47 | INFO | data_ingestion | Published headline: Peec, one of Berlin’s rising startups, more than doubled ann
2026-05-24 02:10:47 | INFO | data_ingestion | Published headline: AI is being used to resurrect the voices of dead pilots
2026-05-24 02:10:47 | INFO | data_ingestion | Published headline: SpaceX launches Starship V3 for the first time, but loses bo
2026-05-24 02:10:47 | INFO | data_ingestion | Published headline: Blue Origin cleared to fly New Glenn mega-rocket after April
2026-05-24 02:10:47 | INFO | data_ingestion | Published headline: Google goes for the glitter with disco-ball icons: ‘Are y’al
2026-05-24 02:10:47 | INFO | data_ingestion | Published headline: The man behind the legendary MPC, Roger Linn, stays focused 
2026-05-24 02:10:47 | INFO | data_ingestion | Published headline: Here are 38 Memorial Day deals we recommend for $50 or less
2026-05-24 02:10:48 | INFO | data_ingestion | Published headline: Hanging out in my favorite virtual coffee shop in Tokyo
2026-05-24 02:10:48 | INFO | data_ingestion | Published headline: I have a new go-to browser
2026-05-24 02:10:48 | INFO | data_ingestion | Published headline: Google’s new anything-to-anything AI model is wild
2026-05-24 02:10:48 | INFO | data_ingestion | Published headline: Google&#8217;s AI search is so broken it can &#8216;disregar
2026-05-24 02:10:48 | INFO | data_ingestion | Published headline: Twelve South’s AirFly Pro 2 has hit one of its best prices a
2026-05-24 02:10:48 | INFO | data_ingestion | Published headline: Meta’s Forum is part Reddit, part Facebook, and part Google 
2026-05-24 02:10:48 | INFO | data_ingestion | Published headline: Elon, stop trying to make Grok happen
2026-05-24 02:10:48 | INFO | data_ingestion | Published headline: The best Memorial Day sales you can shop this weekend
2026-05-24 02:10:48 | INFO | data_ingestion | Published headline: Best Power Banks (2026): My Picks After Testing Over 100
2026-05-24 02:10:48 | INFO | data_ingestion | Published headline: Memorial Day Dyson Vacuum Deals: V15 Detect, Gen5Detect, Pen
2026-05-24 02:10:48 | INFO | data_ingestion | Published headline: L.L.Bean's Zip Hunter's Tote Is the Only Carryall You Need
2026-05-24 02:10:48 | INFO | data_ingestion | Published headline: Quantum ‘Jamming’ Could Help Unlock the Mysteries of Causali
2026-05-24 02:10:48 | INFO | data_ingestion | Published headline: The Best Smart Sprinklers and Irrigation Systems: In-Ground 
2026-05-24 02:10:48 | INFO | data_ingestion | Published headline: The FBI Wants ‘Near Real-Time’ Access to US License Plate Re
2026-05-24 02:10:48 | INFO | data_ingestion | Published headline: Cosmic Voids May Contain the Universe’s Best Secrets
2026-05-24 02:10:48 | INFO | data_ingestion | Published headline: Best Memorial Day Deals: Garmin, Birdfy, Branch (2026)
2026-05-24 02:10:48 | INFO | data_ingestion | Published headline: A 'Golden Orb' on the Ocean Floor Came From a Mysterious Ani
2026-05-24 02:10:48 | INFO | data_ingestion | Published headline: All Vehicles Sold in the EU Must Be Able to Hook Up to a Bre
2026-05-24 02:10:49 | INFO | data_ingestion | Published headline: SpaceX's Starship V3—still a work in progress—mostly success
2026-05-24 02:10:49 | INFO | data_ingestion | Published headline: Two space shuttle-era spacewalkers enter Astronaut Hall of F
2026-05-24 02:10:49 | INFO | data_ingestion | Published headline: China’s shark finning could lead to US seafood sanctions
2026-05-24 02:10:49 | INFO | data_ingestion | Published headline: Four Russian satellites are now within striking distance of 
2026-05-24 02:10:49 | INFO | data_ingestion | Published headline: Ebola outbreak now third largest recorded and "spreading rap
2026-05-24 02:10:49 | INFO | data_ingestion | Published headline: First-generation Chromecast users stressed by devices sudden
2026-05-24 02:10:49 | INFO | data_ingestion | Published headline: Trump FCC asks public to comment on whether ABC's The View i
2026-05-24 02:10:49 | INFO | data_ingestion | Published headline: US scrambles to stop Internet users re-creating dead pilots’
2026-05-24 02:10:49 | INFO | data_ingestion | Published headline: The Boys is dead. Long live Vought Rising.
2026-05-24 02:10:49 | INFO | data_ingestion | Published headline: Police boast of hacking VPN where criminals "believed themse
2026-05-24 02:10:49 | INFO | data_ingestion | Sleeping 60s
2026-05-24 02:11:49 | INFO | data_ingestion | Starting ingestion cycle
2026-05-24 02:11:49 | INFO | data_ingestion | Fetching TechCrunch
2026-05-24 02:11:49 | INFO | data_ingestion | TechCrunch → 10 new headlines
2026-05-24 02:11:49 | INFO | data_ingestion | Fetching The Verge
2026-05-24 02:11:50 | INFO | data_ingestion | The Verge → 10 new headlines
2026-05-24 02:11:50 | INFO | data_ingestion | Fetching Wired
2026-05-24 02:11:50 | INFO | data_ingestion | Wired → 10 new headlines
2026-05-24 02:11:50 | INFO | data_ingestion | Fetching Ars Technica
2026-05-24 02:11:52 | INFO | data_ingestion | Ars Technica → 10 new headlines
2026-05-24 02:11:52 | INFO | data_ingestion | Collected 40 headlines
2026-05-24 02:11:52 | INFO | data_ingestion | Published headline: SolarSquare in talks to raise up to $60M as India’s rooftop 
2026-05-24 02:11:52 | INFO | data_ingestion | Published headline: These special phone and app features can help protect you fr
2026-05-24 02:11:52 | INFO | data_ingestion | Published headline: Ferrari is using IBM’s AI to create F1 superfans
2026-05-24 02:11:52 | INFO | data_ingestion | Published headline: Nuclear startup Deep Fission says it’s going public, again, 
2026-05-24 02:11:53 | INFO | data_ingestion | Published headline: Elon Musk has given up on solar power (on Earth)
2026-05-24 02:11:53 | INFO | data_ingestion | Published headline: Peec, one of Berlin’s rising startups, more than doubled ann
2026-05-24 02:11:53 | INFO | data_ingestion | Published headline: AI is being used to resurrect the voices of dead pilots
2026-05-24 02:11:53 | INFO | data_ingestion | Published headline: SpaceX launches Starship V3 for the first time, but loses bo
2026-05-24 02:11:53 | INFO | data_ingestion | Published headline: Blue Origin cleared to fly New Glenn mega-rocket after April
2026-05-24 02:11:53 | INFO | data_ingestion | Published headline: Google goes for the glitter with disco-ball icons: ‘Are y’al
2026-05-24 02:11:53 | INFO | data_ingestion | Published headline: The man behind the legendary MPC, Roger Linn, stays focused 
2026-05-24 02:11:53 | INFO | data_ingestion | Published headline: Here are 38 Memorial Day deals we recommend for $50 or less
2026-05-24 02:11:53 | INFO | data_ingestion | Published headline: Hanging out in my favorite virtual coffee shop in Tokyo
2026-05-24 02:11:53 | INFO | data_ingestion | Published headline: I have a new go-to browser
2026-05-24 02:11:53 | INFO | data_ingestion | Published headline: Google’s new anything-to-anything AI model is wild
2026-05-24 02:11:53 | INFO | data_ingestion | Published headline: Google&#8217;s AI search is so broken it can &#8216;disregar
2026-05-24 02:11:53 | INFO | data_ingestion | Published headline: Twelve South’s AirFly Pro 2 has hit one of its best prices a
2026-05-24 02:11:53 | INFO | data_ingestion | Published headline: Meta’s Forum is part Reddit, part Facebook, and part Google 
2026-05-24 02:11:53 | INFO | data_ingestion | Published headline: Elon, stop trying to make Grok happen
2026-05-24 02:11:53 | INFO | data_ingestion | Published headline: The best Memorial Day sales you can shop this weekend
2026-05-24 02:11:53 | INFO | data_ingestion | Published headline: Best Power Banks (2026): My Picks After Testing Over 100
2026-05-24 02:11:53 | INFO | data_ingestion | Published headline: Memorial Day Dyson Vacuum Deals: V15 Detect, Gen5Detect, Pen
2026-05-24 02:11:53 | INFO | data_ingestion | Published headline: L.L.Bean's Zip Hunter's Tote Is the Only Carryall You Need
2026-05-24 02:11:54 | INFO | data_ingestion | Published headline: Quantum ‘Jamming’ Could Help Unlock the Mysteries of Causali
2026-05-24 02:11:54 | INFO | data_ingestion | Published headline: The Best Smart Sprinklers and Irrigation Systems: In-Ground 
2026-05-24 02:11:54 | INFO | data_ingestion | Published headline: The FBI Wants ‘Near Real-Time’ Access to US License Plate Re
2026-05-24 02:11:54 | INFO | data_ingestion | Published headline: Cosmic Voids May Contain the Universe’s Best Secrets
2026-05-24 02:11:54 | INFO | data_ingestion | Published headline: Best Memorial Day Deals: Garmin, Birdfy, Branch (2026)
2026-05-24 02:11:54 | INFO | data_ingestion | Published headline: A 'Golden Orb' on the Ocean Floor Came From a Mysterious Ani
2026-05-24 02:11:54 | INFO | data_ingestion | Published headline: All Vehicles Sold in the EU Must Be Able to Hook Up to a Bre
2026-05-24 02:11:54 | INFO | data_ingestion | Published headline: SpaceX's Starship V3—still a work in progress—mostly success
2026-05-24 02:11:54 | INFO | data_ingestion | Published headline: Two space shuttle-era spacewalkers enter Astronaut Hall of F
2026-05-24 02:11:54 | INFO | data_ingestion | Published headline: China’s shark finning could lead to US seafood sanctions
2026-05-24 02:11:54 | INFO | data_ingestion | Published headline: Four Russian satellites are now within striking distance of 
2026-05-24 02:11:54 | INFO | data_ingestion | Published headline: Ebola outbreak now third largest recorded and "spreading rap
2026-05-24 02:11:54 | INFO | data_ingestion | Published headline: First-generation Chromecast users stressed by devices sudden
2026-05-24 02:11:54 | INFO | data_ingestion | Published headline: Trump FCC asks public to comment on whether ABC's The View i
2026-05-24 02:11:54 | INFO | data_ingestion | Published headline: US scrambles to stop Internet users re-creating dead pilots’
2026-05-24 02:11:54 | INFO | data_ingestion | Published headline: The Boys is dead. Long live Vought Rising.
2026-05-24 02:11:54 | INFO | data_ingestion | Published headline: Police boast of hacking VPN where criminals "believed themse
2026-05-24 02:11:54 | INFO | data_ingestion | Sleeping 60s
2026-05-24 02:12:54 | INFO | data_ingestion | Starting ingestion cycle
2026-05-24 02:12:54 | INFO | data_ingestion | Fetching TechCrunch
2026-05-24 02:12:55 | INFO | data_ingestion | TechCrunch → 10 new headlines
2026-05-24 02:12:55 | INFO | data_ingestion | Fetching The Verge
2026-05-24 02:12:55 | INFO | data_ingestion | The Verge → 10 new headlines
2026-05-24 02:12:55 | INFO | data_ingestion | Fetching Wired
2026-05-24 02:12:55 | INFO | data_ingestion | Wired → 10 new headlines
2026-05-24 02:12:55 | INFO | data_ingestion | Fetching Ars Technica
2026-05-24 02:12:57 | INFO | data_ingestion | Ars Technica → 10 new headlines
2026-05-24 02:12:57 | INFO | data_ingestion | Collected 40 headlines
2026-05-24 02:12:57 | INFO | data_ingestion | Published headline: SolarSquare in talks to raise up to $60M as India’s rooftop 
2026-05-24 02:12:57 | INFO | data_ingestion | Published headline: These special phone and app features can help protect you fr
2026-05-24 02:12:58 | INFO | data_ingestion | Published headline: Ferrari is using IBM’s AI to create F1 superfans
2026-05-24 02:12:58 | INFO | data_ingestion | Published headline: Nuclear startup Deep Fission says it’s going public, again, 
2026-05-24 02:12:58 | INFO | data_ingestion | Published headline: Elon Musk has given up on solar power (on Earth)
2026-05-24 02:12:58 | INFO | data_ingestion | Published headline: Peec, one of Berlin’s rising startups, more than doubled ann
2026-05-24 02:12:58 | INFO | data_ingestion | Published headline: AI is being used to resurrect the voices of dead pilots
2026-05-24 02:12:58 | INFO | data_ingestion | Published headline: SpaceX launches Starship V3 for the first time, but loses bo
2026-05-24 02:12:58 | INFO | data_ingestion | Published headline: Blue Origin cleared to fly New Glenn mega-rocket after April
2026-05-24 02:12:58 | INFO | data_ingestion | Published headline: Google goes for the glitter with disco-ball icons: ‘Are y’al
2026-05-24 02:12:58 | INFO | data_ingestion | Published headline: The man behind the legendary MPC, Roger Linn, stays focused 
2026-05-24 02:12:58 | INFO | data_ingestion | Published headline: Here are 38 Memorial Day deals we recommend for $50 or less
2026-05-24 02:12:58 | INFO | data_ingestion | Published headline: Hanging out in my favorite virtual coffee shop in Tokyo
2026-05-24 02:12:58 | INFO | data_ingestion | Published headline: I have a new go-to browser
2026-05-24 02:12:58 | INFO | data_ingestion | Published headline: Google’s new anything-to-anything AI model is wild
2026-05-24 02:12:58 | INFO | data_ingestion | Published headline: Google&#8217;s AI search is so broken it can &#8216;disregar
2026-05-24 02:12:58 | INFO | data_ingestion | Published headline: Twelve South’s AirFly Pro 2 has hit one of its best prices a
2026-05-24 02:12:58 | INFO | data_ingestion | Published headline: Meta’s Forum is part Reddit, part Facebook, and part Google 
2026-05-24 02:12:58 | INFO | data_ingestion | Published headline: Elon, stop trying to make Grok happen
2026-05-24 02:12:58 | INFO | data_ingestion | Published headline: The best Memorial Day sales you can shop this weekend
2026-05-24 02:12:58 | INFO | data_ingestion | Published headline: Best Power Banks (2026): My Picks After Testing Over 100
2026-05-24 02:12:58 | INFO | data_ingestion | Published headline: Memorial Day Dyson Vacuum Deals: V15 Detect, Gen5Detect, Pen
2026-05-24 02:12:59 | INFO | data_ingestion | Published headline: L.L.Bean's Zip Hunter's Tote Is the Only Carryall You Need
2026-05-24 02:12:59 | INFO | data_ingestion | Published headline: Quantum ‘Jamming’ Could Help Unlock the Mysteries of Causali
2026-05-24 02:12:59 | INFO | data_ingestion | Published headline: The Best Smart Sprinklers and Irrigation Systems: In-Ground 
2026-05-24 02:12:59 | INFO | data_ingestion | Published headline: The FBI Wants ‘Near Real-Time’ Access to US License Plate Re
2026-05-24 02:12:59 | INFO | data_ingestion | Published headline: Cosmic Voids May Contain the Universe’s Best Secrets
2026-05-24 02:12:59 | INFO | data_ingestion | Published headline: Best Memorial Day Deals: Garmin, Birdfy, Branch (2026)
2026-05-24 02:12:59 | INFO | data_ingestion | Published headline: A 'Golden Orb' on the Ocean Floor Came From a Mysterious Ani
2026-05-24 02:12:59 | INFO | data_ingestion | Published headline: All Vehicles Sold in the EU Must Be Able to Hook Up to a Bre
2026-05-24 02:12:59 | INFO | data_ingestion | Published headline: SpaceX's Starship V3—still a work in progress—mostly success
2026-05-24 02:12:59 | INFO | data_ingestion | Published headline: Two space shuttle-era spacewalkers enter Astronaut Hall of F
2026-05-24 02:12:59 | INFO | data_ingestion | Published headline: China’s shark finning could lead to US seafood sanctions
2026-05-24 02:12:59 | INFO | data_ingestion | Published headline: Four Russian satellites are now within striking distance of 
2026-05-24 02:12:59 | INFO | data_ingestion | Published headline: Ebola outbreak now third largest recorded and "spreading rap
2026-05-24 02:12:59 | INFO | data_ingestion | Published headline: First-generation Chromecast users stressed by devices sudden
2026-05-24 02:12:59 | INFO | data_ingestion | Published headline: Trump FCC asks public to comment on whether ABC's The View i
2026-05-24 02:12:59 | INFO | data_ingestion | Published headline: US scrambles to stop Internet users re-creating dead pilots’
2026-05-24 02:12:59 | INFO | data_ingestion | Published headline: The Boys is dead. Long live Vought Rising.
2026-05-24 02:12:59 | INFO | data_ingestion | Published headline: Police boast of hacking VPN where criminals "believed themse
2026-05-24 02:12:59 | INFO | data_ingestion | Sleeping 60s
2026-05-24 02:13:59 | INFO | data_ingestion | Starting ingestion cycle
2026-05-24 02:13:59 | INFO | data_ingestion | Fetching TechCrunch
2026-05-24 02:14:00 | INFO | data_ingestion | TechCrunch → 10 new headlines
2026-05-24 02:14:00 | INFO | data_ingestion | Fetching The Verge
2026-05-24 02:14:00 | INFO | data_ingestion | The Verge → 10 new headlines
2026-05-24 02:14:00 | INFO | data_ingestion | Fetching Wired
2026-05-24 02:14:00 | INFO | data_ingestion | Wired → 10 new headlines
2026-05-24 02:14:00 | INFO | data_ingestion | Fetching Ars Technica
2026-05-24 02:14:01 | INFO | data_ingestion | Ars Technica → 10 new headlines
2026-05-24 02:14:01 | INFO | data_ingestion | Collected 40 headlines
2026-05-24 02:14:01 | INFO | data_ingestion | Published headline: SolarSquare in talks to raise up to $60M as India’s rooftop 
2026-05-24 02:14:01 | INFO | data_ingestion | Published headline: These special phone and app features can help protect you fr
2026-05-24 02:14:01 | INFO | data_ingestion | Published headline: Ferrari is using IBM’s AI to create F1 superfans
2026-05-24 02:14:01 | INFO | data_ingestion | Published headline: Nuclear startup Deep Fission says it’s going public, again, 
2026-05-24 02:14:01 | INFO | data_ingestion | Published headline: Elon Musk has given up on solar power (on Earth)
2026-05-24 02:14:01 | INFO | data_ingestion | Published headline: Peec, one of Berlin’s rising startups, more than doubled ann
2026-05-24 02:14:01 | INFO | data_ingestion | Published headline: AI is being used to resurrect the voices of dead pilots
2026-05-24 02:14:01 | INFO | data_ingestion | Published headline: SpaceX launches Starship V3 for the first time, but loses bo
2026-05-24 02:14:01 | INFO | data_ingestion | Published headline: Blue Origin cleared to fly New Glenn mega-rocket after April
2026-05-24 02:14:01 | INFO | data_ingestion | Published headline: Google goes for the glitter with disco-ball icons: ‘Are y’al
2026-05-24 02:14:01 | INFO | data_ingestion | Published headline: The man behind the legendary MPC, Roger Linn, stays focused 
2026-05-24 02:14:01 | INFO | data_ingestion | Published headline: Here are 38 Memorial Day deals we recommend for $50 or less
2026-05-24 02:14:01 | INFO | data_ingestion | Published headline: Hanging out in my favorite virtual coffee shop in Tokyo
2026-05-24 02:14:01 | INFO | data_ingestion | Published headline: I have a new go-to browser
2026-05-24 02:14:01 | INFO | data_ingestion | Published headline: Google’s new anything-to-anything AI model is wild
2026-05-24 02:14:02 | INFO | data_ingestion | Published headline: Google&#8217;s AI search is so broken it can &#8216;disregar
2026-05-24 02:14:02 | INFO | data_ingestion | Published headline: Twelve South’s AirFly Pro 2 has hit one of its best prices a
2026-05-24 02:14:02 | INFO | data_ingestion | Published headline: Meta’s Forum is part Reddit, part Facebook, and part Google 
2026-05-24 02:14:02 | INFO | data_ingestion | Published headline: Elon, stop trying to make Grok happen
2026-05-24 02:14:02 | INFO | data_ingestion | Published headline: The best Memorial Day sales you can shop this weekend
2026-05-24 02:14:02 | INFO | data_ingestion | Published headline: Best Power Banks (2026): My Picks After Testing Over 100
2026-05-24 02:14:02 | INFO | data_ingestion | Published headline: Memorial Day Dyson Vacuum Deals: V15 Detect, Gen5Detect, Pen
2026-05-24 02:14:02 | INFO | data_ingestion | Published headline: L.L.Bean's Zip Hunter's Tote Is the Only Carryall You Need
2026-05-24 02:14:02 | INFO | data_ingestion | Published headline: Quantum ‘Jamming’ Could Help Unlock the Mysteries of Causali
2026-05-24 02:14:02 | INFO | data_ingestion | Published headline: The Best Smart Sprinklers and Irrigation Systems: In-Ground 
2026-05-24 02:14:02 | INFO | data_ingestion | Published headline: The FBI Wants ‘Near Real-Time’ Access to US License Plate Re
2026-05-24 02:14:02 | INFO | data_ingestion | Published headline: Cosmic Voids May Contain the Universe’s Best Secrets
2026-05-24 02:14:02 | INFO | data_ingestion | Published headline: Best Memorial Day Deals: Garmin, Birdfy, Branch (2026)
2026-05-24 02:14:02 | INFO | data_ingestion | Published headline: A 'Golden Orb' on the Ocean Floor Came From a Mysterious Ani
2026-05-24 02:14:02 | INFO | data_ingestion | Published headline: All Vehicles Sold in the EU Must Be Able to Hook Up to a Bre
2026-05-24 02:14:02 | INFO | data_ingestion | Published headline: SpaceX's Starship V3—still a work in progress—mostly success
2026-05-24 02:14:02 | INFO | data_ingestion | Published headline: Two space shuttle-era spacewalkers enter Astronaut Hall of F
2026-05-24 02:14:02 | INFO | data_ingestion | Published headline: China’s shark finning could lead to US seafood sanctions
2026-05-24 02:14:03 | INFO | data_ingestion | Published headline: Four Russian satellites are now within striking distance of 
2026-05-24 02:14:03 | INFO | data_ingestion | Published headline: Ebola outbreak now third largest recorded and "spreading rap
2026-05-24 02:14:03 | INFO | data_ingestion | Published headline: First-generation Chromecast users stressed by devices sudden
2026-05-24 02:14:03 | INFO | data_ingestion | Published headline: Trump FCC asks public to comment on whether ABC's The View i
2026-05-24 02:14:03 | INFO | data_ingestion | Published headline: US scrambles to stop Internet users re-creating dead pilots’
2026-05-24 02:14:03 | INFO | data_ingestion | Published headline: The Boys is dead. Long live Vought Rising.
2026-05-24 02:14:03 | INFO | data_ingestion | Published headline: Police boast of hacking VPN where criminals "believed themse
2026-05-24 02:14:03 | INFO | data_ingestion | Sleeping 60s
2026-05-24 02:15:03 | INFO | data_ingestion | Starting ingestion cycle
2026-05-24 02:15:03 | INFO | data_ingestion | Fetching TechCrunch
2026-05-24 02:15:03 | INFO | data_ingestion | TechCrunch → 10 new headlines
2026-05-24 02:15:03 | INFO | data_ingestion | Fetching The Verge
2026-05-24 02:15:04 | INFO | data_ingestion | The Verge → 10 new headlines
2026-05-24 02:15:04 | INFO | data_ingestion | Fetching Wired
2026-05-24 02:15:04 | INFO | data_ingestion | Wired → 10 new headlines
2026-05-24 02:15:04 | INFO | data_ingestion | Fetching Ars Technica
2026-05-24 02:15:04 | INFO | data_ingestion | Ars Technica → 10 new headlines
2026-05-24 02:15:04 | INFO | data_ingestion | Collected 40 headlines
2026-05-24 02:15:04 | INFO | data_ingestion | Published headline: SolarSquare in talks to raise up to $60M as India’s rooftop 
2026-05-24 02:15:04 | INFO | data_ingestion | Published headline: These special phone and app features can help protect you fr
2026-05-24 02:15:05 | INFO | data_ingestion | Published headline: Ferrari is using IBM’s AI to create F1 superfans
2026-05-24 02:15:05 | INFO | data_ingestion | Published headline: Nuclear startup Deep Fission says it’s going public, again, 
2026-05-24 02:15:05 | INFO | data_ingestion | Published headline: Elon Musk has given up on solar power (on Earth)
2026-05-24 02:15:05 | INFO | data_ingestion | Published headline: Peec, one of Berlin’s rising startups, more than doubled ann
2026-05-24 02:15:05 | INFO | data_ingestion | Published headline: AI is being used to resurrect the voices of dead pilots
2026-05-24 02:15:05 | INFO | data_ingestion | Published headline: SpaceX launches Starship V3 for the first time, but loses bo
2026-05-24 02:15:05 | INFO | data_ingestion | Published headline: Blue Origin cleared to fly New Glenn mega-rocket after April
2026-05-24 02:15:05 | INFO | data_ingestion | Published headline: Google goes for the glitter with disco-ball icons: ‘Are y’al
2026-05-24 02:15:05 | INFO | data_ingestion | Published headline: The man behind the legendary MPC, Roger Linn, stays focused 
2026-05-24 02:15:05 | INFO | data_ingestion | Published headline: Here are 38 Memorial Day deals we recommend for $50 or less
2026-05-24 02:15:05 | INFO | data_ingestion | Published headline: Hanging out in my favorite virtual coffee shop in Tokyo
2026-05-24 02:15:05 | INFO | data_ingestion | Published headline: I have a new go-to browser
2026-05-24 02:15:05 | INFO | data_ingestion | Published headline: Google’s new anything-to-anything AI model is wild
2026-05-24 02:15:05 | INFO | data_ingestion | Published headline: Google&#8217;s AI search is so broken it can &#8216;disregar
2026-05-24 02:15:05 | INFO | data_ingestion | Published headline: Twelve South’s AirFly Pro 2 has hit one of its best prices a
2026-05-24 02:15:05 | INFO | data_ingestion | Published headline: Meta’s Forum is part Reddit, part Facebook, and part Google 
2026-05-24 02:15:05 | INFO | data_ingestion | Published headline: Elon, stop trying to make Grok happen
2026-05-24 02:15:05 | INFO | data_ingestion | Published headline: The best Memorial Day sales you can shop this weekend
2026-05-24 02:15:06 | INFO | data_ingestion | Published headline: Best Power Banks (2026): My Picks After Testing Over 100
2026-05-24 02:15:06 | INFO | data_ingestion | Published headline: Memorial Day Dyson Vacuum Deals: V15 Detect, Gen5Detect, Pen
2026-05-24 02:15:06 | INFO | data_ingestion | Published headline: L.L.Bean's Zip Hunter's Tote Is the Only Carryall You Need
2026-05-24 02:15:06 | INFO | data_ingestion | Published headline: Quantum ‘Jamming’ Could Help Unlock the Mysteries of Causali
2026-05-24 02:15:06 | INFO | data_ingestion | Published headline: The Best Smart Sprinklers and Irrigation Systems: In-Ground 
2026-05-24 02:15:06 | INFO | data_ingestion | Published headline: The FBI Wants ‘Near Real-Time’ Access to US License Plate Re
2026-05-24 02:15:06 | INFO | data_ingestion | Published headline: Cosmic Voids May Contain the Universe’s Best Secrets
2026-05-24 02:15:06 | INFO | data_ingestion | Published headline: Best Memorial Day Deals: Garmin, Birdfy, Branch (2026)
2026-05-24 02:15:06 | INFO | data_ingestion | Published headline: A 'Golden Orb' on the Ocean Floor Came From a Mysterious Ani
2026-05-24 02:15:06 | INFO | data_ingestion | Published headline: All Vehicles Sold in the EU Must Be Able to Hook Up to a Bre
2026-05-24 02:15:06 | INFO | data_ingestion | Published headline: SpaceX's Starship V3—still a work in progress—mostly success
2026-05-24 02:15:06 | INFO | data_ingestion | Published headline: Two space shuttle-era spacewalkers enter Astronaut Hall of F
2026-05-24 02:15:06 | INFO | data_ingestion | Published headline: China’s shark finning could lead to US seafood sanctions
2026-05-24 02:15:06 | INFO | data_ingestion | Published headline: Four Russian satellites are now within striking distance of 
2026-05-24 02:15:06 | INFO | data_ingestion | Published headline: Ebola outbreak now third largest recorded and "spreading rap
2026-05-24 02:15:06 | INFO | data_ingestion | Published headline: First-generation Chromecast users stressed by devices sudden
2026-05-24 02:15:06 | INFO | data_ingestion | Published headline: Trump FCC asks public to comment on whether ABC's The View i
2026-05-24 02:15:07 | INFO | data_ingestion | Published headline: US scrambles to stop Internet users re-creating dead pilots’
2026-05-24 02:15:07 | INFO | data_ingestion | Published headline: The Boys is dead. Long live Vought Rising.
2026-05-24 02:15:07 | INFO | data_ingestion | Published headline: Police boast of hacking VPN where criminals "believed themse
2026-05-24 02:15:07 | INFO | data_ingestion | Sleeping 60s
2026-05-24 02:16:07 | INFO | data_ingestion | Starting ingestion cycle
2026-05-24 02:16:07 | INFO | data_ingestion | Fetching TechCrunch
2026-05-24 02:16:07 | INFO | data_ingestion | TechCrunch → 10 new headlines
2026-05-24 02:16:07 | INFO | data_ingestion | Fetching The Verge
2026-05-24 02:16:07 | INFO | data_ingestion | The Verge → 10 new headlines
2026-05-24 02:16:07 | INFO | data_ingestion | Fetching Wired
2026-05-24 02:16:08 | INFO | data_ingestion | Wired → 10 new headlines
2026-05-24 02:16:08 | INFO | data_ingestion | Fetching Ars Technica
2026-05-24 02:16:08 | INFO | data_ingestion | Ars Technica → 10 new headlines
2026-05-24 02:16:08 | INFO | data_ingestion | Collected 40 headlines
2026-05-24 02:16:08 | INFO | data_ingestion | Published headline: SolarSquare in talks to raise up to $60M as India’s rooftop 
2026-05-24 02:16:08 | INFO | data_ingestion | Published headline: These special phone and app features can help protect you fr
2026-05-24 02:16:08 | INFO | data_ingestion | Published headline: Ferrari is using IBM’s AI to create F1 superfans
2026-05-24 02:16:09 | INFO | data_ingestion | Published headline: Nuclear startup Deep Fission says it’s going public, again, 
2026-05-24 02:16:09 | INFO | data_ingestion | Published headline: Elon Musk has given up on solar power (on Earth)
2026-05-24 02:16:09 | INFO | data_ingestion | Published headline: Peec, one of Berlin’s rising startups, more than doubled ann
2026-05-24 02:16:09 | INFO | data_ingestion | Published headline: AI is being used to resurrect the voices of dead pilots
2026-05-24 02:16:09 | INFO | data_ingestion | Published headline: SpaceX launches Starship V3 for the first time, but loses bo
2026-05-24 02:16:09 | INFO | data_ingestion | Published headline: Blue Origin cleared to fly New Glenn mega-rocket after April
2026-05-24 02:16:09 | INFO | data_ingestion | Published headline: Google goes for the glitter with disco-ball icons: ‘Are y’al
2026-05-24 02:16:09 | INFO | data_ingestion | Published headline: The man behind the legendary MPC, Roger Linn, stays focused 
2026-05-24 02:16:09 | INFO | data_ingestion | Published headline: Here are 38 Memorial Day deals we recommend for $50 or less
2026-05-24 02:16:09 | INFO | data_ingestion | Published headline: Hanging out in my favorite virtual coffee shop in Tokyo
2026-05-24 02:16:09 | INFO | data_ingestion | Published headline: I have a new go-to browser
2026-05-24 02:16:09 | INFO | data_ingestion | Published headline: Google’s new anything-to-anything AI model is wild
2026-05-24 02:16:09 | INFO | data_ingestion | Published headline: Google&#8217;s AI search is so broken it can &#8216;disregar
2026-05-24 02:16:09 | INFO | data_ingestion | Published headline: Twelve South’s AirFly Pro 2 has hit one of its best prices a
2026-05-24 02:16:09 | INFO | data_ingestion | Published headline: Meta’s Forum is part Reddit, part Facebook, and part Google 
2026-05-24 02:16:09 | INFO | data_ingestion | Published headline: Elon, stop trying to make Grok happen
2026-05-24 02:16:09 | INFO | data_ingestion | Published headline: The best Memorial Day sales you can shop this weekend
2026-05-24 02:16:09 | INFO | data_ingestion | Published headline: Best Power Banks (2026): My Picks After Testing Over 100
2026-05-24 02:16:09 | INFO | data_ingestion | Published headline: Memorial Day Dyson Vacuum Deals: V15 Detect, Gen5Detect, Pen
2026-05-24 02:16:10 | INFO | data_ingestion | Published headline: L.L.Bean's Zip Hunter's Tote Is the Only Carryall You Need
2026-05-24 02:16:10 | INFO | data_ingestion | Published headline: Quantum ‘Jamming’ Could Help Unlock the Mysteries of Causali
2026-05-24 02:16:10 | INFO | data_ingestion | Published headline: The Best Smart Sprinklers and Irrigation Systems: In-Ground 
2026-05-24 02:16:10 | INFO | data_ingestion | Published headline: The FBI Wants ‘Near Real-Time’ Access to US License Plate Re
2026-05-24 02:16:10 | INFO | data_ingestion | Published headline: Cosmic Voids May Contain the Universe’s Best Secrets
2026-05-24 02:16:10 | INFO | data_ingestion | Published headline: Best Memorial Day Deals: Garmin, Birdfy, Branch (2026)
2026-05-24 02:16:10 | INFO | data_ingestion | Published headline: A 'Golden Orb' on the Ocean Floor Came From a Mysterious Ani
2026-05-24 02:16:10 | INFO | data_ingestion | Published headline: All Vehicles Sold in the EU Must Be Able to Hook Up to a Bre
2026-05-24 02:16:10 | INFO | data_ingestion | Published headline: SpaceX's Starship V3—still a work in progress—mostly success
2026-05-24 02:16:10 | INFO | data_ingestion | Published headline: Two space shuttle-era spacewalkers enter Astronaut Hall of F
2026-05-24 02:16:10 | INFO | data_ingestion | Published headline: China’s shark finning could lead to US seafood sanctions
2026-05-24 02:16:10 | INFO | data_ingestion | Published headline: Four Russian satellites are now within striking distance of 
2026-05-24 02:16:10 | INFO | data_ingestion | Published headline: Ebola outbreak now third largest recorded and "spreading rap
2026-05-24 02:16:10 | INFO | data_ingestion | Published headline: First-generation Chromecast users stressed by devices sudden
2026-05-24 02:16:10 | INFO | data_ingestion | Published headline: Trump FCC asks public to comment on whether ABC's The View i
2026-05-24 02:16:10 | INFO | data_ingestion | Published headline: US scrambles to stop Internet users re-creating dead pilots’
2026-05-24 02:16:10 | INFO | data_ingestion | Published headline: The Boys is dead. Long live Vought Rising.
2026-05-24 02:16:10 | INFO | data_ingestion | Published headline: Police boast of hacking VPN where criminals "believed themse
2026-05-24 02:16:10 | INFO | data_ingestion | Sleeping 60s
2026-05-24 02:17:10 | INFO | data_ingestion | Starting ingestion cycle
2026-05-24 02:17:10 | INFO | data_ingestion | Fetching TechCrunch
2026-05-24 02:17:11 | INFO | data_ingestion | TechCrunch → 10 new headlines
2026-05-24 02:17:11 | INFO | data_ingestion | Fetching The Verge
2026-05-24 02:17:11 | INFO | data_ingestion | The Verge → 10 new headlines
2026-05-24 02:17:11 | INFO | data_ingestion | Fetching Wired
2026-05-24 02:17:12 | INFO | data_ingestion | Wired → 10 new headlines
2026-05-24 02:17:12 | INFO | data_ingestion | Fetching Ars Technica
2026-05-24 02:17:12 | INFO | data_ingestion | Ars Technica → 10 new headlines
2026-05-24 02:17:12 | INFO | data_ingestion | Collected 40 headlines
2026-05-24 02:17:12 | INFO | data_ingestion | Published headline: SolarSquare in talks to raise up to $60M as India’s rooftop 
2026-05-24 02:17:12 | INFO | data_ingestion | Published headline: These special phone and app features can help protect you fr
2026-05-24 02:17:12 | INFO | data_ingestion | Published headline: Ferrari is using IBM’s AI to create F1 superfans
2026-05-24 02:17:12 | INFO | data_ingestion | Published headline: Nuclear startup Deep Fission says it’s going public, again, 
2026-05-24 02:17:13 | INFO | data_ingestion | Published headline: Elon Musk has given up on solar power (on Earth)
2026-05-24 02:17:13 | INFO | data_ingestion | Published headline: Peec, one of Berlin’s rising startups, more than doubled ann
2026-05-24 02:17:13 | INFO | data_ingestion | Published headline: AI is being used to resurrect the voices of dead pilots
2026-05-24 02:17:13 | INFO | data_ingestion | Published headline: SpaceX launches Starship V3 for the first time, but loses bo
2026-05-24 02:17:13 | INFO | data_ingestion | Published headline: Blue Origin cleared to fly New Glenn mega-rocket after April
2026-05-24 02:17:13 | INFO | data_ingestion | Published headline: Google goes for the glitter with disco-ball icons: ‘Are y’al
2026-05-24 02:17:13 | INFO | data_ingestion | Published headline: The man behind the legendary MPC, Roger Linn, stays focused 
2026-05-24 02:17:13 | INFO | data_ingestion | Published headline: Here are 38 Memorial Day deals we recommend for $50 or less
2026-05-24 02:17:13 | INFO | data_ingestion | Published headline: Hanging out in my favorite virtual coffee shop in Tokyo
2026-05-24 02:17:13 | INFO | data_ingestion | Published headline: I have a new go-to browser
2026-05-24 02:17:13 | INFO | data_ingestion | Published headline: Google’s new anything-to-anything AI model is wild
2026-05-24 02:17:13 | INFO | data_ingestion | Published headline: Google&#8217;s AI search is so broken it can &#8216;disregar
2026-05-24 02:17:13 | INFO | data_ingestion | Published headline: Twelve South’s AirFly Pro 2 has hit one of its best prices a
2026-05-24 02:17:13 | INFO | data_ingestion | Published headline: Meta’s Forum is part Reddit, part Facebook, and part Google 
2026-05-24 02:17:13 | INFO | data_ingestion | Published headline: Elon, stop trying to make Grok happen
2026-05-24 02:17:13 | INFO | data_ingestion | Published headline: The best Memorial Day sales you can shop this weekend
2026-05-24 02:17:13 | INFO | data_ingestion | Published headline: Best Power Banks (2026): My Picks After Testing Over 100
2026-05-24 02:17:13 | INFO | data_ingestion | Published headline: Memorial Day Dyson Vacuum Deals: V15 Detect, Gen5Detect, Pen
2026-05-24 02:17:13 | INFO | data_ingestion | Published headline: L.L.Bean's Zip Hunter's Tote Is the Only Carryall You Need
2026-05-24 02:17:14 | INFO | data_ingestion | Published headline: Quantum ‘Jamming’ Could Help Unlock the Mysteries of Causali
2026-05-24 02:17:14 | INFO | data_ingestion | Published headline: The Best Smart Sprinklers and Irrigation Systems: In-Ground 
2026-05-24 02:17:14 | INFO | data_ingestion | Published headline: The FBI Wants ‘Near Real-Time’ Access to US License Plate Re
2026-05-24 02:17:14 | INFO | data_ingestion | Published headline: Cosmic Voids May Contain the Universe’s Best Secrets
2026-05-24 02:17:14 | INFO | data_ingestion | Published headline: Best Memorial Day Deals: Garmin, Birdfy, Branch (2026)
2026-05-24 02:17:14 | INFO | data_ingestion | Published headline: A 'Golden Orb' on the Ocean Floor Came From a Mysterious Ani
2026-05-24 02:17:14 | INFO | data_ingestion | Published headline: All Vehicles Sold in the EU Must Be Able to Hook Up to a Bre
2026-05-24 02:17:14 | INFO | data_ingestion | Published headline: SpaceX's Starship V3—still a work in progress—mostly success
2026-05-24 02:17:14 | INFO | data_ingestion | Published headline: Two space shuttle-era spacewalkers enter Astronaut Hall of F
2026-05-24 02:17:14 | INFO | data_ingestion | Published headline: China’s shark finning could lead to US seafood sanctions
2026-05-24 02:17:14 | INFO | data_ingestion | Published headline: Four Russian satellites are now within striking distance of 
2026-05-24 02:17:14 | INFO | data_ingestion | Published headline: Ebola outbreak now third largest recorded and "spreading rap
2026-05-24 02:17:14 | INFO | data_ingestion | Published headline: First-generation Chromecast users stressed by devices sudden
2026-05-24 02:17:14 | INFO | data_ingestion | Published headline: Trump FCC asks public to comment on whether ABC's The View i
2026-05-24 02:17:14 | INFO | data_ingestion | Published headline: US scrambles to stop Internet users re-creating dead pilots’
2026-05-24 02:17:14 | INFO | data_ingestion | Published headline: The Boys is dead. Long live Vought Rising.
2026-05-24 02:17:14 | INFO | data_ingestion | Published headline: Police boast of hacking VPN where criminals "believed themse
2026-05-24 02:17:14 | INFO | data_ingestion | Sleeping 60s
2026-05-24 02:18:14 | INFO | data_ingestion | Starting ingestion cycle
2026-05-24 02:18:14 | INFO | data_ingestion | Fetching TechCrunch
2026-05-24 02:18:15 | INFO | data_ingestion | TechCrunch → 10 new headlines
2026-05-24 02:18:15 | INFO | data_ingestion | Fetching The Verge
2026-05-24 02:18:15 | INFO | data_ingestion | The Verge → 10 new headlines
2026-05-24 02:18:15 | INFO | data_ingestion | Fetching Wired
2026-05-24 02:18:15 | INFO | data_ingestion | Wired → 10 new headlines
2026-05-24 02:18:15 | INFO | data_ingestion | Fetching Ars Technica
2026-05-24 02:18:16 | INFO | data_ingestion | Ars Technica → 10 new headlines
2026-05-24 02:18:16 | INFO | data_ingestion | Collected 40 headlines
2026-05-24 02:18:16 | INFO | data_ingestion | Published headline: SolarSquare in talks to raise up to $60M as India’s rooftop 
2026-05-24 02:18:16 | INFO | data_ingestion | Published headline: These special phone and app features can help protect you fr
2026-05-24 02:18:16 | INFO | data_ingestion | Published headline: Ferrari is using IBM’s AI to create F1 superfans
2026-05-24 02:18:16 | INFO | data_ingestion | Published headline: Nuclear startup Deep Fission says it’s going public, again, 
2026-05-24 02:18:16 | INFO | data_ingestion | Published headline: Elon Musk has given up on solar power (on Earth)
2026-05-24 02:18:16 | INFO | data_ingestion | Published headline: Peec, one of Berlin’s rising startups, more than doubled ann
2026-05-24 02:18:16 | INFO | data_ingestion | Published headline: AI is being used to resurrect the voices of dead pilots
2026-05-24 02:18:16 | INFO | data_ingestion | Published headline: SpaceX launches Starship V3 for the first time, but loses bo
2026-05-24 02:18:17 | INFO | data_ingestion | Published headline: Blue Origin cleared to fly New Glenn mega-rocket after April
2026-05-24 02:18:17 | INFO | data_ingestion | Published headline: Google goes for the glitter with disco-ball icons: ‘Are y’al
2026-05-24 02:18:17 | INFO | data_ingestion | Published headline: The man behind the legendary MPC, Roger Linn, stays focused 
2026-05-24 02:18:17 | INFO | data_ingestion | Published headline: Here are 38 Memorial Day deals we recommend for $50 or less
2026-05-24 02:18:17 | INFO | data_ingestion | Published headline: Hanging out in my favorite virtual coffee shop in Tokyo
2026-05-24 02:18:17 | INFO | data_ingestion | Published headline: I have a new go-to browser
2026-05-24 02:18:17 | INFO | data_ingestion | Published headline: Google’s new anything-to-anything AI model is wild
2026-05-24 02:18:17 | INFO | data_ingestion | Published headline: Google&#8217;s AI search is so broken it can &#8216;disregar
2026-05-24 02:18:17 | INFO | data_ingestion | Published headline: Twelve South’s AirFly Pro 2 has hit one of its best prices a
2026-05-24 02:18:17 | INFO | data_ingestion | Published headline: Meta’s Forum is part Reddit, part Facebook, and part Google 
2026-05-24 02:18:17 | INFO | data_ingestion | Published headline: Elon, stop trying to make Grok happen
2026-05-24 02:18:17 | INFO | data_ingestion | Published headline: The best Memorial Day sales you can shop this weekend
2026-05-24 02:18:17 | INFO | data_ingestion | Published headline: Best Power Banks (2026): My Picks After Testing Over 100
2026-05-24 02:18:17 | INFO | data_ingestion | Published headline: Memorial Day Dyson Vacuum Deals: V15 Detect, Gen5Detect, Pen
2026-05-24 02:18:17 | INFO | data_ingestion | Published headline: L.L.Bean's Zip Hunter's Tote Is the Only Carryall You Need
2026-05-24 02:18:17 | INFO | data_ingestion | Published headline: Quantum ‘Jamming’ Could Help Unlock the Mysteries of Causali
2026-05-24 02:18:17 | INFO | data_ingestion | Published headline: The Best Smart Sprinklers and Irrigation Systems: In-Ground 
2026-05-24 02:18:17 | INFO | data_ingestion | Published headline: The FBI Wants ‘Near Real-Time’ Access to US License Plate Re
2026-05-24 02:18:18 | INFO | data_ingestion | Published headline: Cosmic Voids May Contain the Universe’s Best Secrets
2026-05-24 02:18:18 | INFO | data_ingestion | Published headline: Best Memorial Day Deals: Garmin, Birdfy, Branch (2026)
2026-05-24 02:18:18 | INFO | data_ingestion | Published headline: A 'Golden Orb' on the Ocean Floor Came From a Mysterious Ani
2026-05-24 02:18:18 | INFO | data_ingestion | Published headline: All Vehicles Sold in the EU Must Be Able to Hook Up to a Bre
2026-05-24 02:18:18 | INFO | data_ingestion | Published headline: SpaceX's Starship V3—still a work in progress—mostly success
2026-05-24 02:18:18 | INFO | data_ingestion | Published headline: Two space shuttle-era spacewalkers enter Astronaut Hall of F
2026-05-24 02:18:18 | INFO | data_ingestion | Published headline: China’s shark finning could lead to US seafood sanctions
2026-05-24 02:18:18 | INFO | data_ingestion | Published headline: Four Russian satellites are now within striking distance of 
2026-05-24 02:18:18 | INFO | data_ingestion | Published headline: Ebola outbreak now third largest recorded and "spreading rap
2026-05-24 02:18:18 | INFO | data_ingestion | Published headline: First-generation Chromecast users stressed by devices sudden
2026-05-24 02:18:18 | INFO | data_ingestion | Published headline: Trump FCC asks public to comment on whether ABC's The View i
2026-05-24 02:18:18 | INFO | data_ingestion | Published headline: US scrambles to stop Internet users re-creating dead pilots’
2026-05-24 02:18:18 | INFO | data_ingestion | Published headline: The Boys is dead. Long live Vought Rising.
2026-05-24 02:18:18 | INFO | data_ingestion | Published headline: Police boast of hacking VPN where criminals "believed themse
2026-05-24 02:18:18 | INFO | data_ingestion | Sleeping 60s
2026-05-24 02:19:18 | INFO | data_ingestion | Starting ingestion cycle
2026-05-24 02:19:18 | INFO | data_ingestion | Fetching TechCrunch
2026-05-24 02:19:18 | INFO | data_ingestion | TechCrunch → 10 new headlines
2026-05-24 02:19:18 | INFO | data_ingestion | Fetching The Verge
2026-05-24 02:19:19 | INFO | data_ingestion | The Verge → 10 new headlines
2026-05-24 02:19:19 | INFO | data_ingestion | Fetching Wired
2026-05-24 02:19:19 | INFO | data_ingestion | Wired → 10 new headlines
2026-05-24 02:19:19 | INFO | data_ingestion | Fetching Ars Technica
2026-05-24 02:19:21 | INFO | data_ingestion | Ars Technica → 10 new headlines
2026-05-24 02:19:21 | INFO | data_ingestion | Collected 40 headlines
2026-05-24 02:19:21 | INFO | data_ingestion | Published headline: SolarSquare in talks to raise up to $60M as India’s rooftop 
2026-05-24 02:19:21 | INFO | data_ingestion | Published headline: These special phone and app features can help protect you fr
2026-05-24 02:19:22 | INFO | data_ingestion | Published headline: Ferrari is using IBM’s AI to create F1 superfans
2026-05-24 02:19:22 | INFO | data_ingestion | Published headline: Nuclear startup Deep Fission says it’s going public, again, 
2026-05-24 02:19:22 | INFO | data_ingestion | Published headline: Elon Musk has given up on solar power (on Earth)
2026-05-24 02:19:22 | INFO | data_ingestion | Published headline: Peec, one of Berlin’s rising startups, more than doubled ann
2026-05-24 02:19:22 | INFO | data_ingestion | Published headline: AI is being used to resurrect the voices of dead pilots
2026-05-24 02:19:22 | INFO | data_ingestion | Published headline: SpaceX launches Starship V3 for the first time, but loses bo
2026-05-24 02:19:22 | INFO | data_ingestion | Published headline: Blue Origin cleared to fly New Glenn mega-rocket after April
2026-05-24 02:19:22 | INFO | data_ingestion | Published headline: Google goes for the glitter with disco-ball icons: ‘Are y’al
2026-05-24 02:19:22 | INFO | data_ingestion | Published headline: The man behind the legendary MPC, Roger Linn, stays focused 
2026-05-24 02:19:22 | INFO | data_ingestion | Published headline: Here are 38 Memorial Day deals we recommend for $50 or less
2026-05-24 02:19:22 | INFO | data_ingestion | Published headline: Hanging out in my favorite virtual coffee shop in Tokyo
2026-05-24 02:19:22 | INFO | data_ingestion | Published headline: I have a new go-to browser
2026-05-24 02:19:22 | INFO | data_ingestion | Published headline: Google’s new anything-to-anything AI model is wild
2026-05-24 02:19:22 | INFO | data_ingestion | Published headline: Google&#8217;s AI search is so broken it can &#8216;disregar
2026-05-24 02:19:22 | INFO | data_ingestion | Published headline: Twelve South’s AirFly Pro 2 has hit one of its best prices a
2026-05-24 02:19:22 | INFO | data_ingestion | Published headline: Meta’s Forum is part Reddit, part Facebook, and part Google 
2026-05-24 02:19:22 | INFO | data_ingestion | Published headline: Elon, stop trying to make Grok happen
2026-05-24 02:19:22 | INFO | data_ingestion | Published headline: The best Memorial Day sales you can shop this weekend
2026-05-24 02:19:22 | INFO | data_ingestion | Published headline: Best Power Banks (2026): My Picks After Testing Over 100
2026-05-24 02:19:23 | INFO | data_ingestion | Published headline: Memorial Day Dyson Vacuum Deals: V15 Detect, Gen5Detect, Pen
2026-05-24 02:19:23 | INFO | data_ingestion | Published headline: L.L.Bean's Zip Hunter's Tote Is the Only Carryall You Need
2026-05-24 02:19:23 | INFO | data_ingestion | Published headline: Quantum ‘Jamming’ Could Help Unlock the Mysteries of Causali
2026-05-24 02:19:23 | INFO | data_ingestion | Published headline: The Best Smart Sprinklers and Irrigation Systems: In-Ground 
2026-05-24 02:19:23 | INFO | data_ingestion | Published headline: The FBI Wants ‘Near Real-Time’ Access to US License Plate Re
2026-05-24 02:19:23 | INFO | data_ingestion | Published headline: Cosmic Voids May Contain the Universe’s Best Secrets
2026-05-24 02:19:23 | INFO | data_ingestion | Published headline: Best Memorial Day Deals: Garmin, Birdfy, Branch (2026)
2026-05-24 02:19:23 | INFO | data_ingestion | Published headline: A 'Golden Orb' on the Ocean Floor Came From a Mysterious Ani
2026-05-24 02:19:23 | INFO | data_ingestion | Published headline: All Vehicles Sold in the EU Must Be Able to Hook Up to a Bre
2026-05-24 02:19:23 | INFO | data_ingestion | Published headline: SpaceX's Starship V3—still a work in progress—mostly success
2026-05-24 02:19:23 | INFO | data_ingestion | Published headline: Two space shuttle-era spacewalkers enter Astronaut Hall of F
2026-05-24 02:19:23 | INFO | data_ingestion | Published headline: China’s shark finning could lead to US seafood sanctions
2026-05-24 02:19:23 | INFO | data_ingestion | Published headline: Four Russian satellites are now within striking distance of 
2026-05-24 02:19:23 | INFO | data_ingestion | Published headline: Ebola outbreak now third largest recorded and "spreading rap
2026-05-24 02:19:23 | INFO | data_ingestion | Published headline: First-generation Chromecast users stressed by devices sudden
2026-05-24 02:19:23 | INFO | data_ingestion | Published headline: Trump FCC asks public to comment on whether ABC's The View i
2026-05-24 02:19:23 | INFO | data_ingestion | Published headline: US scrambles to stop Internet users re-creating dead pilots’
2026-05-24 02:19:23 | INFO | data_ingestion | Published headline: The Boys is dead. Long live Vought Rising.
2026-05-24 02:19:23 | INFO | data_ingestion | Published headline: Police boast of hacking VPN where criminals "believed themse
2026-05-24 02:19:23 | INFO | data_ingestion | Sleeping 60s
2026-05-24 02:20:24 | INFO | data_ingestion | Starting ingestion cycle
2026-05-24 02:20:24 | INFO | data_ingestion | Fetching TechCrunch
2026-05-24 02:20:24 | INFO | data_ingestion | TechCrunch → 10 new headlines
2026-05-24 02:20:24 | INFO | data_ingestion | Fetching The Verge
2026-05-24 02:20:24 | INFO | data_ingestion | The Verge → 10 new headlines
2026-05-24 02:20:24 | INFO | data_ingestion | Fetching Wired
2026-05-24 02:20:24 | INFO | data_ingestion | Wired → 10 new headlines
2026-05-24 02:20:24 | INFO | data_ingestion | Fetching Ars Technica
2026-05-24 02:20:25 | INFO | data_ingestion | Ars Technica → 10 new headlines
2026-05-24 02:20:25 | INFO | data_ingestion | Collected 40 headlines
2026-05-24 02:20:25 | INFO | data_ingestion | Published headline: SolarSquare in talks to raise up to $60M as India’s rooftop 
2026-05-24 02:20:25 | INFO | data_ingestion | Published headline: These special phone and app features can help protect you fr
2026-05-24 02:20:25 | INFO | data_ingestion | Published headline: Ferrari is using IBM’s AI to create F1 superfans
2026-05-24 02:20:25 | INFO | data_ingestion | Published headline: Nuclear startup Deep Fission says it’s going public, again, 
2026-05-24 02:20:25 | INFO | data_ingestion | Published headline: Elon Musk has given up on solar power (on Earth)
2026-05-24 02:20:25 | INFO | data_ingestion | Published headline: Peec, one of Berlin’s rising startups, more than doubled ann
2026-05-24 02:20:25 | INFO | data_ingestion | Published headline: AI is being used to resurrect the voices of dead pilots
2026-05-24 02:20:25 | INFO | data_ingestion | Published headline: SpaceX launches Starship V3 for the first time, but loses bo
2026-05-24 02:20:25 | INFO | data_ingestion | Published headline: Blue Origin cleared to fly New Glenn mega-rocket after April
2026-05-24 02:20:25 | INFO | data_ingestion | Published headline: Google goes for the glitter with disco-ball icons: ‘Are y’al
2026-05-24 02:20:26 | INFO | data_ingestion | Published headline: The man behind the legendary MPC, Roger Linn, stays focused 
2026-05-24 02:20:26 | INFO | data_ingestion | Published headline: Here are 38 Memorial Day deals we recommend for $50 or less
2026-05-24 02:20:26 | INFO | data_ingestion | Published headline: Hanging out in my favorite virtual coffee shop in Tokyo
2026-05-24 02:20:26 | INFO | data_ingestion | Published headline: I have a new go-to browser
2026-05-24 02:20:26 | INFO | data_ingestion | Published headline: Google’s new anything-to-anything AI model is wild
2026-05-24 02:20:26 | INFO | data_ingestion | Published headline: Google&#8217;s AI search is so broken it can &#8216;disregar
2026-05-24 02:20:26 | INFO | data_ingestion | Published headline: Twelve South’s AirFly Pro 2 has hit one of its best prices a
2026-05-24 02:20:26 | INFO | data_ingestion | Published headline: Meta’s Forum is part Reddit, part Facebook, and part Google 
2026-05-24 02:20:26 | INFO | data_ingestion | Published headline: Elon, stop trying to make Grok happen
2026-05-24 02:20:26 | INFO | data_ingestion | Published headline: The best Memorial Day sales you can shop this weekend
2026-05-24 02:20:26 | INFO | data_ingestion | Published headline: Best Power Banks (2026): My Picks After Testing Over 100
2026-05-24 02:20:26 | INFO | data_ingestion | Published headline: Memorial Day Dyson Vacuum Deals: V15 Detect, Gen5Detect, Pen
2026-05-24 02:20:26 | INFO | data_ingestion | Published headline: L.L.Bean's Zip Hunter's Tote Is the Only Carryall You Need
2026-05-24 02:20:26 | INFO | data_ingestion | Published headline: Quantum ‘Jamming’ Could Help Unlock the Mysteries of Causali
2026-05-24 02:20:26 | INFO | data_ingestion | Published headline: The Best Smart Sprinklers and Irrigation Systems: In-Ground 
2026-05-24 02:20:26 | INFO | data_ingestion | Published headline: The FBI Wants ‘Near Real-Time’ Access to US License Plate Re
2026-05-24 02:20:26 | INFO | data_ingestion | Published headline: Cosmic Voids May Contain the Universe’s Best Secrets
2026-05-24 02:20:26 | INFO | data_ingestion | Published headline: Best Memorial Day Deals: Garmin, Birdfy, Branch (2026)
2026-05-24 02:20:26 | INFO | data_ingestion | Published headline: A 'Golden Orb' on the Ocean Floor Came From a Mysterious Ani
2026-05-24 02:20:26 | INFO | data_ingestion | Published headline: All Vehicles Sold in the EU Must Be Able to Hook Up to a Bre
2026-05-24 02:20:26 | INFO | data_ingestion | Published headline: SpaceX's Starship V3—still a work in progress—mostly success
2026-05-24 02:20:27 | INFO | data_ingestion | Published headline: Two space shuttle-era spacewalkers enter Astronaut Hall of F
2026-05-24 02:20:27 | INFO | data_ingestion | Published headline: China’s shark finning could lead to US seafood sanctions
2026-05-24 02:20:27 | INFO | data_ingestion | Published headline: Four Russian satellites are now within striking distance of 
2026-05-24 02:20:27 | INFO | data_ingestion | Published headline: Ebola outbreak now third largest recorded and "spreading rap
2026-05-24 02:20:27 | INFO | data_ingestion | Published headline: First-generation Chromecast users stressed by devices sudden
2026-05-24 02:20:27 | INFO | data_ingestion | Published headline: Trump FCC asks public to comment on whether ABC's The View i
2026-05-24 02:20:27 | INFO | data_ingestion | Published headline: US scrambles to stop Internet users re-creating dead pilots’
2026-05-24 02:20:27 | INFO | data_ingestion | Published headline: The Boys is dead. Long live Vought Rising.
2026-05-24 02:20:27 | INFO | data_ingestion | Published headline: Police boast of hacking VPN where criminals "believed themse
2026-05-24 02:20:27 | INFO | data_ingestion | Sleeping 60s
2026-05-24 02:21:27 | INFO | data_ingestion | Starting ingestion cycle
2026-05-24 02:21:27 | INFO | data_ingestion | Fetching TechCrunch
2026-05-24 02:21:27 | INFO | data_ingestion | TechCrunch → 10 new headlines
2026-05-24 02:21:27 | INFO | data_ingestion | Fetching The Verge
2026-05-24 02:21:28 | INFO | data_ingestion | The Verge → 10 new headlines
2026-05-24 02:21:28 | INFO | data_ingestion | Fetching Wired
2026-05-24 02:21:28 | INFO | data_ingestion | Wired → 10 new headlines
2026-05-24 02:21:28 | INFO | data_ingestion | Fetching Ars Technica
2026-05-24 02:21:30 | INFO | data_ingestion | Ars Technica → 10 new headlines
2026-05-24 02:21:30 | INFO | data_ingestion | Collected 40 headlines
2026-05-24 02:21:30 | INFO | data_ingestion | Published headline: SolarSquare in talks to raise up to $60M as India’s rooftop 
2026-05-24 02:21:30 | INFO | data_ingestion | Published headline: These special phone and app features can help protect you fr
2026-05-24 02:21:30 | INFO | data_ingestion | Published headline: Ferrari is using IBM’s AI to create F1 superfans
2026-05-24 02:21:30 | INFO | data_ingestion | Published headline: Nuclear startup Deep Fission says it’s going public, again, 
2026-05-24 02:21:30 | INFO | data_ingestion | Published headline: Elon Musk has given up on solar power (on Earth)
2026-05-24 02:21:30 | INFO | data_ingestion | Published headline: Peec, one of Berlin’s rising startups, more than doubled ann
2026-05-24 02:21:30 | INFO | data_ingestion | Published headline: AI is being used to resurrect the voices of dead pilots
2026-05-24 02:21:30 | INFO | data_ingestion | Published headline: SpaceX launches Starship V3 for the first time, but loses bo
2026-05-24 02:21:31 | INFO | data_ingestion | Published headline: Blue Origin cleared to fly New Glenn mega-rocket after April
2026-05-24 02:21:31 | INFO | data_ingestion | Published headline: Google goes for the glitter with disco-ball icons: ‘Are y’al
2026-05-24 02:21:31 | INFO | data_ingestion | Published headline: The man behind the legendary MPC, Roger Linn, stays focused 
2026-05-24 02:21:31 | INFO | data_ingestion | Published headline: Here are 38 Memorial Day deals we recommend for $50 or less
2026-05-24 02:21:31 | INFO | data_ingestion | Published headline: Hanging out in my favorite virtual coffee shop in Tokyo
2026-05-24 02:21:31 | INFO | data_ingestion | Published headline: I have a new go-to browser
2026-05-24 02:21:31 | INFO | data_ingestion | Published headline: Google’s new anything-to-anything AI model is wild
2026-05-24 02:21:31 | INFO | data_ingestion | Published headline: Google&#8217;s AI search is so broken it can &#8216;disregar
2026-05-24 02:21:31 | INFO | data_ingestion | Published headline: Twelve South’s AirFly Pro 2 has hit one of its best prices a
2026-05-24 02:21:31 | INFO | data_ingestion | Published headline: Meta’s Forum is part Reddit, part Facebook, and part Google 
2026-05-24 02:21:31 | INFO | data_ingestion | Published headline: Elon, stop trying to make Grok happen
2026-05-24 02:21:31 | INFO | data_ingestion | Published headline: The best Memorial Day sales you can shop this weekend
2026-05-24 02:21:31 | INFO | data_ingestion | Published headline: Best Power Banks (2026): My Picks After Testing Over 100
2026-05-24 02:21:31 | INFO | data_ingestion | Published headline: Memorial Day Dyson Vacuum Deals: V15 Detect, Gen5Detect, Pen
2026-05-24 02:21:31 | INFO | data_ingestion | Published headline: L.L.Bean's Zip Hunter's Tote Is the Only Carryall You Need
2026-05-24 02:21:31 | INFO | data_ingestion | Published headline: Quantum ‘Jamming’ Could Help Unlock the Mysteries of Causali
2026-05-24 02:21:31 | INFO | data_ingestion | Published headline: The Best Smart Sprinklers and Irrigation Systems: In-Ground 
2026-05-24 02:21:31 | INFO | data_ingestion | Published headline: The FBI Wants ‘Near Real-Time’ Access to US License Plate Re
2026-05-24 02:21:31 | INFO | data_ingestion | Published headline: Cosmic Voids May Contain the Universe’s Best Secrets
2026-05-24 02:21:32 | INFO | data_ingestion | Published headline: Best Memorial Day Deals: Garmin, Birdfy, Branch (2026)
2026-05-24 02:21:32 | INFO | data_ingestion | Published headline: A 'Golden Orb' on the Ocean Floor Came From a Mysterious Ani
2026-05-24 02:21:32 | INFO | data_ingestion | Published headline: All Vehicles Sold in the EU Must Be Able to Hook Up to a Bre
2026-05-24 02:21:32 | INFO | data_ingestion | Published headline: SpaceX's Starship V3—still a work in progress—mostly success
2026-05-24 02:21:32 | INFO | data_ingestion | Published headline: Two space shuttle-era spacewalkers enter Astronaut Hall of F
2026-05-24 02:21:32 | INFO | data_ingestion | Published headline: China’s shark finning could lead to US seafood sanctions
2026-05-24 02:21:32 | INFO | data_ingestion | Published headline: Four Russian satellites are now within striking distance of 
2026-05-24 02:21:32 | INFO | data_ingestion | Published headline: Ebola outbreak now third largest recorded and "spreading rap
2026-05-24 02:21:32 | INFO | data_ingestion | Published headline: First-generation Chromecast users stressed by devices sudden
2026-05-24 02:21:32 | INFO | data_ingestion | Published headline: Trump FCC asks public to comment on whether ABC's The View i
2026-05-24 02:21:32 | INFO | data_ingestion | Published headline: US scrambles to stop Internet users re-creating dead pilots’
2026-05-24 02:21:32 | INFO | data_ingestion | Published headline: The Boys is dead. Long live Vought Rising.
2026-05-24 02:21:32 | INFO | data_ingestion | Published headline: Police boast of hacking VPN where criminals "believed themse
2026-05-24 02:21:32 | INFO | data_ingestion | Sleeping 60s
2026-05-24 02:22:32 | INFO | data_ingestion | Starting ingestion cycle
2026-05-24 02:22:32 | INFO | data_ingestion | Fetching TechCrunch
2026-05-24 02:22:32 | INFO | data_ingestion | TechCrunch → 10 new headlines
2026-05-24 02:22:32 | INFO | data_ingestion | Fetching The Verge
2026-05-24 02:22:33 | INFO | data_ingestion | The Verge → 10 new headlines
2026-05-24 02:22:33 | INFO | data_ingestion | Fetching Wired
2026-05-24 02:22:33 | INFO | data_ingestion | Wired → 10 new headlines
2026-05-24 02:22:33 | INFO | data_ingestion | Fetching Ars Technica
2026-05-24 02:22:35 | INFO | data_ingestion | Ars Technica → 10 new headlines
2026-05-24 02:22:35 | INFO | data_ingestion | Collected 40 headlines
2026-05-24 02:22:35 | INFO | data_ingestion | Published headline: SolarSquare in talks to raise up to $60M as India’s rooftop 
2026-05-24 02:22:35 | INFO | data_ingestion | Published headline: These special phone and app features can help protect you fr
2026-05-24 02:22:35 | INFO | data_ingestion | Published headline: Ferrari is using IBM’s AI to create F1 superfans
2026-05-24 02:22:36 | INFO | data_ingestion | Published headline: Nuclear startup Deep Fission says it’s going public, again, 
2026-05-24 02:22:36 | INFO | data_ingestion | Published headline: Elon Musk has given up on solar power (on Earth)
2026-05-24 02:22:36 | INFO | data_ingestion | Published headline: Peec, one of Berlin’s rising startups, more than doubled ann
2026-05-24 02:22:36 | INFO | data_ingestion | Published headline: AI is being used to resurrect the voices of dead pilots
2026-05-24 02:22:36 | INFO | data_ingestion | Published headline: SpaceX launches Starship V3 for the first time, but loses bo
2026-05-24 02:22:36 | INFO | data_ingestion | Published headline: Blue Origin cleared to fly New Glenn mega-rocket after April
2026-05-24 02:22:36 | INFO | data_ingestion | Published headline: Google goes for the glitter with disco-ball icons: ‘Are y’al
2026-05-24 02:22:36 | INFO | data_ingestion | Published headline: The man behind the legendary MPC, Roger Linn, stays focused 
2026-05-24 02:22:36 | INFO | data_ingestion | Published headline: Here are 38 Memorial Day deals we recommend for $50 or less
2026-05-24 02:22:36 | INFO | data_ingestion | Published headline: Hanging out in my favorite virtual coffee shop in Tokyo
2026-05-24 02:22:36 | INFO | data_ingestion | Published headline: I have a new go-to browser
2026-05-24 02:22:36 | INFO | data_ingestion | Published headline: Google’s new anything-to-anything AI model is wild
2026-05-24 02:22:36 | INFO | data_ingestion | Published headline: Google&#8217;s AI search is so broken it can &#8216;disregar
2026-05-24 02:22:36 | INFO | data_ingestion | Published headline: Twelve South’s AirFly Pro 2 has hit one of its best prices a
2026-05-24 02:22:36 | INFO | data_ingestion | Published headline: Meta’s Forum is part Reddit, part Facebook, and part Google 
2026-05-24 02:22:36 | INFO | data_ingestion | Published headline: Elon, stop trying to make Grok happen
2026-05-24 02:22:36 | INFO | data_ingestion | Published headline: The best Memorial Day sales you can shop this weekend
2026-05-24 02:22:36 | INFO | data_ingestion | Published headline: Best Power Banks (2026): My Picks After Testing Over 100
2026-05-24 02:22:36 | INFO | data_ingestion | Published headline: Memorial Day Dyson Vacuum Deals: V15 Detect, Gen5Detect, Pen
2026-05-24 02:22:37 | INFO | data_ingestion | Published headline: L.L.Bean's Zip Hunter's Tote Is the Only Carryall You Need
2026-05-24 02:22:37 | INFO | data_ingestion | Published headline: Quantum ‘Jamming’ Could Help Unlock the Mysteries of Causali
2026-05-24 02:22:37 | INFO | data_ingestion | Published headline: The Best Smart Sprinklers and Irrigation Systems: In-Ground 
2026-05-24 02:22:37 | INFO | data_ingestion | Published headline: The FBI Wants ‘Near Real-Time’ Access to US License Plate Re
2026-05-24 02:22:37 | INFO | data_ingestion | Published headline: Cosmic Voids May Contain the Universe’s Best Secrets
2026-05-24 02:22:37 | INFO | data_ingestion | Published headline: Best Memorial Day Deals: Garmin, Birdfy, Branch (2026)
2026-05-24 02:22:37 | INFO | data_ingestion | Published headline: A 'Golden Orb' on the Ocean Floor Came From a Mysterious Ani
2026-05-24 02:22:37 | INFO | data_ingestion | Published headline: All Vehicles Sold in the EU Must Be Able to Hook Up to a Bre
2026-05-24 02:22:37 | INFO | data_ingestion | Published headline: SpaceX's Starship V3—still a work in progress—mostly success
2026-05-24 02:22:37 | INFO | data_ingestion | Published headline: Two space shuttle-era spacewalkers enter Astronaut Hall of F
2026-05-24 02:22:37 | INFO | data_ingestion | Published headline: China’s shark finning could lead to US seafood sanctions
2026-05-24 02:22:37 | INFO | data_ingestion | Published headline: Four Russian satellites are now within striking distance of 
2026-05-24 02:22:37 | INFO | data_ingestion | Published headline: Ebola outbreak now third largest recorded and "spreading rap
2026-05-24 02:22:37 | INFO | data_ingestion | Published headline: First-generation Chromecast users stressed by devices sudden
2026-05-24 02:22:37 | INFO | data_ingestion | Published headline: Trump FCC asks public to comment on whether ABC's The View i
2026-05-24 02:22:37 | INFO | data_ingestion | Published headline: US scrambles to stop Internet users re-creating dead pilots’
2026-05-24 02:22:37 | INFO | data_ingestion | Published headline: The Boys is dead. Long live Vought Rising.
2026-05-24 02:22:37 | INFO | data_ingestion | Published headline: Police boast of hacking VPN where criminals "believed themse
2026-05-24 02:22:37 | INFO | data_ingestion | Sleeping 60s
2026-05-24 02:23:37 | INFO | data_ingestion | Starting ingestion cycle
2026-05-24 02:23:37 | INFO | data_ingestion | Fetching TechCrunch
2026-05-24 02:23:38 | INFO | data_ingestion | TechCrunch → 10 new headlines
2026-05-24 02:23:38 | INFO | data_ingestion | Fetching The Verge
2026-05-24 02:23:38 | INFO | data_ingestion | The Verge → 10 new headlines
2026-05-24 02:23:38 | INFO | data_ingestion | Fetching Wired
2026-05-24 02:23:38 | INFO | data_ingestion | Wired → 10 new headlines
2026-05-24 02:23:38 | INFO | data_ingestion | Fetching Ars Technica
2026-05-24 02:23:40 | INFO | data_ingestion | Ars Technica → 10 new headlines
2026-05-24 02:23:40 | INFO | data_ingestion | Collected 40 headlines
2026-05-24 02:23:40 | INFO | data_ingestion | Published headline: SolarSquare in talks to raise up to $60M as India’s rooftop 
2026-05-24 02:23:40 | INFO | data_ingestion | Published headline: These special phone and app features can help protect you fr
2026-05-24 02:23:40 | INFO | data_ingestion | Published headline: Ferrari is using IBM’s AI to create F1 superfans
2026-05-24 02:23:40 | INFO | data_ingestion | Published headline: Nuclear startup Deep Fission says it’s going public, again, 
2026-05-24 02:23:40 | INFO | data_ingestion | Published headline: Elon Musk has given up on solar power (on Earth)
2026-05-24 02:23:40 | INFO | data_ingestion | Published headline: Peec, one of Berlin’s rising startups, more than doubled ann
2026-05-24 02:23:40 | INFO | data_ingestion | Published headline: AI is being used to resurrect the voices of dead pilots
2026-05-24 02:23:40 | INFO | data_ingestion | Published headline: SpaceX launches Starship V3 for the first time, but loses bo
2026-05-24 02:23:41 | INFO | data_ingestion | Published headline: Blue Origin cleared to fly New Glenn mega-rocket after April
2026-05-24 02:23:41 | INFO | data_ingestion | Published headline: Google goes for the glitter with disco-ball icons: ‘Are y’al
2026-05-24 02:23:41 | INFO | data_ingestion | Published headline: The man behind the legendary MPC, Roger Linn, stays focused 
2026-05-24 02:23:41 | INFO | data_ingestion | Published headline: Here are 38 Memorial Day deals we recommend for $50 or less
2026-05-24 02:23:41 | INFO | data_ingestion | Published headline: Hanging out in my favorite virtual coffee shop in Tokyo
2026-05-24 02:23:41 | INFO | data_ingestion | Published headline: I have a new go-to browser
2026-05-24 02:23:41 | INFO | data_ingestion | Published headline: Google’s new anything-to-anything AI model is wild
2026-05-24 02:23:41 | INFO | data_ingestion | Published headline: Google&#8217;s AI search is so broken it can &#8216;disregar
2026-05-24 02:23:41 | INFO | data_ingestion | Published headline: Twelve South’s AirFly Pro 2 has hit one of its best prices a
2026-05-24 02:23:41 | INFO | data_ingestion | Published headline: Meta’s Forum is part Reddit, part Facebook, and part Google 
2026-05-24 02:23:41 | INFO | data_ingestion | Published headline: Elon, stop trying to make Grok happen
2026-05-24 02:23:41 | INFO | data_ingestion | Published headline: The best Memorial Day sales you can shop this weekend
2026-05-24 02:23:41 | INFO | data_ingestion | Published headline: Best Power Banks (2026): My Picks After Testing Over 100
2026-05-24 02:23:41 | INFO | data_ingestion | Published headline: Memorial Day Dyson Vacuum Deals: V15 Detect, Gen5Detect, Pen
2026-05-24 02:23:41 | INFO | data_ingestion | Published headline: L.L.Bean's Zip Hunter's Tote Is the Only Carryall You Need
2026-05-24 02:23:41 | INFO | data_ingestion | Published headline: Quantum ‘Jamming’ Could Help Unlock the Mysteries of Causali
2026-05-24 02:23:41 | INFO | data_ingestion | Published headline: The Best Smart Sprinklers and Irrigation Systems: In-Ground 
2026-05-24 02:23:41 | INFO | data_ingestion | Published headline: The FBI Wants ‘Near Real-Time’ Access to US License Plate Re
2026-05-24 02:23:42 | INFO | data_ingestion | Published headline: Cosmic Voids May Contain the Universe’s Best Secrets
2026-05-24 02:23:42 | INFO | data_ingestion | Published headline: Best Memorial Day Deals: Garmin, Birdfy, Branch (2026)
2026-05-24 02:23:42 | INFO | data_ingestion | Published headline: A 'Golden Orb' on the Ocean Floor Came From a Mysterious Ani
2026-05-24 02:23:42 | INFO | data_ingestion | Published headline: All Vehicles Sold in the EU Must Be Able to Hook Up to a Bre
2026-05-24 02:23:42 | INFO | data_ingestion | Published headline: SpaceX's Starship V3—still a work in progress—mostly success
2026-05-24 02:23:42 | INFO | data_ingestion | Published headline: Two space shuttle-era spacewalkers enter Astronaut Hall of F
2026-05-24 02:23:42 | INFO | data_ingestion | Published headline: China’s shark finning could lead to US seafood sanctions
2026-05-24 02:23:42 | INFO | data_ingestion | Published headline: Four Russian satellites are now within striking distance of 
2026-05-24 02:23:42 | INFO | data_ingestion | Published headline: Ebola outbreak now third largest recorded and "spreading rap
2026-05-24 02:23:42 | INFO | data_ingestion | Published headline: First-generation Chromecast users stressed by devices sudden
2026-05-24 02:23:42 | INFO | data_ingestion | Published headline: Trump FCC asks public to comment on whether ABC's The View i
2026-05-24 02:23:42 | INFO | data_ingestion | Published headline: US scrambles to stop Internet users re-creating dead pilots’
2026-05-24 02:23:42 | INFO | data_ingestion | Published headline: The Boys is dead. Long live Vought Rising.
2026-05-24 02:23:42 | INFO | data_ingestion | Published headline: Police boast of hacking VPN where criminals "believed themse
2026-05-24 02:23:42 | INFO | data_ingestion | Sleeping 60s
2026-05-24 02:24:42 | INFO | data_ingestion | Starting ingestion cycle
2026-05-24 02:24:42 | INFO | data_ingestion | Fetching TechCrunch
2026-05-24 02:24:43 | INFO | data_ingestion | TechCrunch → 10 new headlines
2026-05-24 02:24:43 | INFO | data_ingestion | Fetching The Verge
2026-05-24 02:24:43 | INFO | data_ingestion | The Verge → 10 new headlines
2026-05-24 02:24:43 | INFO | data_ingestion | Fetching Wired
2026-05-24 02:24:43 | INFO | data_ingestion | Wired → 10 new headlines
2026-05-24 02:24:43 | INFO | data_ingestion | Fetching Ars Technica
2026-05-24 02:24:45 | INFO | data_ingestion | Ars Technica → 10 new headlines
2026-05-24 02:24:45 | INFO | data_ingestion | Collected 40 headlines
2026-05-24 02:24:45 | INFO | data_ingestion | Published headline: SolarSquare in talks to raise up to $60M as India’s rooftop 
2026-05-24 02:24:45 | INFO | data_ingestion | Published headline: These special phone and app features can help protect you fr
2026-05-24 02:24:45 | INFO | data_ingestion | Published headline: Ferrari is using IBM’s AI to create F1 superfans
2026-05-24 02:24:45 | INFO | data_ingestion | Published headline: Nuclear startup Deep Fission says it’s going public, again, 
2026-05-24 02:24:46 | INFO | data_ingestion | Published headline: Elon Musk has given up on solar power (on Earth)
2026-05-24 02:24:46 | INFO | data_ingestion | Published headline: Peec, one of Berlin’s rising startups, more than doubled ann
2026-05-24 02:24:46 | INFO | data_ingestion | Published headline: AI is being used to resurrect the voices of dead pilots
2026-05-24 02:24:46 | INFO | data_ingestion | Published headline: SpaceX launches Starship V3 for the first time, but loses bo
2026-05-24 02:24:46 | INFO | data_ingestion | Published headline: Blue Origin cleared to fly New Glenn mega-rocket after April
2026-05-24 02:24:46 | INFO | data_ingestion | Published headline: Google goes for the glitter with disco-ball icons: ‘Are y’al
2026-05-24 02:24:46 | INFO | data_ingestion | Published headline: The man behind the legendary MPC, Roger Linn, stays focused 
2026-05-24 02:24:46 | INFO | data_ingestion | Published headline: Here are 38 Memorial Day deals we recommend for $50 or less
2026-05-24 02:24:46 | INFO | data_ingestion | Published headline: Hanging out in my favorite virtual coffee shop in Tokyo
2026-05-24 02:24:46 | INFO | data_ingestion | Published headline: I have a new go-to browser
2026-05-24 02:24:46 | INFO | data_ingestion | Published headline: Google’s new anything-to-anything AI model is wild
2026-05-24 02:24:46 | INFO | data_ingestion | Published headline: Google&#8217;s AI search is so broken it can &#8216;disregar
2026-05-24 02:24:46 | INFO | data_ingestion | Published headline: Twelve South’s AirFly Pro 2 has hit one of its best prices a
2026-05-24 02:24:46 | INFO | data_ingestion | Published headline: Meta’s Forum is part Reddit, part Facebook, and part Google 
2026-05-24 02:24:46 | INFO | data_ingestion | Published headline: Elon, stop trying to make Grok happen
2026-05-24 02:24:46 | INFO | data_ingestion | Published headline: The best Memorial Day sales you can shop this weekend
2026-05-24 02:24:46 | INFO | data_ingestion | Published headline: Best Power Banks (2026): My Picks After Testing Over 100
2026-05-24 02:24:47 | INFO | data_ingestion | Published headline: Memorial Day Dyson Vacuum Deals: V15 Detect, Gen5Detect, Pen
2026-05-24 02:24:47 | INFO | data_ingestion | Published headline: L.L.Bean's Zip Hunter's Tote Is the Only Carryall You Need
2026-05-24 02:24:47 | INFO | data_ingestion | Published headline: Quantum ‘Jamming’ Could Help Unlock the Mysteries of Causali
2026-05-24 02:24:47 | INFO | data_ingestion | Published headline: The Best Smart Sprinklers and Irrigation Systems: In-Ground 
2026-05-24 02:24:47 | INFO | data_ingestion | Published headline: The FBI Wants ‘Near Real-Time’ Access to US License Plate Re
2026-05-24 02:24:47 | INFO | data_ingestion | Published headline: Cosmic Voids May Contain the Universe’s Best Secrets
2026-05-24 02:24:47 | INFO | data_ingestion | Published headline: Best Memorial Day Deals: Garmin, Birdfy, Branch (2026)
2026-05-24 02:24:47 | INFO | data_ingestion | Published headline: A 'Golden Orb' on the Ocean Floor Came From a Mysterious Ani
2026-05-24 02:24:47 | INFO | data_ingestion | Published headline: All Vehicles Sold in the EU Must Be Able to Hook Up to a Bre
2026-05-24 02:24:47 | INFO | data_ingestion | Published headline: SpaceX's Starship V3—still a work in progress—mostly success
2026-05-24 02:24:47 | INFO | data_ingestion | Published headline: Two space shuttle-era spacewalkers enter Astronaut Hall of F
2026-05-24 02:24:47 | INFO | data_ingestion | Published headline: China’s shark finning could lead to US seafood sanctions
2026-05-24 02:24:47 | INFO | data_ingestion | Published headline: Four Russian satellites are now within striking distance of 
2026-05-24 02:24:47 | INFO | data_ingestion | Published headline: Ebola outbreak now third largest recorded and "spreading rap
2026-05-24 02:24:47 | INFO | data_ingestion | Published headline: First-generation Chromecast users stressed by devices sudden
2026-05-24 02:24:47 | INFO | data_ingestion | Published headline: Trump FCC asks public to comment on whether ABC's The View i
2026-05-24 02:24:47 | INFO | data_ingestion | Published headline: US scrambles to stop Internet users re-creating dead pilots’
2026-05-24 02:24:47 | INFO | data_ingestion | Published headline: The Boys is dead. Long live Vought Rising.
2026-05-24 02:24:47 | INFO | data_ingestion | Published headline: Police boast of hacking VPN where criminals "believed themse
2026-05-24 02:24:47 | INFO | data_ingestion | Sleeping 60s
2026-05-24 02:25:47 | INFO | data_ingestion | Starting ingestion cycle
2026-05-24 02:25:47 | INFO | data_ingestion | Fetching TechCrunch
2026-05-24 02:25:48 | INFO | data_ingestion | TechCrunch → 10 new headlines
2026-05-24 02:25:48 | INFO | data_ingestion | Fetching The Verge
2026-05-24 02:25:49 | INFO | data_ingestion | The Verge → 10 new headlines
2026-05-24 02:25:49 | INFO | data_ingestion | Fetching Wired
2026-05-24 02:25:49 | INFO | data_ingestion | Wired → 10 new headlines
2026-05-24 02:25:49 | INFO | data_ingestion | Fetching Ars Technica
2026-05-24 02:25:50 | INFO | data_ingestion | Ars Technica → 10 new headlines
2026-05-24 02:25:50 | INFO | data_ingestion | Collected 40 headlines
2026-05-24 02:25:50 | INFO | data_ingestion | Published headline: SolarSquare in talks to raise up to $60M as India’s rooftop 
2026-05-24 02:25:50 | INFO | data_ingestion | Published headline: These special phone and app features can help protect you fr
2026-05-24 02:25:50 | INFO | data_ingestion | Published headline: Ferrari is using IBM’s AI to create F1 superfans
2026-05-24 02:25:50 | INFO | data_ingestion | Published headline: Nuclear startup Deep Fission says it’s going public, again, 
2026-05-24 02:25:50 | INFO | data_ingestion | Published headline: Elon Musk has given up on solar power (on Earth)
2026-05-24 02:25:51 | INFO | data_ingestion | Published headline: Peec, one of Berlin’s rising startups, more than doubled ann
2026-05-24 02:25:51 | INFO | data_ingestion | Published headline: AI is being used to resurrect the voices of dead pilots
2026-05-24 02:25:51 | INFO | data_ingestion | Published headline: SpaceX launches Starship V3 for the first time, but loses bo
2026-05-24 02:25:51 | INFO | data_ingestion | Published headline: Blue Origin cleared to fly New Glenn mega-rocket after April
2026-05-24 02:25:51 | INFO | data_ingestion | Published headline: Google goes for the glitter with disco-ball icons: ‘Are y’al
2026-05-24 02:25:51 | INFO | data_ingestion | Published headline: The man behind the legendary MPC, Roger Linn, stays focused 
2026-05-24 02:25:51 | INFO | data_ingestion | Published headline: Here are 38 Memorial Day deals we recommend for $50 or less
2026-05-24 02:25:51 | INFO | data_ingestion | Published headline: Hanging out in my favorite virtual coffee shop in Tokyo
2026-05-24 02:25:51 | INFO | data_ingestion | Published headline: I have a new go-to browser
2026-05-24 02:25:51 | INFO | data_ingestion | Published headline: Google’s new anything-to-anything AI model is wild
2026-05-24 02:25:51 | INFO | data_ingestion | Published headline: Google&#8217;s AI search is so broken it can &#8216;disregar
2026-05-24 02:25:51 | INFO | data_ingestion | Published headline: Twelve South’s AirFly Pro 2 has hit one of its best prices a
2026-05-24 02:25:51 | INFO | data_ingestion | Published headline: Meta’s Forum is part Reddit, part Facebook, and part Google 
2026-05-24 02:25:51 | INFO | data_ingestion | Published headline: Elon, stop trying to make Grok happen
2026-05-24 02:25:51 | INFO | data_ingestion | Published headline: The best Memorial Day sales you can shop this weekend
2026-05-24 02:25:51 | INFO | data_ingestion | Published headline: Best Power Banks (2026): My Picks After Testing Over 100
2026-05-24 02:25:51 | INFO | data_ingestion | Published headline: Memorial Day Dyson Vacuum Deals: V15 Detect, Gen5Detect, Pen
2026-05-24 02:25:51 | INFO | data_ingestion | Published headline: L.L.Bean's Zip Hunter's Tote Is the Only Carryall You Need
2026-05-24 02:25:52 | INFO | data_ingestion | Published headline: Quantum ‘Jamming’ Could Help Unlock the Mysteries of Causali
2026-05-24 02:25:52 | INFO | data_ingestion | Published headline: The Best Smart Sprinklers and Irrigation Systems: In-Ground 
2026-05-24 02:25:52 | INFO | data_ingestion | Published headline: The FBI Wants ‘Near Real-Time’ Access to US License Plate Re
2026-05-24 02:25:52 | INFO | data_ingestion | Published headline: Cosmic Voids May Contain the Universe’s Best Secrets
2026-05-24 02:25:52 | INFO | data_ingestion | Published headline: Best Memorial Day Deals: Garmin, Birdfy, Branch (2026)
2026-05-24 02:25:52 | INFO | data_ingestion | Published headline: A 'Golden Orb' on the Ocean Floor Came From a Mysterious Ani
2026-05-24 02:25:52 | INFO | data_ingestion | Published headline: All Vehicles Sold in the EU Must Be Able to Hook Up to a Bre
2026-05-24 02:25:52 | INFO | data_ingestion | Published headline: SpaceX's Starship V3—still a work in progress—mostly success
2026-05-24 02:25:52 | INFO | data_ingestion | Published headline: Two space shuttle-era spacewalkers enter Astronaut Hall of F
2026-05-24 02:25:52 | INFO | data_ingestion | Published headline: China’s shark finning could lead to US seafood sanctions
2026-05-24 02:25:52 | INFO | data_ingestion | Published headline: Four Russian satellites are now within striking distance of 
2026-05-24 02:25:52 | INFO | data_ingestion | Published headline: Ebola outbreak now third largest recorded and "spreading rap
2026-05-24 02:25:52 | INFO | data_ingestion | Published headline: First-generation Chromecast users stressed by devices sudden
2026-05-24 02:25:52 | INFO | data_ingestion | Published headline: Trump FCC asks public to comment on whether ABC's The View i
2026-05-24 02:25:52 | INFO | data_ingestion | Published headline: US scrambles to stop Internet users re-creating dead pilots’
2026-05-24 02:25:52 | INFO | data_ingestion | Published headline: The Boys is dead. Long live Vought Rising.
2026-05-24 02:25:52 | INFO | data_ingestion | Published headline: Police boast of hacking VPN where criminals "believed themse
2026-05-24 02:25:52 | INFO | data_ingestion | Sleeping 60s
2026-05-24 02:26:52 | INFO | data_ingestion | Starting ingestion cycle
2026-05-24 02:26:52 | INFO | data_ingestion | Fetching TechCrunch
2026-05-24 02:26:53 | INFO | data_ingestion | TechCrunch → 10 new headlines
2026-05-24 02:26:53 | INFO | data_ingestion | Fetching The Verge
2026-05-24 02:26:53 | INFO | data_ingestion | The Verge → 10 new headlines
2026-05-24 02:26:53 | INFO | data_ingestion | Fetching Wired
2026-05-24 02:26:54 | INFO | data_ingestion | Wired → 10 new headlines
2026-05-24 02:26:54 | INFO | data_ingestion | Fetching Ars Technica
2026-05-24 02:26:54 | INFO | data_ingestion | Ars Technica → 10 new headlines
2026-05-24 02:26:54 | INFO | data_ingestion | Collected 40 headlines
2026-05-24 02:26:54 | INFO | data_ingestion | Published headline: SolarSquare in talks to raise up to $60M as India’s rooftop 
2026-05-24 02:26:55 | INFO | data_ingestion | Published headline: These special phone and app features can help protect you fr
2026-05-24 02:26:55 | INFO | data_ingestion | Published headline: Ferrari is using IBM’s AI to create F1 superfans
2026-05-24 02:26:55 | INFO | data_ingestion | Published headline: Nuclear startup Deep Fission says it’s going public, again, 
2026-05-24 02:26:55 | INFO | data_ingestion | Published headline: Elon Musk has given up on solar power (on Earth)
2026-05-24 02:26:55 | INFO | data_ingestion | Published headline: Peec, one of Berlin’s rising startups, more than doubled ann
2026-05-24 02:26:55 | INFO | data_ingestion | Published headline: AI is being used to resurrect the voices of dead pilots
2026-05-24 02:26:55 | INFO | data_ingestion | Published headline: SpaceX launches Starship V3 for the first time, but loses bo
2026-05-24 02:26:55 | INFO | data_ingestion | Published headline: Blue Origin cleared to fly New Glenn mega-rocket after April
2026-05-24 02:26:55 | INFO | data_ingestion | Published headline: Google goes for the glitter with disco-ball icons: ‘Are y’al
2026-05-24 02:26:55 | INFO | data_ingestion | Published headline: The man behind the legendary MPC, Roger Linn, stays focused 
2026-05-24 02:26:55 | INFO | data_ingestion | Published headline: Here are 38 Memorial Day deals we recommend for $50 or less
2026-05-24 02:26:55 | INFO | data_ingestion | Published headline: Hanging out in my favorite virtual coffee shop in Tokyo
2026-05-24 02:26:55 | INFO | data_ingestion | Published headline: I have a new go-to browser
2026-05-24 02:26:55 | INFO | data_ingestion | Published headline: Google’s new anything-to-anything AI model is wild
2026-05-24 02:26:55 | INFO | data_ingestion | Published headline: Google&#8217;s AI search is so broken it can &#8216;disregar
2026-05-24 02:26:55 | INFO | data_ingestion | Published headline: Twelve South’s AirFly Pro 2 has hit one of its best prices a
2026-05-24 02:26:55 | INFO | data_ingestion | Published headline: Meta’s Forum is part Reddit, part Facebook, and part Google 
2026-05-24 02:26:55 | INFO | data_ingestion | Published headline: Elon, stop trying to make Grok happen
2026-05-24 02:26:55 | INFO | data_ingestion | Published headline: The best Memorial Day sales you can shop this weekend
2026-05-24 02:26:56 | INFO | data_ingestion | Published headline: Best Power Banks (2026): My Picks After Testing Over 100
2026-05-24 02:26:56 | INFO | data_ingestion | Published headline: Memorial Day Dyson Vacuum Deals: V15 Detect, Gen5Detect, Pen
2026-05-24 02:26:56 | INFO | data_ingestion | Published headline: L.L.Bean's Zip Hunter's Tote Is the Only Carryall You Need
2026-05-24 02:26:56 | INFO | data_ingestion | Published headline: Quantum ‘Jamming’ Could Help Unlock the Mysteries of Causali
2026-05-24 02:26:56 | INFO | data_ingestion | Published headline: The Best Smart Sprinklers and Irrigation Systems: In-Ground 
2026-05-24 02:26:56 | INFO | data_ingestion | Published headline: The FBI Wants ‘Near Real-Time’ Access to US License Plate Re
2026-05-24 02:26:56 | INFO | data_ingestion | Published headline: Cosmic Voids May Contain the Universe’s Best Secrets
2026-05-24 02:26:56 | INFO | data_ingestion | Published headline: Best Memorial Day Deals: Garmin, Birdfy, Branch (2026)
2026-05-24 02:26:56 | INFO | data_ingestion | Published headline: A 'Golden Orb' on the Ocean Floor Came From a Mysterious Ani
2026-05-24 02:26:56 | INFO | data_ingestion | Published headline: All Vehicles Sold in the EU Must Be Able to Hook Up to a Bre
2026-05-24 02:26:56 | INFO | data_ingestion | Published headline: SpaceX's Starship V3—still a work in progress—mostly success
2026-05-24 02:26:56 | INFO | data_ingestion | Published headline: Two space shuttle-era spacewalkers enter Astronaut Hall of F
2026-05-24 02:26:56 | INFO | data_ingestion | Published headline: China’s shark finning could lead to US seafood sanctions
2026-05-24 02:26:56 | INFO | data_ingestion | Published headline: Four Russian satellites are now within striking distance of 
2026-05-24 02:26:56 | INFO | data_ingestion | Published headline: Ebola outbreak now third largest recorded and "spreading rap
2026-05-24 02:26:56 | INFO | data_ingestion | Published headline: First-generation Chromecast users stressed by devices sudden
2026-05-24 02:26:56 | INFO | data_ingestion | Published headline: Trump FCC asks public to comment on whether ABC's The View i
2026-05-24 02:26:56 | INFO | data_ingestion | Published headline: US scrambles to stop Internet users re-creating dead pilots’
2026-05-24 02:26:56 | INFO | data_ingestion | Published headline: The Boys is dead. Long live Vought Rising.
2026-05-24 02:26:57 | INFO | data_ingestion | Published headline: Police boast of hacking VPN where criminals "believed themse
2026-05-24 02:26:57 | INFO | data_ingestion | Sleeping 60s
2026-05-24 02:27:57 | INFO | data_ingestion | Starting ingestion cycle
2026-05-24 02:27:57 | INFO | data_ingestion | Fetching TechCrunch
2026-05-24 02:27:57 | INFO | data_ingestion | TechCrunch → 10 new headlines
2026-05-24 02:27:57 | INFO | data_ingestion | Fetching The Verge
2026-05-24 02:27:58 | INFO | data_ingestion | The Verge → 10 new headlines
2026-05-24 02:27:58 | INFO | data_ingestion | Fetching Wired
2026-05-24 02:27:58 | INFO | data_ingestion | Wired → 10 new headlines
2026-05-24 02:27:58 | INFO | data_ingestion | Fetching Ars Technica
2026-05-24 02:27:59 | INFO | data_ingestion | Ars Technica → 10 new headlines
2026-05-24 02:27:59 | INFO | data_ingestion | Collected 40 headlines
2026-05-24 02:27:59 | INFO | data_ingestion | Published headline: SolarSquare in talks to raise up to $60M as India’s rooftop 
2026-05-24 02:27:59 | INFO | data_ingestion | Published headline: These special phone and app features can help protect you fr
2026-05-24 02:27:59 | INFO | data_ingestion | Published headline: Ferrari is using IBM’s AI to create F1 superfans
2026-05-24 02:27:59 | INFO | data_ingestion | Published headline: Nuclear startup Deep Fission says it’s going public, again, 
2026-05-24 02:27:59 | INFO | data_ingestion | Published headline: Elon Musk has given up on solar power (on Earth)
2026-05-24 02:27:59 | INFO | data_ingestion | Published headline: Peec, one of Berlin’s rising startups, more than doubled ann
2026-05-24 02:27:59 | INFO | data_ingestion | Published headline: AI is being used to resurrect the voices of dead pilots
2026-05-24 02:27:59 | INFO | data_ingestion | Published headline: SpaceX launches Starship V3 for the first time, but loses bo
2026-05-24 02:27:59 | INFO | data_ingestion | Published headline: Blue Origin cleared to fly New Glenn mega-rocket after April
2026-05-24 02:27:59 | INFO | data_ingestion | Published headline: Google goes for the glitter with disco-ball icons: ‘Are y’al
2026-05-24 02:27:59 | INFO | data_ingestion | Published headline: The man behind the legendary MPC, Roger Linn, stays focused 
2026-05-24 02:28:00 | INFO | data_ingestion | Published headline: Here are 38 Memorial Day deals we recommend for $50 or less
2026-05-24 02:28:00 | INFO | data_ingestion | Published headline: Hanging out in my favorite virtual coffee shop in Tokyo
2026-05-24 02:28:00 | INFO | data_ingestion | Published headline: I have a new go-to browser
2026-05-24 02:28:00 | INFO | data_ingestion | Published headline: Google’s new anything-to-anything AI model is wild
2026-05-24 02:28:00 | INFO | data_ingestion | Published headline: Google&#8217;s AI search is so broken it can &#8216;disregar
2026-05-24 02:28:00 | INFO | data_ingestion | Published headline: Twelve South’s AirFly Pro 2 has hit one of its best prices a
2026-05-24 02:28:00 | INFO | data_ingestion | Published headline: Meta’s Forum is part Reddit, part Facebook, and part Google 
2026-05-24 02:28:00 | INFO | data_ingestion | Published headline: Elon, stop trying to make Grok happen
2026-05-24 02:28:00 | INFO | data_ingestion | Published headline: The best Memorial Day sales you can shop this weekend
2026-05-24 02:28:00 | INFO | data_ingestion | Published headline: Best Power Banks (2026): My Picks After Testing Over 100
2026-05-24 02:28:00 | INFO | data_ingestion | Published headline: Memorial Day Dyson Vacuum Deals: V15 Detect, Gen5Detect, Pen
2026-05-24 02:28:00 | INFO | data_ingestion | Published headline: L.L.Bean's Zip Hunter's Tote Is the Only Carryall You Need
2026-05-24 02:28:00 | INFO | data_ingestion | Published headline: Quantum ‘Jamming’ Could Help Unlock the Mysteries of Causali
2026-05-24 02:28:00 | INFO | data_ingestion | Published headline: The Best Smart Sprinklers and Irrigation Systems: In-Ground 
2026-05-24 02:28:00 | INFO | data_ingestion | Published headline: The FBI Wants ‘Near Real-Time’ Access to US License Plate Re
2026-05-24 02:28:00 | INFO | data_ingestion | Published headline: Cosmic Voids May Contain the Universe’s Best Secrets
2026-05-24 02:28:00 | INFO | data_ingestion | Published headline: Best Memorial Day Deals: Garmin, Birdfy, Branch (2026)
2026-05-24 02:28:01 | INFO | data_ingestion | Published headline: A 'Golden Orb' on the Ocean Floor Came From a Mysterious Ani
2026-05-24 02:28:01 | INFO | data_ingestion | Published headline: All Vehicles Sold in the EU Must Be Able to Hook Up to a Bre
2026-05-24 02:28:01 | INFO | data_ingestion | Published headline: SpaceX's Starship V3—still a work in progress—mostly success
2026-05-24 02:28:01 | INFO | data_ingestion | Published headline: Two space shuttle-era spacewalkers enter Astronaut Hall of F
2026-05-24 02:28:01 | INFO | data_ingestion | Published headline: China’s shark finning could lead to US seafood sanctions
2026-05-24 02:28:01 | INFO | data_ingestion | Published headline: Four Russian satellites are now within striking distance of 
2026-05-24 02:28:01 | INFO | data_ingestion | Published headline: Ebola outbreak now third largest recorded and "spreading rap
2026-05-24 02:28:01 | INFO | data_ingestion | Published headline: First-generation Chromecast users stressed by devices sudden
2026-05-24 02:28:01 | INFO | data_ingestion | Published headline: Trump FCC asks public to comment on whether ABC's The View i
2026-05-24 02:28:01 | INFO | data_ingestion | Published headline: US scrambles to stop Internet users re-creating dead pilots’
2026-05-24 02:28:01 | INFO | data_ingestion | Published headline: The Boys is dead. Long live Vought Rising.
2026-05-24 02:28:01 | INFO | data_ingestion | Published headline: Police boast of hacking VPN where criminals "believed themse
2026-05-24 02:28:01 | INFO | data_ingestion | Sleeping 60s
2026-05-24 02:29:01 | INFO | data_ingestion | Starting ingestion cycle
2026-05-24 02:29:01 | INFO | data_ingestion | Fetching TechCrunch
2026-05-24 02:29:01 | INFO | data_ingestion | TechCrunch → 10 new headlines
2026-05-24 02:29:01 | INFO | data_ingestion | Fetching The Verge
2026-05-24 02:29:02 | INFO | data_ingestion | The Verge → 10 new headlines
2026-05-24 02:29:02 | INFO | data_ingestion | Fetching Wired
2026-05-24 02:29:02 | INFO | data_ingestion | Wired → 10 new headlines
2026-05-24 02:29:02 | INFO | data_ingestion | Fetching Ars Technica
2026-05-24 02:29:04 | INFO | data_ingestion | Ars Technica → 10 new headlines
2026-05-24 02:29:04 | INFO | data_ingestion | Collected 40 headlines
2026-05-24 02:29:04 | INFO | data_ingestion | Published headline: SolarSquare in talks to raise up to $60M as India’s rooftop 
2026-05-24 02:29:04 | INFO | data_ingestion | Published headline: These special phone and app features can help protect you fr
2026-05-24 02:29:04 | INFO | data_ingestion | Published headline: Ferrari is using IBM’s AI to create F1 superfans
2026-05-24 02:29:04 | INFO | data_ingestion | Published headline: Nuclear startup Deep Fission says it’s going public, again, 
2026-05-24 02:29:04 | INFO | data_ingestion | Published headline: Elon Musk has given up on solar power (on Earth)
2026-05-24 02:29:05 | INFO | data_ingestion | Published headline: Peec, one of Berlin’s rising startups, more than doubled ann
2026-05-24 02:29:05 | INFO | data_ingestion | Published headline: AI is being used to resurrect the voices of dead pilots
2026-05-24 02:29:05 | INFO | data_ingestion | Published headline: SpaceX launches Starship V3 for the first time, but loses bo
2026-05-24 02:29:05 | INFO | data_ingestion | Published headline: Blue Origin cleared to fly New Glenn mega-rocket after April
2026-05-24 02:29:05 | INFO | data_ingestion | Published headline: Google goes for the glitter with disco-ball icons: ‘Are y’al
2026-05-24 02:29:05 | INFO | data_ingestion | Published headline: The man behind the legendary MPC, Roger Linn, stays focused 
2026-05-24 02:29:05 | INFO | data_ingestion | Published headline: Here are 38 Memorial Day deals we recommend for $50 or less
2026-05-24 02:29:05 | INFO | data_ingestion | Published headline: Hanging out in my favorite virtual coffee shop in Tokyo
2026-05-24 02:29:05 | INFO | data_ingestion | Published headline: I have a new go-to browser
2026-05-24 02:29:05 | INFO | data_ingestion | Published headline: Google’s new anything-to-anything AI model is wild
2026-05-24 02:29:05 | INFO | data_ingestion | Published headline: Google&#8217;s AI search is so broken it can &#8216;disregar
2026-05-24 02:29:05 | INFO | data_ingestion | Published headline: Twelve South’s AirFly Pro 2 has hit one of its best prices a
2026-05-24 02:29:05 | INFO | data_ingestion | Published headline: Meta’s Forum is part Reddit, part Facebook, and part Google 
2026-05-24 02:29:05 | INFO | data_ingestion | Published headline: Elon, stop trying to make Grok happen
2026-05-24 02:29:05 | INFO | data_ingestion | Published headline: The best Memorial Day sales you can shop this weekend
2026-05-24 02:29:05 | INFO | data_ingestion | Published headline: Best Power Banks (2026): My Picks After Testing Over 100
2026-05-24 02:29:05 | INFO | data_ingestion | Published headline: Memorial Day Dyson Vacuum Deals: V15 Detect, Gen5Detect, Pen
2026-05-24 02:29:05 | INFO | data_ingestion | Published headline: L.L.Bean's Zip Hunter's Tote Is the Only Carryall You Need
2026-05-24 02:29:06 | INFO | data_ingestion | Published headline: Quantum ‘Jamming’ Could Help Unlock the Mysteries of Causali
2026-05-24 02:29:06 | INFO | data_ingestion | Published headline: The Best Smart Sprinklers and Irrigation Systems: In-Ground 
2026-05-24 02:29:06 | INFO | data_ingestion | Published headline: The FBI Wants ‘Near Real-Time’ Access to US License Plate Re
2026-05-24 02:29:06 | INFO | data_ingestion | Published headline: Cosmic Voids May Contain the Universe’s Best Secrets
2026-05-24 02:29:06 | INFO | data_ingestion | Published headline: Best Memorial Day Deals: Garmin, Birdfy, Branch (2026)
2026-05-24 02:29:06 | INFO | data_ingestion | Published headline: A 'Golden Orb' on the Ocean Floor Came From a Mysterious Ani
2026-05-24 02:29:06 | INFO | data_ingestion | Published headline: All Vehicles Sold in the EU Must Be Able to Hook Up to a Bre
2026-05-24 02:29:06 | INFO | data_ingestion | Published headline: SpaceX's Starship V3—still a work in progress—mostly success
2026-05-24 02:29:06 | INFO | data_ingestion | Published headline: Two space shuttle-era spacewalkers enter Astronaut Hall of F
2026-05-24 02:29:06 | INFO | data_ingestion | Published headline: China’s shark finning could lead to US seafood sanctions
2026-05-24 02:29:06 | INFO | data_ingestion | Published headline: Four Russian satellites are now within striking distance of 
2026-05-24 02:29:06 | INFO | data_ingestion | Published headline: Ebola outbreak now third largest recorded and "spreading rap
2026-05-24 02:29:06 | INFO | data_ingestion | Published headline: First-generation Chromecast users stressed by devices sudden
2026-05-24 02:29:06 | INFO | data_ingestion | Published headline: Trump FCC asks public to comment on whether ABC's The View i
2026-05-24 02:29:06 | INFO | data_ingestion | Published headline: US scrambles to stop Internet users re-creating dead pilots’
2026-05-24 02:29:06 | INFO | data_ingestion | Published headline: The Boys is dead. Long live Vought Rising.
2026-05-24 02:29:06 | INFO | data_ingestion | Published headline: Police boast of hacking VPN where criminals "believed themse
2026-05-24 02:29:06 | INFO | data_ingestion | Sleeping 60s
2026-05-24 02:30:06 | INFO | data_ingestion | Starting ingestion cycle
2026-05-24 02:30:06 | INFO | data_ingestion | Fetching TechCrunch
2026-05-24 02:30:07 | INFO | data_ingestion | TechCrunch → 10 new headlines
2026-05-24 02:30:07 | INFO | data_ingestion | Fetching The Verge
2026-05-24 02:30:07 | INFO | data_ingestion | The Verge → 10 new headlines
2026-05-24 02:30:07 | INFO | data_ingestion | Fetching Wired
2026-05-24 02:30:08 | INFO | data_ingestion | Wired → 10 new headlines
2026-05-24 02:30:08 | INFO | data_ingestion | Fetching Ars Technica
2026-05-24 02:30:08 | INFO | data_ingestion | Ars Technica → 10 new headlines
2026-05-24 02:30:08 | INFO | data_ingestion | Collected 40 headlines
2026-05-24 02:30:08 | INFO | data_ingestion | Published headline: SolarSquare in talks to raise up to $60M as India’s rooftop 
2026-05-24 02:30:08 | INFO | data_ingestion | Published headline: These special phone and app features can help protect you fr
2026-05-24 02:30:08 | INFO | data_ingestion | Published headline: Ferrari is using IBM’s AI to create F1 superfans
2026-05-24 02:30:09 | INFO | data_ingestion | Published headline: Nuclear startup Deep Fission says it’s going public, again, 
2026-05-24 02:30:09 | INFO | data_ingestion | Published headline: Elon Musk has given up on solar power (on Earth)
2026-05-24 02:30:09 | INFO | data_ingestion | Published headline: Peec, one of Berlin’s rising startups, more than doubled ann
2026-05-24 02:30:09 | INFO | data_ingestion | Published headline: AI is being used to resurrect the voices of dead pilots
2026-05-24 02:30:09 | INFO | data_ingestion | Published headline: SpaceX launches Starship V3 for the first time, but loses bo
2026-05-24 02:30:09 | INFO | data_ingestion | Published headline: Blue Origin cleared to fly New Glenn mega-rocket after April
2026-05-24 02:30:09 | INFO | data_ingestion | Published headline: Google goes for the glitter with disco-ball icons: ‘Are y’al
2026-05-24 02:30:09 | INFO | data_ingestion | Published headline: The man behind the legendary MPC, Roger Linn, stays focused 
2026-05-24 02:30:09 | INFO | data_ingestion | Published headline: Here are 38 Memorial Day deals we recommend for $50 or less
2026-05-24 02:30:09 | INFO | data_ingestion | Published headline: Hanging out in my favorite virtual coffee shop in Tokyo
2026-05-24 02:30:09 | INFO | data_ingestion | Published headline: I have a new go-to browser
2026-05-24 02:30:09 | INFO | data_ingestion | Published headline: Google’s new anything-to-anything AI model is wild
2026-05-24 02:30:09 | INFO | data_ingestion | Published headline: Google&#8217;s AI search is so broken it can &#8216;disregar
2026-05-24 02:30:09 | INFO | data_ingestion | Published headline: Twelve South’s AirFly Pro 2 has hit one of its best prices a
2026-05-24 02:30:09 | INFO | data_ingestion | Published headline: Meta’s Forum is part Reddit, part Facebook, and part Google 
2026-05-24 02:30:09 | INFO | data_ingestion | Published headline: Elon, stop trying to make Grok happen
2026-05-24 02:30:10 | INFO | data_ingestion | Published headline: The best Memorial Day sales you can shop this weekend
2026-05-24 02:30:10 | INFO | data_ingestion | Published headline: Best Power Banks (2026): My Picks After Testing Over 100
2026-05-24 02:30:10 | INFO | data_ingestion | Published headline: Memorial Day Dyson Vacuum Deals: V15 Detect, Gen5Detect, Pen
2026-05-24 02:30:10 | INFO | data_ingestion | Published headline: L.L.Bean's Zip Hunter's Tote Is the Only Carryall You Need
2026-05-24 02:30:10 | INFO | data_ingestion | Published headline: Quantum ‘Jamming’ Could Help Unlock the Mysteries of Causali
2026-05-24 02:30:10 | INFO | data_ingestion | Published headline: The Best Smart Sprinklers and Irrigation Systems: In-Ground 
2026-05-24 02:30:10 | INFO | data_ingestion | Published headline: The FBI Wants ‘Near Real-Time’ Access to US License Plate Re
2026-05-24 02:30:10 | INFO | data_ingestion | Published headline: Cosmic Voids May Contain the Universe’s Best Secrets
2026-05-24 02:30:10 | INFO | data_ingestion | Published headline: Best Memorial Day Deals: Garmin, Birdfy, Branch (2026)
2026-05-24 02:30:10 | INFO | data_ingestion | Published headline: A 'Golden Orb' on the Ocean Floor Came From a Mysterious Ani
2026-05-24 02:30:10 | INFO | data_ingestion | Published headline: All Vehicles Sold in the EU Must Be Able to Hook Up to a Bre
2026-05-24 02:30:10 | INFO | data_ingestion | Published headline: SpaceX's Starship V3—still a work in progress—mostly success
2026-05-24 02:30:10 | INFO | data_ingestion | Published headline: Two space shuttle-era spacewalkers enter Astronaut Hall of F
2026-05-24 02:30:10 | INFO | data_ingestion | Published headline: China’s shark finning could lead to US seafood sanctions
2026-05-24 02:30:10 | INFO | data_ingestion | Published headline: Four Russian satellites are now within striking distance of 
2026-05-24 02:30:10 | INFO | data_ingestion | Published headline: Ebola outbreak now third largest recorded and "spreading rap
2026-05-24 02:30:10 | INFO | data_ingestion | Published headline: First-generation Chromecast users stressed by devices sudden
2026-05-24 02:30:10 | INFO | data_ingestion | Published headline: Trump FCC asks public to comment on whether ABC's The View i
2026-05-24 02:30:11 | INFO | data_ingestion | Published headline: US scrambles to stop Internet users re-creating dead pilots’
2026-05-24 02:30:11 | INFO | data_ingestion | Published headline: The Boys is dead. Long live Vought Rising.
2026-05-24 02:30:11 | INFO | data_ingestion | Published headline: Police boast of hacking VPN where criminals "believed themse
2026-05-24 02:30:11 | INFO | data_ingestion | Sleeping 60s
2026-05-24 02:31:11 | INFO | data_ingestion | Starting ingestion cycle
2026-05-24 02:31:11 | INFO | data_ingestion | Fetching TechCrunch
2026-05-24 02:31:11 | INFO | data_ingestion | TechCrunch → 10 new headlines
2026-05-24 02:31:11 | INFO | data_ingestion | Fetching The Verge
2026-05-24 02:31:11 | INFO | data_ingestion | The Verge → 10 new headlines
2026-05-24 02:31:11 | INFO | data_ingestion | Fetching Wired
2026-05-24 02:31:12 | INFO | data_ingestion | Wired → 10 new headlines
2026-05-24 02:31:12 | INFO | data_ingestion | Fetching Ars Technica
2026-05-24 02:31:13 | INFO | data_ingestion | Ars Technica → 10 new headlines
2026-05-24 02:31:13 | INFO | data_ingestion | Collected 40 headlines
2026-05-24 02:31:13 | INFO | data_ingestion | Published headline: SolarSquare in talks to raise up to $60M as India’s rooftop 
2026-05-24 02:31:13 | INFO | data_ingestion | Published headline: These special phone and app features can help protect you fr
2026-05-24 02:31:13 | INFO | data_ingestion | Published headline: Ferrari is using IBM’s AI to create F1 superfans
2026-05-24 02:31:13 | INFO | data_ingestion | Published headline: Nuclear startup Deep Fission says it’s going public, again, 
2026-05-24 02:31:13 | INFO | data_ingestion | Published headline: Elon Musk has given up on solar power (on Earth)
2026-05-24 02:31:13 | INFO | data_ingestion | Published headline: Peec, one of Berlin’s rising startups, more than doubled ann
2026-05-24 02:31:13 | INFO | data_ingestion | Published headline: AI is being used to resurrect the voices of dead pilots
2026-05-24 02:31:13 | INFO | data_ingestion | Published headline: SpaceX launches Starship V3 for the first time, but loses bo
2026-05-24 02:31:13 | INFO | data_ingestion | Published headline: Blue Origin cleared to fly New Glenn mega-rocket after April
2026-05-24 02:31:13 | INFO | data_ingestion | Published headline: Google goes for the glitter with disco-ball icons: ‘Are y’al
2026-05-24 02:31:13 | INFO | data_ingestion | Published headline: The man behind the legendary MPC, Roger Linn, stays focused 
2026-05-24 02:31:13 | INFO | data_ingestion | Published headline: Here are 38 Memorial Day deals we recommend for $50 or less
2026-05-24 02:31:13 | INFO | data_ingestion | Published headline: Hanging out in my favorite virtual coffee shop in Tokyo
2026-05-24 02:31:13 | INFO | data_ingestion | Published headline: I have a new go-to browser
2026-05-24 02:31:13 | INFO | data_ingestion | Published headline: Google’s new anything-to-anything AI model is wild
2026-05-24 02:31:13 | INFO | data_ingestion | Published headline: Google&#8217;s AI search is so broken it can &#8216;disregar
2026-05-24 02:31:14 | INFO | data_ingestion | Published headline: Twelve South’s AirFly Pro 2 has hit one of its best prices a
2026-05-24 02:31:14 | INFO | data_ingestion | Published headline: Meta’s Forum is part Reddit, part Facebook, and part Google 
2026-05-24 02:31:14 | INFO | data_ingestion | Published headline: Elon, stop trying to make Grok happen
2026-05-24 02:31:14 | INFO | data_ingestion | Published headline: The best Memorial Day sales you can shop this weekend
2026-05-24 02:31:14 | INFO | data_ingestion | Published headline: Best Power Banks (2026): My Picks After Testing Over 100
2026-05-24 02:31:14 | INFO | data_ingestion | Published headline: Memorial Day Dyson Vacuum Deals: V15 Detect, Gen5Detect, Pen
2026-05-24 02:31:14 | INFO | data_ingestion | Published headline: L.L.Bean's Zip Hunter's Tote Is the Only Carryall You Need
2026-05-24 02:31:14 | INFO | data_ingestion | Published headline: Quantum ‘Jamming’ Could Help Unlock the Mysteries of Causali
2026-05-24 02:31:14 | INFO | data_ingestion | Published headline: The Best Smart Sprinklers and Irrigation Systems: In-Ground 
2026-05-24 02:31:14 | INFO | data_ingestion | Published headline: The FBI Wants ‘Near Real-Time’ Access to US License Plate Re
2026-05-24 02:31:14 | INFO | data_ingestion | Published headline: Cosmic Voids May Contain the Universe’s Best Secrets
2026-05-24 02:31:14 | INFO | data_ingestion | Published headline: Best Memorial Day Deals: Garmin, Birdfy, Branch (2026)
2026-05-24 02:31:14 | INFO | data_ingestion | Published headline: A 'Golden Orb' on the Ocean Floor Came From a Mysterious Ani
2026-05-24 02:31:14 | INFO | data_ingestion | Published headline: All Vehicles Sold in the EU Must Be Able to Hook Up to a Bre
2026-05-24 02:31:14 | INFO | data_ingestion | Published headline: SpaceX's Starship V3—still a work in progress—mostly success
2026-05-24 02:31:14 | INFO | data_ingestion | Published headline: Two space shuttle-era spacewalkers enter Astronaut Hall of F
2026-05-24 02:31:14 | INFO | data_ingestion | Published headline: China’s shark finning could lead to US seafood sanctions
2026-05-24 02:31:14 | INFO | data_ingestion | Published headline: Four Russian satellites are now within striking distance of 
2026-05-24 02:31:15 | INFO | data_ingestion | Published headline: Ebola outbreak now third largest recorded and "spreading rap
2026-05-24 02:31:15 | INFO | data_ingestion | Published headline: First-generation Chromecast users stressed by devices sudden
2026-05-24 02:31:15 | INFO | data_ingestion | Published headline: Trump FCC asks public to comment on whether ABC's The View i
2026-05-24 02:31:15 | INFO | data_ingestion | Published headline: US scrambles to stop Internet users re-creating dead pilots’
2026-05-24 02:31:15 | INFO | data_ingestion | Published headline: The Boys is dead. Long live Vought Rising.
2026-05-24 02:31:15 | INFO | data_ingestion | Published headline: Police boast of hacking VPN where criminals "believed themse
2026-05-24 02:31:15 | INFO | data_ingestion | Sleeping 60s
2026-05-24 02:32:15 | INFO | data_ingestion | Starting ingestion cycle
2026-05-24 02:32:15 | INFO | data_ingestion | Fetching TechCrunch
2026-05-24 02:32:15 | INFO | data_ingestion | TechCrunch → 10 new headlines
2026-05-24 02:32:15 | INFO | data_ingestion | Fetching The Verge
2026-05-24 02:32:16 | INFO | data_ingestion | The Verge → 10 new headlines
2026-05-24 02:32:16 | INFO | data_ingestion | Fetching Wired
2026-05-24 02:32:16 | INFO | data_ingestion | Wired → 10 new headlines
2026-05-24 02:32:16 | INFO | data_ingestion | Fetching Ars Technica
2026-05-24 02:32:16 | INFO | data_ingestion | Ars Technica → 10 new headlines
2026-05-24 02:32:16 | INFO | data_ingestion | Collected 40 headlines
2026-05-24 02:32:16 | INFO | data_ingestion | Published headline: SolarSquare in talks to raise up to $60M as India’s rooftop 
2026-05-24 02:32:17 | INFO | data_ingestion | Published headline: These special phone and app features can help protect you fr
2026-05-24 02:32:17 | INFO | data_ingestion | Published headline: Ferrari is using IBM’s AI to create F1 superfans
2026-05-24 02:32:17 | INFO | data_ingestion | Published headline: Nuclear startup Deep Fission says it’s going public, again, 
2026-05-24 02:32:17 | INFO | data_ingestion | Published headline: Elon Musk has given up on solar power (on Earth)
2026-05-24 02:32:17 | INFO | data_ingestion | Published headline: Peec, one of Berlin’s rising startups, more than doubled ann
2026-05-24 02:32:17 | INFO | data_ingestion | Published headline: AI is being used to resurrect the voices of dead pilots
2026-05-24 02:32:17 | INFO | data_ingestion | Published headline: SpaceX launches Starship V3 for the first time, but loses bo
2026-05-24 02:32:17 | INFO | data_ingestion | Published headline: Blue Origin cleared to fly New Glenn mega-rocket after April
2026-05-24 02:32:17 | INFO | data_ingestion | Published headline: Google goes for the glitter with disco-ball icons: ‘Are y’al
2026-05-24 02:32:17 | INFO | data_ingestion | Published headline: The man behind the legendary MPC, Roger Linn, stays focused 
2026-05-24 02:32:17 | INFO | data_ingestion | Published headline: Here are 38 Memorial Day deals we recommend for $50 or less
2026-05-24 02:32:17 | INFO | data_ingestion | Published headline: Hanging out in my favorite virtual coffee shop in Tokyo
2026-05-24 02:32:17 | INFO | data_ingestion | Published headline: I have a new go-to browser
2026-05-24 02:32:17 | INFO | data_ingestion | Published headline: Google’s new anything-to-anything AI model is wild
2026-05-24 02:32:17 | INFO | data_ingestion | Published headline: Google&#8217;s AI search is so broken it can &#8216;disregar
2026-05-24 02:32:17 | INFO | data_ingestion | Published headline: Twelve South’s AirFly Pro 2 has hit one of its best prices a
2026-05-24 02:32:17 | INFO | data_ingestion | Published headline: Meta’s Forum is part Reddit, part Facebook, and part Google 
2026-05-24 02:32:18 | INFO | data_ingestion | Published headline: Elon, stop trying to make Grok happen
2026-05-24 02:32:18 | INFO | data_ingestion | Published headline: The best Memorial Day sales you can shop this weekend
2026-05-24 02:32:18 | INFO | data_ingestion | Published headline: Best Power Banks (2026): My Picks After Testing Over 100
2026-05-24 02:32:18 | INFO | data_ingestion | Published headline: Memorial Day Dyson Vacuum Deals: V15 Detect, Gen5Detect, Pen
2026-05-24 02:32:18 | INFO | data_ingestion | Published headline: L.L.Bean's Zip Hunter's Tote Is the Only Carryall You Need
2026-05-24 02:32:18 | INFO | data_ingestion | Published headline: Quantum ‘Jamming’ Could Help Unlock the Mysteries of Causali
2026-05-24 02:32:18 | INFO | data_ingestion | Published headline: The Best Smart Sprinklers and Irrigation Systems: In-Ground 
2026-05-24 02:32:18 | INFO | data_ingestion | Published headline: The FBI Wants ‘Near Real-Time’ Access to US License Plate Re
2026-05-24 02:32:18 | INFO | data_ingestion | Published headline: Cosmic Voids May Contain the Universe’s Best Secrets
2026-05-24 02:32:18 | INFO | data_ingestion | Published headline: Best Memorial Day Deals: Garmin, Birdfy, Branch (2026)
2026-05-24 02:32:18 | INFO | data_ingestion | Published headline: A 'Golden Orb' on the Ocean Floor Came From a Mysterious Ani
2026-05-24 02:32:18 | INFO | data_ingestion | Published headline: All Vehicles Sold in the EU Must Be Able to Hook Up to a Bre
2026-05-24 02:32:18 | INFO | data_ingestion | Published headline: SpaceX's Starship V3—still a work in progress—mostly success
2026-05-24 02:32:18 | INFO | data_ingestion | Published headline: Two space shuttle-era spacewalkers enter Astronaut Hall of F
2026-05-24 02:32:18 | INFO | data_ingestion | Published headline: China’s shark finning could lead to US seafood sanctions
2026-05-24 02:32:18 | INFO | data_ingestion | Published headline: Four Russian satellites are now within striking distance of 
2026-05-24 02:32:18 | INFO | data_ingestion | Published headline: Ebola outbreak now third largest recorded and "spreading rap
2026-05-24 02:32:18 | INFO | data_ingestion | Published headline: First-generation Chromecast users stressed by devices sudden
2026-05-24 02:32:19 | INFO | data_ingestion | Published headline: Trump FCC asks public to comment on whether ABC's The View i
2026-05-24 02:32:19 | INFO | data_ingestion | Published headline: US scrambles to stop Internet users re-creating dead pilots’
2026-05-24 02:32:19 | INFO | data_ingestion | Published headline: The Boys is dead. Long live Vought Rising.
2026-05-24 02:32:19 | INFO | data_ingestion | Published headline: Police boast of hacking VPN where criminals "believed themse
2026-05-24 02:32:19 | INFO | data_ingestion | Sleeping 60s
2026-05-24 02:33:19 | INFO | data_ingestion | Starting ingestion cycle
2026-05-24 02:33:19 | INFO | data_ingestion | Fetching TechCrunch
2026-05-24 02:33:19 | INFO | data_ingestion | TechCrunch → 10 new headlines
2026-05-24 02:33:19 | INFO | data_ingestion | Fetching The Verge
2026-05-24 02:33:20 | INFO | data_ingestion | The Verge → 10 new headlines
2026-05-24 02:33:20 | INFO | data_ingestion | Fetching Wired
2026-05-24 02:33:20 | INFO | data_ingestion | Wired → 10 new headlines
2026-05-24 02:33:20 | INFO | data_ingestion | Fetching Ars Technica
2026-05-24 02:33:22 | INFO | data_ingestion | Ars Technica → 10 new headlines
2026-05-24 02:33:22 | INFO | data_ingestion | Collected 40 headlines
2026-05-24 02:33:22 | INFO | data_ingestion | Published headline: SolarSquare in talks to raise up to $60M as India’s rooftop 
2026-05-24 02:33:22 | INFO | data_ingestion | Published headline: These special phone and app features can help protect you fr
2026-05-24 02:33:22 | INFO | data_ingestion | Published headline: Ferrari is using IBM’s AI to create F1 superfans
2026-05-24 02:33:22 | INFO | data_ingestion | Published headline: Nuclear startup Deep Fission says it’s going public, again, 
2026-05-24 02:33:22 | INFO | data_ingestion | Published headline: Elon Musk has given up on solar power (on Earth)
2026-05-24 02:33:22 | INFO | data_ingestion | Published headline: Peec, one of Berlin’s rising startups, more than doubled ann
2026-05-24 02:33:22 | INFO | data_ingestion | Published headline: AI is being used to resurrect the voices of dead pilots
2026-05-24 02:33:22 | INFO | data_ingestion | Published headline: SpaceX launches Starship V3 for the first time, but loses bo
2026-05-24 02:33:22 | INFO | data_ingestion | Published headline: Blue Origin cleared to fly New Glenn mega-rocket after April
2026-05-24 02:33:23 | INFO | data_ingestion | Published headline: Google goes for the glitter with disco-ball icons: ‘Are y’al
2026-05-24 02:33:23 | INFO | data_ingestion | Published headline: The man behind the legendary MPC, Roger Linn, stays focused 
2026-05-24 02:33:23 | INFO | data_ingestion | Published headline: Here are 38 Memorial Day deals we recommend for $50 or less
2026-05-24 02:33:23 | INFO | data_ingestion | Published headline: Hanging out in my favorite virtual coffee shop in Tokyo
2026-05-24 02:33:23 | INFO | data_ingestion | Published headline: I have a new go-to browser
2026-05-24 02:33:23 | INFO | data_ingestion | Published headline: Google’s new anything-to-anything AI model is wild
2026-05-24 02:33:23 | INFO | data_ingestion | Published headline: Google&#8217;s AI search is so broken it can &#8216;disregar
2026-05-24 02:33:23 | INFO | data_ingestion | Published headline: Twelve South’s AirFly Pro 2 has hit one of its best prices a
2026-05-24 02:33:23 | INFO | data_ingestion | Published headline: Meta’s Forum is part Reddit, part Facebook, and part Google 
2026-05-24 02:33:23 | INFO | data_ingestion | Published headline: Elon, stop trying to make Grok happen
2026-05-24 02:33:23 | INFO | data_ingestion | Published headline: The best Memorial Day sales you can shop this weekend
2026-05-24 02:33:23 | INFO | data_ingestion | Published headline: Best Power Banks (2026): My Picks After Testing Over 100
2026-05-24 02:33:23 | INFO | data_ingestion | Published headline: Memorial Day Dyson Vacuum Deals: V15 Detect, Gen5Detect, Pen
2026-05-24 02:33:23 | INFO | data_ingestion | Published headline: L.L.Bean's Zip Hunter's Tote Is the Only Carryall You Need
2026-05-24 02:33:23 | INFO | data_ingestion | Published headline: Quantum ‘Jamming’ Could Help Unlock the Mysteries of Causali
2026-05-24 02:33:23 | INFO | data_ingestion | Published headline: The Best Smart Sprinklers and Irrigation Systems: In-Ground 
2026-05-24 02:33:23 | INFO | data_ingestion | Published headline: The FBI Wants ‘Near Real-Time’ Access to US License Plate Re
2026-05-24 02:33:24 | INFO | data_ingestion | Published headline: Cosmic Voids May Contain the Universe’s Best Secrets
2026-05-24 02:33:24 | INFO | data_ingestion | Published headline: Best Memorial Day Deals: Garmin, Birdfy, Branch (2026)
2026-05-24 02:33:24 | INFO | data_ingestion | Published headline: A 'Golden Orb' on the Ocean Floor Came From a Mysterious Ani
2026-05-24 02:33:24 | INFO | data_ingestion | Published headline: All Vehicles Sold in the EU Must Be Able to Hook Up to a Bre
2026-05-24 02:33:24 | INFO | data_ingestion | Published headline: SpaceX's Starship V3—still a work in progress—mostly success
2026-05-24 02:33:24 | INFO | data_ingestion | Published headline: Two space shuttle-era spacewalkers enter Astronaut Hall of F
2026-05-24 02:33:24 | INFO | data_ingestion | Published headline: China’s shark finning could lead to US seafood sanctions
2026-05-24 02:33:24 | INFO | data_ingestion | Published headline: Four Russian satellites are now within striking distance of 
2026-05-24 02:33:24 | INFO | data_ingestion | Published headline: Ebola outbreak now third largest recorded and "spreading rap
2026-05-24 02:33:24 | INFO | data_ingestion | Published headline: First-generation Chromecast users stressed by devices sudden
2026-05-24 02:33:24 | INFO | data_ingestion | Published headline: Trump FCC asks public to comment on whether ABC's The View i
2026-05-24 02:33:24 | INFO | data_ingestion | Published headline: US scrambles to stop Internet users re-creating dead pilots’
2026-05-24 02:33:24 | INFO | data_ingestion | Published headline: The Boys is dead. Long live Vought Rising.
2026-05-24 02:33:24 | INFO | data_ingestion | Published headline: Police boast of hacking VPN where criminals "believed themse
2026-05-24 02:33:24 | INFO | data_ingestion | Sleeping 60s
2026-05-24 02:34:24 | INFO | data_ingestion | Starting ingestion cycle
2026-05-24 02:34:24 | INFO | data_ingestion | Fetching TechCrunch
2026-05-24 02:34:25 | INFO | data_ingestion | TechCrunch → 10 new headlines
2026-05-24 02:34:25 | INFO | data_ingestion | Fetching The Verge
2026-05-24 02:34:25 | INFO | data_ingestion | The Verge → 10 new headlines
2026-05-24 02:34:25 | INFO | data_ingestion | Fetching Wired
2026-05-24 02:34:25 | INFO | data_ingestion | Wired → 10 new headlines
2026-05-24 02:34:25 | INFO | data_ingestion | Fetching Ars Technica
2026-05-24 02:34:26 | INFO | data_ingestion | Ars Technica → 10 new headlines
2026-05-24 02:34:26 | INFO | data_ingestion | Collected 40 headlines
2026-05-24 02:34:26 | INFO | data_ingestion | Published headline: SolarSquare in talks to raise up to $60M as India’s rooftop 
2026-05-24 02:34:26 | INFO | data_ingestion | Published headline: These special phone and app features can help protect you fr
2026-05-24 02:34:26 | INFO | data_ingestion | Published headline: Ferrari is using IBM’s AI to create F1 superfans
2026-05-24 02:34:26 | INFO | data_ingestion | Published headline: Nuclear startup Deep Fission says it’s going public, again, 
2026-05-24 02:34:26 | INFO | data_ingestion | Published headline: Elon Musk has given up on solar power (on Earth)
2026-05-24 02:34:27 | INFO | data_ingestion | Published headline: Peec, one of Berlin’s rising startups, more than doubled ann
2026-05-24 02:34:27 | INFO | data_ingestion | Published headline: AI is being used to resurrect the voices of dead pilots
2026-05-24 02:34:27 | INFO | data_ingestion | Published headline: SpaceX launches Starship V3 for the first time, but loses bo
2026-05-24 02:34:27 | INFO | data_ingestion | Published headline: Blue Origin cleared to fly New Glenn mega-rocket after April
2026-05-24 02:34:27 | INFO | data_ingestion | Published headline: Google goes for the glitter with disco-ball icons: ‘Are y’al
2026-05-24 02:34:27 | INFO | data_ingestion | Published headline: The man behind the legendary MPC, Roger Linn, stays focused 
2026-05-24 02:34:27 | INFO | data_ingestion | Published headline: Here are 38 Memorial Day deals we recommend for $50 or less
2026-05-24 02:34:27 | INFO | data_ingestion | Published headline: Hanging out in my favorite virtual coffee shop in Tokyo
2026-05-24 02:34:27 | INFO | data_ingestion | Published headline: I have a new go-to browser
2026-05-24 02:34:27 | INFO | data_ingestion | Published headline: Google’s new anything-to-anything AI model is wild
2026-05-24 02:34:27 | INFO | data_ingestion | Published headline: Google&#8217;s AI search is so broken it can &#8216;disregar
2026-05-24 02:34:27 | INFO | data_ingestion | Published headline: Twelve South’s AirFly Pro 2 has hit one of its best prices a
2026-05-24 02:34:27 | INFO | data_ingestion | Published headline: Meta’s Forum is part Reddit, part Facebook, and part Google 
2026-05-24 02:34:27 | INFO | data_ingestion | Published headline: Elon, stop trying to make Grok happen
2026-05-24 02:34:27 | INFO | data_ingestion | Published headline: The best Memorial Day sales you can shop this weekend
2026-05-24 02:34:27 | INFO | data_ingestion | Published headline: Best Power Banks (2026): My Picks After Testing Over 100
2026-05-24 02:34:27 | INFO | data_ingestion | Published headline: Memorial Day Dyson Vacuum Deals: V15 Detect, Gen5Detect, Pen
2026-05-24 02:34:27 | INFO | data_ingestion | Published headline: L.L.Bean's Zip Hunter's Tote Is the Only Carryall You Need
2026-05-24 02:34:28 | INFO | data_ingestion | Published headline: Quantum ‘Jamming’ Could Help Unlock the Mysteries of Causali
2026-05-24 02:34:28 | INFO | data_ingestion | Published headline: The Best Smart Sprinklers and Irrigation Systems: In-Ground 
2026-05-24 02:34:28 | INFO | data_ingestion | Published headline: The FBI Wants ‘Near Real-Time’ Access to US License Plate Re
2026-05-24 02:34:28 | INFO | data_ingestion | Published headline: Cosmic Voids May Contain the Universe’s Best Secrets
2026-05-24 02:34:28 | INFO | data_ingestion | Published headline: Best Memorial Day Deals: Garmin, Birdfy, Branch (2026)
2026-05-24 02:34:28 | INFO | data_ingestion | Published headline: A 'Golden Orb' on the Ocean Floor Came From a Mysterious Ani
2026-05-24 02:34:28 | INFO | data_ingestion | Published headline: All Vehicles Sold in the EU Must Be Able to Hook Up to a Bre
2026-05-24 02:34:28 | INFO | data_ingestion | Published headline: SpaceX's Starship V3—still a work in progress—mostly success
2026-05-24 02:34:28 | INFO | data_ingestion | Published headline: Two space shuttle-era spacewalkers enter Astronaut Hall of F
2026-05-24 02:34:28 | INFO | data_ingestion | Published headline: China’s shark finning could lead to US seafood sanctions
2026-05-24 02:34:28 | INFO | data_ingestion | Published headline: Four Russian satellites are now within striking distance of 
2026-05-24 02:34:28 | INFO | data_ingestion | Published headline: Ebola outbreak now third largest recorded and "spreading rap
2026-05-24 02:34:28 | INFO | data_ingestion | Published headline: First-generation Chromecast users stressed by devices sudden
2026-05-24 02:34:28 | INFO | data_ingestion | Published headline: Trump FCC asks public to comment on whether ABC's The View i
2026-05-24 02:34:28 | INFO | data_ingestion | Published headline: US scrambles to stop Internet users re-creating dead pilots’
2026-05-24 02:34:28 | INFO | data_ingestion | Published headline: The Boys is dead. Long live Vought Rising.
2026-05-24 02:34:28 | INFO | data_ingestion | Published headline: Police boast of hacking VPN where criminals "believed themse
2026-05-24 02:34:28 | INFO | data_ingestion | Sleeping 60s
2026-05-24 02:35:28 | INFO | data_ingestion | Starting ingestion cycle
2026-05-24 02:35:28 | INFO | data_ingestion | Fetching TechCrunch
2026-05-24 02:35:29 | INFO | data_ingestion | TechCrunch → 10 new headlines
2026-05-24 02:35:29 | INFO | data_ingestion | Fetching The Verge
2026-05-24 02:35:29 | INFO | data_ingestion | The Verge → 10 new headlines
2026-05-24 02:35:29 | INFO | data_ingestion | Fetching Wired
2026-05-24 02:35:30 | INFO | data_ingestion | Wired → 10 new headlines
2026-05-24 02:35:30 | INFO | data_ingestion | Fetching Ars Technica
2026-05-24 02:35:32 | INFO | data_ingestion | Ars Technica → 10 new headlines
2026-05-24 02:35:32 | INFO | data_ingestion | Collected 40 headlines
2026-05-24 02:35:32 | INFO | data_ingestion | Published headline: SolarSquare in talks to raise up to $60M as India’s rooftop 
2026-05-24 02:35:32 | INFO | data_ingestion | Published headline: These special phone and app features can help protect you fr
2026-05-24 02:35:32 | INFO | data_ingestion | Published headline: Ferrari is using IBM’s AI to create F1 superfans
2026-05-24 02:35:32 | INFO | data_ingestion | Published headline: Nuclear startup Deep Fission says it’s going public, again, 
2026-05-24 02:35:32 | INFO | data_ingestion | Published headline: Elon Musk has given up on solar power (on Earth)
2026-05-24 02:35:32 | INFO | data_ingestion | Published headline: Peec, one of Berlin’s rising startups, more than doubled ann
2026-05-24 02:35:32 | INFO | data_ingestion | Published headline: AI is being used to resurrect the voices of dead pilots
2026-05-24 02:35:33 | INFO | data_ingestion | Published headline: SpaceX launches Starship V3 for the first time, but loses bo
2026-05-24 02:35:33 | INFO | data_ingestion | Published headline: Blue Origin cleared to fly New Glenn mega-rocket after April
2026-05-24 02:35:33 | INFO | data_ingestion | Published headline: Google goes for the glitter with disco-ball icons: ‘Are y’al
2026-05-24 02:35:33 | INFO | data_ingestion | Published headline: The man behind the legendary MPC, Roger Linn, stays focused 
2026-05-24 02:35:33 | INFO | data_ingestion | Published headline: Here are 38 Memorial Day deals we recommend for $50 or less
2026-05-24 02:35:33 | INFO | data_ingestion | Published headline: Hanging out in my favorite virtual coffee shop in Tokyo
2026-05-24 02:35:33 | INFO | data_ingestion | Published headline: I have a new go-to browser
2026-05-24 02:35:33 | INFO | data_ingestion | Published headline: Google’s new anything-to-anything AI model is wild
2026-05-24 02:35:33 | INFO | data_ingestion | Published headline: Google&#8217;s AI search is so broken it can &#8216;disregar
2026-05-24 02:35:33 | INFO | data_ingestion | Published headline: Twelve South’s AirFly Pro 2 has hit one of its best prices a
2026-05-24 02:35:33 | INFO | data_ingestion | Published headline: Meta’s Forum is part Reddit, part Facebook, and part Google 
2026-05-24 02:35:33 | INFO | data_ingestion | Published headline: Elon, stop trying to make Grok happen
2026-05-24 02:35:33 | INFO | data_ingestion | Published headline: The best Memorial Day sales you can shop this weekend
2026-05-24 02:35:33 | INFO | data_ingestion | Published headline: Best Power Banks (2026): My Picks After Testing Over 100
2026-05-24 02:35:33 | INFO | data_ingestion | Published headline: Memorial Day Dyson Vacuum Deals: V15 Detect, Gen5Detect, Pen
2026-05-24 02:35:33 | INFO | data_ingestion | Published headline: L.L.Bean's Zip Hunter's Tote Is the Only Carryall You Need
2026-05-24 02:35:33 | INFO | data_ingestion | Published headline: Quantum ‘Jamming’ Could Help Unlock the Mysteries of Causali
2026-05-24 02:35:33 | INFO | data_ingestion | Published headline: The Best Smart Sprinklers and Irrigation Systems: In-Ground 
2026-05-24 02:35:34 | INFO | data_ingestion | Published headline: The FBI Wants ‘Near Real-Time’ Access to US License Plate Re
2026-05-24 02:35:34 | INFO | data_ingestion | Published headline: Cosmic Voids May Contain the Universe’s Best Secrets
2026-05-24 02:35:34 | INFO | data_ingestion | Published headline: Best Memorial Day Deals: Garmin, Birdfy, Branch (2026)
2026-05-24 02:35:34 | INFO | data_ingestion | Published headline: A 'Golden Orb' on the Ocean Floor Came From a Mysterious Ani
2026-05-24 02:35:34 | INFO | data_ingestion | Published headline: All Vehicles Sold in the EU Must Be Able to Hook Up to a Bre
2026-05-24 02:35:34 | INFO | data_ingestion | Published headline: SpaceX's Starship V3—still a work in progress—mostly success
2026-05-24 02:35:34 | INFO | data_ingestion | Published headline: Two space shuttle-era spacewalkers enter Astronaut Hall of F
2026-05-24 02:35:34 | INFO | data_ingestion | Published headline: China’s shark finning could lead to US seafood sanctions
2026-05-24 02:35:34 | INFO | data_ingestion | Published headline: Four Russian satellites are now within striking distance of 
2026-05-24 02:35:34 | INFO | data_ingestion | Published headline: Ebola outbreak now third largest recorded and "spreading rap
2026-05-24 02:35:34 | INFO | data_ingestion | Published headline: First-generation Chromecast users stressed by devices sudden
2026-05-24 02:35:34 | INFO | data_ingestion | Published headline: Trump FCC asks public to comment on whether ABC's The View i
2026-05-24 02:35:34 | INFO | data_ingestion | Published headline: US scrambles to stop Internet users re-creating dead pilots’
2026-05-24 02:35:34 | INFO | data_ingestion | Published headline: The Boys is dead. Long live Vought Rising.
2026-05-24 02:35:34 | INFO | data_ingestion | Published headline: Police boast of hacking VPN where criminals "believed themse
2026-05-24 02:35:34 | INFO | data_ingestion | Sleeping 60s
2026-05-24 02:36:34 | INFO | data_ingestion | Starting ingestion cycle
2026-05-24 02:36:34 | INFO | data_ingestion | Fetching TechCrunch
2026-05-24 02:36:35 | INFO | data_ingestion | TechCrunch → 10 new headlines
2026-05-24 02:36:35 | INFO | data_ingestion | Fetching The Verge
2026-05-24 02:36:35 | INFO | data_ingestion | The Verge → 10 new headlines
2026-05-24 02:36:35 | INFO | data_ingestion | Fetching Wired
2026-05-24 02:36:35 | INFO | data_ingestion | Wired → 10 new headlines
2026-05-24 02:36:35 | INFO | data_ingestion | Fetching Ars Technica
2026-05-24 02:36:37 | INFO | data_ingestion | Ars Technica → 10 new headlines
2026-05-24 02:36:37 | INFO | data_ingestion | Collected 40 headlines
2026-05-24 02:36:37 | INFO | data_ingestion | Published headline: SolarSquare in talks to raise up to $60M as India’s rooftop 
2026-05-24 02:36:38 | INFO | data_ingestion | Published headline: These special phone and app features can help protect you fr
2026-05-24 02:36:38 | INFO | data_ingestion | Published headline: Ferrari is using IBM’s AI to create F1 superfans
2026-05-24 02:36:38 | INFO | data_ingestion | Published headline: Nuclear startup Deep Fission says it’s going public, again, 
2026-05-24 02:36:38 | INFO | data_ingestion | Published headline: Elon Musk has given up on solar power (on Earth)
2026-05-24 02:36:38 | INFO | data_ingestion | Published headline: Peec, one of Berlin’s rising startups, more than doubled ann
2026-05-24 02:36:38 | INFO | data_ingestion | Published headline: AI is being used to resurrect the voices of dead pilots
2026-05-24 02:36:38 | INFO | data_ingestion | Published headline: SpaceX launches Starship V3 for the first time, but loses bo
2026-05-24 02:36:38 | INFO | data_ingestion | Published headline: Blue Origin cleared to fly New Glenn mega-rocket after April
2026-05-24 02:36:38 | INFO | data_ingestion | Published headline: Google goes for the glitter with disco-ball icons: ‘Are y’al
2026-05-24 02:36:38 | INFO | data_ingestion | Published headline: The man behind the legendary MPC, Roger Linn, stays focused 
2026-05-24 02:36:38 | INFO | data_ingestion | Published headline: Here are 38 Memorial Day deals we recommend for $50 or less
2026-05-24 02:36:38 | INFO | data_ingestion | Published headline: Hanging out in my favorite virtual coffee shop in Tokyo
2026-05-24 02:36:38 | INFO | data_ingestion | Published headline: I have a new go-to browser
2026-05-24 02:36:38 | INFO | data_ingestion | Published headline: Google’s new anything-to-anything AI model is wild
2026-05-24 02:36:38 | INFO | data_ingestion | Published headline: Google&#8217;s AI search is so broken it can &#8216;disregar
2026-05-24 02:36:38 | INFO | data_ingestion | Published headline: Twelve South’s AirFly Pro 2 has hit one of its best prices a
2026-05-24 02:36:38 | INFO | data_ingestion | Published headline: Meta’s Forum is part Reddit, part Facebook, and part Google 
2026-05-24 02:36:38 | INFO | data_ingestion | Published headline: Elon, stop trying to make Grok happen
2026-05-24 02:36:39 | INFO | data_ingestion | Published headline: The best Memorial Day sales you can shop this weekend
2026-05-24 02:36:39 | INFO | data_ingestion | Published headline: Best Power Banks (2026): My Picks After Testing Over 100
2026-05-24 02:36:39 | INFO | data_ingestion | Published headline: Memorial Day Dyson Vacuum Deals: V15 Detect, Gen5Detect, Pen
2026-05-24 02:36:39 | INFO | data_ingestion | Published headline: L.L.Bean's Zip Hunter's Tote Is the Only Carryall You Need
2026-05-24 02:36:39 | INFO | data_ingestion | Published headline: Quantum ‘Jamming’ Could Help Unlock the Mysteries of Causali
2026-05-24 02:36:39 | INFO | data_ingestion | Published headline: The Best Smart Sprinklers and Irrigation Systems: In-Ground 
2026-05-24 02:36:39 | INFO | data_ingestion | Published headline: The FBI Wants ‘Near Real-Time’ Access to US License Plate Re
2026-05-24 02:36:39 | INFO | data_ingestion | Published headline: Cosmic Voids May Contain the Universe’s Best Secrets
2026-05-24 02:36:39 | INFO | data_ingestion | Published headline: Best Memorial Day Deals: Garmin, Birdfy, Branch (2026)
2026-05-24 02:36:39 | INFO | data_ingestion | Published headline: A 'Golden Orb' on the Ocean Floor Came From a Mysterious Ani
2026-05-24 02:36:39 | INFO | data_ingestion | Published headline: All Vehicles Sold in the EU Must Be Able to Hook Up to a Bre
2026-05-24 02:36:39 | INFO | data_ingestion | Published headline: SpaceX's Starship V3—still a work in progress—mostly success
2026-05-24 02:36:39 | INFO | data_ingestion | Published headline: Two space shuttle-era spacewalkers enter Astronaut Hall of F
2026-05-24 02:36:39 | INFO | data_ingestion | Published headline: China’s shark finning could lead to US seafood sanctions
2026-05-24 02:36:39 | INFO | data_ingestion | Published headline: Four Russian satellites are now within striking distance of 
2026-05-24 02:36:39 | INFO | data_ingestion | Published headline: Ebola outbreak now third largest recorded and "spreading rap
2026-05-24 02:36:39 | INFO | data_ingestion | Published headline: First-generation Chromecast users stressed by devices sudden
2026-05-24 02:36:39 | INFO | data_ingestion | Published headline: Trump FCC asks public to comment on whether ABC's The View i
2026-05-24 02:36:40 | INFO | data_ingestion | Published headline: US scrambles to stop Internet users re-creating dead pilots’
2026-05-24 02:36:40 | INFO | data_ingestion | Published headline: The Boys is dead. Long live Vought Rising.
2026-05-24 02:36:40 | INFO | data_ingestion | Published headline: Police boast of hacking VPN where criminals "believed themse
2026-05-24 02:36:40 | INFO | data_ingestion | Sleeping 60s
2026-05-24 02:37:40 | INFO | data_ingestion | Starting ingestion cycle
2026-05-24 02:37:40 | INFO | data_ingestion | Fetching TechCrunch
2026-05-24 02:37:40 | INFO | data_ingestion | TechCrunch → 10 new headlines
2026-05-24 02:37:40 | INFO | data_ingestion | Fetching The Verge
2026-05-24 02:37:41 | INFO | data_ingestion | The Verge → 10 new headlines
2026-05-24 02:37:41 | INFO | data_ingestion | Fetching Wired
2026-05-24 02:37:41 | INFO | data_ingestion | Wired → 10 new headlines
2026-05-24 02:37:41 | INFO | data_ingestion | Fetching Ars Technica
2026-05-24 02:37:43 | INFO | data_ingestion | Ars Technica → 10 new headlines
2026-05-24 02:37:43 | INFO | data_ingestion | Collected 40 headlines
2026-05-24 02:37:43 | INFO | data_ingestion | Published headline: SolarSquare in talks to raise up to $60M as India’s rooftop 
2026-05-24 02:37:43 | INFO | data_ingestion | Published headline: These special phone and app features can help protect you fr
2026-05-24 02:37:43 | INFO | data_ingestion | Published headline: Ferrari is using IBM’s AI to create F1 superfans
2026-05-24 02:37:43 | INFO | data_ingestion | Published headline: Nuclear startup Deep Fission says it’s going public, again, 
2026-05-24 02:37:43 | INFO | data_ingestion | Published headline: Elon Musk has given up on solar power (on Earth)
2026-05-24 02:37:43 | INFO | data_ingestion | Published headline: Peec, one of Berlin’s rising startups, more than doubled ann
2026-05-24 02:37:43 | INFO | data_ingestion | Published headline: AI is being used to resurrect the voices of dead pilots
2026-05-24 02:37:44 | INFO | data_ingestion | Published headline: SpaceX launches Starship V3 for the first time, but loses bo
2026-05-24 02:37:44 | INFO | data_ingestion | Published headline: Blue Origin cleared to fly New Glenn mega-rocket after April
2026-05-24 02:37:44 | INFO | data_ingestion | Published headline: Google goes for the glitter with disco-ball icons: ‘Are y’al
2026-05-24 02:37:44 | INFO | data_ingestion | Published headline: The man behind the legendary MPC, Roger Linn, stays focused 
2026-05-24 02:37:44 | INFO | data_ingestion | Published headline: Here are 38 Memorial Day deals we recommend for $50 or less
2026-05-24 02:37:44 | INFO | data_ingestion | Published headline: Hanging out in my favorite virtual coffee shop in Tokyo
2026-05-24 02:37:44 | INFO | data_ingestion | Published headline: I have a new go-to browser
2026-05-24 02:37:44 | INFO | data_ingestion | Published headline: Google’s new anything-to-anything AI model is wild
2026-05-24 02:37:44 | INFO | data_ingestion | Published headline: Google&#8217;s AI search is so broken it can &#8216;disregar
2026-05-24 02:37:44 | INFO | data_ingestion | Published headline: Twelve South’s AirFly Pro 2 has hit one of its best prices a
2026-05-24 02:37:44 | INFO | data_ingestion | Published headline: Meta’s Forum is part Reddit, part Facebook, and part Google 
2026-05-24 02:37:44 | INFO | data_ingestion | Published headline: Elon, stop trying to make Grok happen
2026-05-24 02:37:44 | INFO | data_ingestion | Published headline: The best Memorial Day sales you can shop this weekend
2026-05-24 02:37:44 | INFO | data_ingestion | Published headline: Best Power Banks (2026): My Picks After Testing Over 100
2026-05-24 02:37:44 | INFO | data_ingestion | Published headline: Memorial Day Dyson Vacuum Deals: V15 Detect, Gen5Detect, Pen
2026-05-24 02:37:44 | INFO | data_ingestion | Published headline: L.L.Bean's Zip Hunter's Tote Is the Only Carryall You Need
2026-05-24 02:37:44 | INFO | data_ingestion | Published headline: Quantum ‘Jamming’ Could Help Unlock the Mysteries of Causali
2026-05-24 02:37:44 | INFO | data_ingestion | Published headline: The Best Smart Sprinklers and Irrigation Systems: In-Ground 
2026-05-24 02:37:45 | INFO | data_ingestion | Published headline: The FBI Wants ‘Near Real-Time’ Access to US License Plate Re
2026-05-24 02:37:45 | INFO | data_ingestion | Published headline: Cosmic Voids May Contain the Universe’s Best Secrets
2026-05-24 02:37:45 | INFO | data_ingestion | Published headline: Best Memorial Day Deals: Garmin, Birdfy, Branch (2026)
2026-05-24 02:37:45 | INFO | data_ingestion | Published headline: A 'Golden Orb' on the Ocean Floor Came From a Mysterious Ani
2026-05-24 02:37:45 | INFO | data_ingestion | Published headline: All Vehicles Sold in the EU Must Be Able to Hook Up to a Bre
2026-05-24 02:37:45 | INFO | data_ingestion | Published headline: SpaceX's Starship V3—still a work in progress—mostly success
2026-05-24 02:37:45 | INFO | data_ingestion | Published headline: Two space shuttle-era spacewalkers enter Astronaut Hall of F
2026-05-24 02:37:45 | INFO | data_ingestion | Published headline: China’s shark finning could lead to US seafood sanctions
2026-05-24 02:37:45 | INFO | data_ingestion | Published headline: Four Russian satellites are now within striking distance of 
2026-05-24 02:37:45 | INFO | data_ingestion | Published headline: Ebola outbreak now third largest recorded and "spreading rap
2026-05-24 02:37:45 | INFO | data_ingestion | Published headline: First-generation Chromecast users stressed by devices sudden
2026-05-24 02:37:45 | INFO | data_ingestion | Published headline: Trump FCC asks public to comment on whether ABC's The View i
2026-05-24 02:37:45 | INFO | data_ingestion | Published headline: US scrambles to stop Internet users re-creating dead pilots’
2026-05-24 02:37:45 | INFO | data_ingestion | Published headline: The Boys is dead. Long live Vought Rising.
2026-05-24 02:37:45 | INFO | data_ingestion | Published headline: Police boast of hacking VPN where criminals "believed themse
2026-05-24 02:37:45 | INFO | data_ingestion | Sleeping 60s
2026-05-24 02:38:45 | INFO | data_ingestion | Starting ingestion cycle
2026-05-24 02:38:45 | INFO | data_ingestion | Fetching TechCrunch
2026-05-24 02:38:46 | INFO | data_ingestion | TechCrunch → 10 new headlines
2026-05-24 02:38:46 | INFO | data_ingestion | Fetching The Verge
2026-05-24 02:38:46 | INFO | data_ingestion | The Verge → 10 new headlines
2026-05-24 02:38:46 | INFO | data_ingestion | Fetching Wired
2026-05-24 02:38:46 | INFO | data_ingestion | Wired → 10 new headlines
2026-05-24 02:38:46 | INFO | data_ingestion | Fetching Ars Technica
2026-05-24 02:38:48 | INFO | data_ingestion | Ars Technica → 10 new headlines
2026-05-24 02:38:48 | INFO | data_ingestion | Collected 40 headlines
2026-05-24 02:38:49 | INFO | data_ingestion | Published headline: SolarSquare in talks to raise up to $60M as India’s rooftop 
2026-05-24 02:38:49 | INFO | data_ingestion | Published headline: These special phone and app features can help protect you fr
2026-05-24 02:38:49 | INFO | data_ingestion | Published headline: Ferrari is using IBM’s AI to create F1 superfans
2026-05-24 02:38:49 | INFO | data_ingestion | Published headline: Nuclear startup Deep Fission says it’s going public, again, 
2026-05-24 02:38:49 | INFO | data_ingestion | Published headline: Elon Musk has given up on solar power (on Earth)
2026-05-24 02:38:49 | INFO | data_ingestion | Published headline: Peec, one of Berlin’s rising startups, more than doubled ann
2026-05-24 02:38:49 | INFO | data_ingestion | Published headline: AI is being used to resurrect the voices of dead pilots
2026-05-24 02:38:49 | INFO | data_ingestion | Published headline: SpaceX launches Starship V3 for the first time, but loses bo
2026-05-24 02:38:49 | INFO | data_ingestion | Published headline: Blue Origin cleared to fly New Glenn mega-rocket after April
2026-05-24 02:38:49 | INFO | data_ingestion | Published headline: Google goes for the glitter with disco-ball icons: ‘Are y’al
2026-05-24 02:38:49 | INFO | data_ingestion | Published headline: The man behind the legendary MPC, Roger Linn, stays focused 
2026-05-24 02:38:49 | INFO | data_ingestion | Published headline: Here are 38 Memorial Day deals we recommend for $50 or less
2026-05-24 02:38:49 | INFO | data_ingestion | Published headline: Hanging out in my favorite virtual coffee shop in Tokyo
2026-05-24 02:38:49 | INFO | data_ingestion | Published headline: I have a new go-to browser
2026-05-24 02:38:49 | INFO | data_ingestion | Published headline: Google’s new anything-to-anything AI model is wild
2026-05-24 02:38:49 | INFO | data_ingestion | Published headline: Google&#8217;s AI search is so broken it can &#8216;disregar
2026-05-24 02:38:49 | INFO | data_ingestion | Published headline: Twelve South’s AirFly Pro 2 has hit one of its best prices a
2026-05-24 02:38:49 | INFO | data_ingestion | Published headline: Meta’s Forum is part Reddit, part Facebook, and part Google 
2026-05-24 02:38:49 | INFO | data_ingestion | Published headline: Elon, stop trying to make Grok happen
2026-05-24 02:38:50 | INFO | data_ingestion | Published headline: The best Memorial Day sales you can shop this weekend
2026-05-24 02:38:50 | INFO | data_ingestion | Published headline: Best Power Banks (2026): My Picks After Testing Over 100
2026-05-24 02:38:50 | INFO | data_ingestion | Published headline: Memorial Day Dyson Vacuum Deals: V15 Detect, Gen5Detect, Pen
2026-05-24 02:38:50 | INFO | data_ingestion | Published headline: L.L.Bean's Zip Hunter's Tote Is the Only Carryall You Need
2026-05-24 02:38:50 | INFO | data_ingestion | Published headline: Quantum ‘Jamming’ Could Help Unlock the Mysteries of Causali
2026-05-24 02:38:50 | INFO | data_ingestion | Published headline: The Best Smart Sprinklers and Irrigation Systems: In-Ground 
2026-05-24 02:38:50 | INFO | data_ingestion | Published headline: The FBI Wants ‘Near Real-Time’ Access to US License Plate Re
2026-05-24 02:38:50 | INFO | data_ingestion | Published headline: Cosmic Voids May Contain the Universe’s Best Secrets
2026-05-24 02:38:50 | INFO | data_ingestion | Published headline: Best Memorial Day Deals: Garmin, Birdfy, Branch (2026)
2026-05-24 02:38:50 | INFO | data_ingestion | Published headline: A 'Golden Orb' on the Ocean Floor Came From a Mysterious Ani
2026-05-24 02:38:50 | INFO | data_ingestion | Published headline: All Vehicles Sold in the EU Must Be Able to Hook Up to a Bre
2026-05-24 02:38:50 | INFO | data_ingestion | Published headline: SpaceX's Starship V3—still a work in progress—mostly success
2026-05-24 02:38:50 | INFO | data_ingestion | Published headline: Two space shuttle-era spacewalkers enter Astronaut Hall of F
2026-05-24 02:38:50 | INFO | data_ingestion | Published headline: China’s shark finning could lead to US seafood sanctions
2026-05-24 02:38:50 | INFO | data_ingestion | Published headline: Four Russian satellites are now within striking distance of 
2026-05-24 02:38:50 | INFO | data_ingestion | Published headline: Ebola outbreak now third largest recorded and "spreading rap
2026-05-24 02:38:50 | INFO | data_ingestion | Published headline: First-generation Chromecast users stressed by devices sudden
2026-05-24 02:38:51 | INFO | data_ingestion | Published headline: Trump FCC asks public to comment on whether ABC's The View i
2026-05-24 02:38:51 | INFO | data_ingestion | Published headline: US scrambles to stop Internet users re-creating dead pilots’
2026-05-24 02:38:51 | INFO | data_ingestion | Published headline: The Boys is dead. Long live Vought Rising.
2026-05-24 02:38:51 | INFO | data_ingestion | Published headline: Police boast of hacking VPN where criminals "believed themse
2026-05-24 02:38:51 | INFO | data_ingestion | Sleeping 60s
2026-05-24 02:39:51 | INFO | data_ingestion | Starting ingestion cycle
2026-05-24 02:39:51 | INFO | data_ingestion | Fetching TechCrunch
2026-05-24 02:39:51 | INFO | data_ingestion | TechCrunch → 10 new headlines
2026-05-24 02:39:51 | INFO | data_ingestion | Fetching The Verge
2026-05-24 02:39:51 | INFO | data_ingestion | The Verge → 10 new headlines
2026-05-24 02:39:51 | INFO | data_ingestion | Fetching Wired
2026-05-24 02:39:52 | INFO | data_ingestion | Wired → 10 new headlines
2026-05-24 02:39:52 | INFO | data_ingestion | Fetching Ars Technica
2026-05-24 02:39:54 | INFO | data_ingestion | Ars Technica → 10 new headlines
2026-05-24 02:39:54 | INFO | data_ingestion | Collected 40 headlines
2026-05-24 02:39:54 | INFO | data_ingestion | Published headline: SolarSquare in talks to raise up to $60M as India’s rooftop 
2026-05-24 02:39:54 | INFO | data_ingestion | Published headline: These special phone and app features can help protect you fr
2026-05-24 02:39:54 | INFO | data_ingestion | Published headline: Ferrari is using IBM’s AI to create F1 superfans
2026-05-24 02:39:54 | INFO | data_ingestion | Published headline: Nuclear startup Deep Fission says it’s going public, again, 
2026-05-24 02:39:54 | INFO | data_ingestion | Published headline: Elon Musk has given up on solar power (on Earth)
2026-05-24 02:39:54 | INFO | data_ingestion | Published headline: Peec, one of Berlin’s rising startups, more than doubled ann
2026-05-24 02:39:54 | INFO | data_ingestion | Published headline: AI is being used to resurrect the voices of dead pilots
2026-05-24 02:39:54 | INFO | data_ingestion | Published headline: SpaceX launches Starship V3 for the first time, but loses bo
2026-05-24 02:39:54 | INFO | data_ingestion | Published headline: Blue Origin cleared to fly New Glenn mega-rocket after April
2026-05-24 02:39:54 | INFO | data_ingestion | Published headline: Google goes for the glitter with disco-ball icons: ‘Are y’al
2026-05-24 02:39:54 | INFO | data_ingestion | Published headline: The man behind the legendary MPC, Roger Linn, stays focused 
2026-05-24 02:39:54 | INFO | data_ingestion | Published headline: Here are 38 Memorial Day deals we recommend for $50 or less
2026-05-24 02:39:54 | INFO | data_ingestion | Published headline: Hanging out in my favorite virtual coffee shop in Tokyo
2026-05-24 02:39:55 | INFO | data_ingestion | Published headline: I have a new go-to browser
2026-05-24 02:39:55 | INFO | data_ingestion | Published headline: Google’s new anything-to-anything AI model is wild
2026-05-24 02:39:55 | INFO | data_ingestion | Published headline: Google&#8217;s AI search is so broken it can &#8216;disregar
2026-05-24 02:39:55 | INFO | data_ingestion | Published headline: Twelve South’s AirFly Pro 2 has hit one of its best prices a
2026-05-24 02:39:55 | INFO | data_ingestion | Published headline: Meta’s Forum is part Reddit, part Facebook, and part Google 
2026-05-24 02:39:55 | INFO | data_ingestion | Published headline: Elon, stop trying to make Grok happen
2026-05-24 02:39:55 | INFO | data_ingestion | Published headline: The best Memorial Day sales you can shop this weekend
2026-05-24 02:39:55 | INFO | data_ingestion | Published headline: Best Power Banks (2026): My Picks After Testing Over 100
2026-05-24 02:39:55 | INFO | data_ingestion | Published headline: Memorial Day Dyson Vacuum Deals: V15 Detect, Gen5Detect, Pen
2026-05-24 02:39:55 | INFO | data_ingestion | Published headline: L.L.Bean's Zip Hunter's Tote Is the Only Carryall You Need
2026-05-24 02:39:55 | INFO | data_ingestion | Published headline: Quantum ‘Jamming’ Could Help Unlock the Mysteries of Causali
2026-05-24 02:39:55 | INFO | data_ingestion | Published headline: The Best Smart Sprinklers and Irrigation Systems: In-Ground 
2026-05-24 02:39:55 | INFO | data_ingestion | Published headline: The FBI Wants ‘Near Real-Time’ Access to US License Plate Re
2026-05-24 02:39:55 | INFO | data_ingestion | Published headline: Cosmic Voids May Contain the Universe’s Best Secrets
2026-05-24 02:39:55 | INFO | data_ingestion | Published headline: Best Memorial Day Deals: Garmin, Birdfy, Branch (2026)
2026-05-24 02:39:55 | INFO | data_ingestion | Published headline: A 'Golden Orb' on the Ocean Floor Came From a Mysterious Ani
2026-05-24 02:39:55 | INFO | data_ingestion | Published headline: All Vehicles Sold in the EU Must Be Able to Hook Up to a Bre
2026-05-24 02:39:55 | INFO | data_ingestion | Published headline: SpaceX's Starship V3—still a work in progress—mostly success
2026-05-24 02:39:55 | INFO | data_ingestion | Published headline: Two space shuttle-era spacewalkers enter Astronaut Hall of F
2026-05-24 02:39:56 | INFO | data_ingestion | Published headline: China’s shark finning could lead to US seafood sanctions
2026-05-24 02:39:56 | INFO | data_ingestion | Published headline: Four Russian satellites are now within striking distance of 
2026-05-24 02:39:56 | INFO | data_ingestion | Published headline: Ebola outbreak now third largest recorded and "spreading rap
2026-05-24 02:39:56 | INFO | data_ingestion | Published headline: First-generation Chromecast users stressed by devices sudden
2026-05-24 02:39:56 | INFO | data_ingestion | Published headline: Trump FCC asks public to comment on whether ABC's The View i
2026-05-24 02:39:56 | INFO | data_ingestion | Published headline: US scrambles to stop Internet users re-creating dead pilots’
2026-05-24 02:39:56 | INFO | data_ingestion | Published headline: The Boys is dead. Long live Vought Rising.
2026-05-24 02:39:56 | INFO | data_ingestion | Published headline: Police boast of hacking VPN where criminals "believed themse
2026-05-24 02:39:56 | INFO | data_ingestion | Sleeping 60s
2026-05-24 02:40:56 | INFO | data_ingestion | Starting ingestion cycle
2026-05-24 02:40:56 | INFO | data_ingestion | Fetching TechCrunch
2026-05-24 02:40:57 | INFO | data_ingestion | TechCrunch → 10 new headlines
2026-05-24 02:40:57 | INFO | data_ingestion | Fetching The Verge
2026-05-24 02:40:59 | INFO | data_ingestion | The Verge → 10 new headlines
2026-05-24 02:40:59 | INFO | data_ingestion | Fetching Wired
2026-05-24 02:41:00 | INFO | data_ingestion | Wired → 10 new headlines
2026-05-24 02:41:00 | INFO | data_ingestion | Fetching Ars Technica
2026-05-24 02:41:01 | INFO | data_ingestion | Ars Technica → 10 new headlines
2026-05-24 02:41:01 | INFO | data_ingestion | Collected 40 headlines
2026-05-24 02:41:01 | INFO | data_ingestion | Published headline: SolarSquare in talks to raise up to $60M as India’s rooftop 
2026-05-24 02:41:02 | INFO | data_ingestion | Published headline: These special phone and app features can help protect you fr
2026-05-24 02:41:02 | INFO | data_ingestion | Published headline: Ferrari is using IBM’s AI to create F1 superfans
2026-05-24 02:41:02 | INFO | data_ingestion | Published headline: Nuclear startup Deep Fission says it’s going public, again, 
2026-05-24 02:41:02 | INFO | data_ingestion | Published headline: Elon Musk has given up on solar power (on Earth)
2026-05-24 02:41:03 | INFO | data_ingestion | Published headline: Peec, one of Berlin’s rising startups, more than doubled ann
2026-05-24 02:41:03 | INFO | data_ingestion | Published headline: AI is being used to resurrect the voices of dead pilots
2026-05-24 02:41:03 | INFO | data_ingestion | Published headline: SpaceX launches Starship V3 for the first time, but loses bo
2026-05-24 02:41:03 | INFO | data_ingestion | Published headline: Blue Origin cleared to fly New Glenn mega-rocket after April
2026-05-24 02:41:04 | INFO | data_ingestion | Published headline: Google goes for the glitter with disco-ball icons: ‘Are y’al
2026-05-24 02:41:04 | INFO | data_ingestion | Published headline: The man behind the legendary MPC, Roger Linn, stays focused 
2026-05-24 02:41:04 | INFO | data_ingestion | Published headline: Here are 38 Memorial Day deals we recommend for $50 or less
2026-05-24 02:41:04 | INFO | data_ingestion | Published headline: Hanging out in my favorite virtual coffee shop in Tokyo
2026-05-24 02:41:05 | INFO | data_ingestion | Published headline: I have a new go-to browser
2026-05-24 02:41:05 | INFO | data_ingestion | Published headline: Google’s new anything-to-anything AI model is wild
2026-05-24 02:41:05 | INFO | data_ingestion | Published headline: Google&#8217;s AI search is so broken it can &#8216;disregar
2026-05-24 02:41:05 | INFO | data_ingestion | Published headline: Twelve South’s AirFly Pro 2 has hit one of its best prices a
2026-05-24 02:41:06 | INFO | data_ingestion | Published headline: Meta’s Forum is part Reddit, part Facebook, and part Google 
2026-05-24 02:41:06 | INFO | data_ingestion | Published headline: Elon, stop trying to make Grok happen
2026-05-24 02:41:06 | INFO | data_ingestion | Published headline: The best Memorial Day sales you can shop this weekend
2026-05-24 02:41:06 | INFO | data_ingestion | Published headline: Best Power Banks (2026): My Picks After Testing Over 100
2026-05-24 02:41:06 | INFO | data_ingestion | Published headline: Memorial Day Dyson Vacuum Deals: V15 Detect, Gen5Detect, Pen
2026-05-24 02:41:07 | INFO | data_ingestion | Published headline: L.L.Bean's Zip Hunter's Tote Is the Only Carryall You Need
2026-05-24 02:41:07 | INFO | data_ingestion | Published headline: Quantum ‘Jamming’ Could Help Unlock the Mysteries of Causali
2026-05-24 02:41:07 | INFO | data_ingestion | Published headline: The Best Smart Sprinklers and Irrigation Systems: In-Ground 
2026-05-24 02:41:07 | INFO | data_ingestion | Published headline: The FBI Wants ‘Near Real-Time’ Access to US License Plate Re
2026-05-24 02:41:08 | INFO | data_ingestion | Published headline: Cosmic Voids May Contain the Universe’s Best Secrets
2026-05-24 02:41:08 | INFO | data_ingestion | Published headline: Best Memorial Day Deals: Garmin, Birdfy, Branch (2026)
2026-05-24 02:41:08 | INFO | data_ingestion | Published headline: A 'Golden Orb' on the Ocean Floor Came From a Mysterious Ani
2026-05-24 02:41:08 | INFO | data_ingestion | Published headline: All Vehicles Sold in the EU Must Be Able to Hook Up to a Bre
2026-05-24 02:41:09 | INFO | data_ingestion | Published headline: SpaceX's Starship V3—still a work in progress—mostly success
2026-05-24 02:41:09 | INFO | data_ingestion | Published headline: Two space shuttle-era spacewalkers enter Astronaut Hall of F
2026-05-24 02:41:09 | INFO | data_ingestion | Published headline: China’s shark finning could lead to US seafood sanctions
2026-05-24 02:41:09 | INFO | data_ingestion | Published headline: Four Russian satellites are now within striking distance of 
2026-05-24 02:41:09 | INFO | data_ingestion | Published headline: Ebola outbreak now third largest recorded and "spreading rap
2026-05-24 02:41:10 | INFO | data_ingestion | Published headline: First-generation Chromecast users stressed by devices sudden
2026-05-24 02:41:10 | INFO | data_ingestion | Published headline: Trump FCC asks public to comment on whether ABC's The View i
2026-05-24 02:41:10 | INFO | data_ingestion | Published headline: US scrambles to stop Internet users re-creating dead pilots’
2026-05-24 02:41:10 | INFO | data_ingestion | Published headline: The Boys is dead. Long live Vought Rising.
2026-05-24 02:41:11 | INFO | data_ingestion | Published headline: Police boast of hacking VPN where criminals "believed themse
2026-05-24 02:41:11 | INFO | data_ingestion | Sleeping 60s
2026-05-24 02:42:11 | INFO | data_ingestion | Starting ingestion cycle
2026-05-24 02:42:11 | INFO | data_ingestion | Fetching TechCrunch
2026-05-24 02:42:12 | INFO | data_ingestion | TechCrunch → 10 new headlines
2026-05-24 02:42:12 | INFO | data_ingestion | Fetching The Verge
2026-05-24 02:42:14 | INFO | data_ingestion | The Verge → 10 new headlines
2026-05-24 02:42:14 | INFO | data_ingestion | Fetching Wired
2026-05-24 02:42:15 | INFO | data_ingestion | Wired → 10 new headlines
2026-05-24 02:42:15 | INFO | data_ingestion | Fetching Ars Technica
2026-05-24 02:42:17 | INFO | data_ingestion | Ars Technica → 10 new headlines
2026-05-24 02:42:17 | INFO | data_ingestion | Collected 40 headlines
2026-05-24 02:42:18 | INFO | data_ingestion | Published headline: SolarSquare in talks to raise up to $60M as India’s rooftop 
2026-05-24 02:42:18 | INFO | data_ingestion | Published headline: These special phone and app features can help protect you fr
2026-05-24 02:42:18 | INFO | data_ingestion | Published headline: Ferrari is using IBM’s AI to create F1 superfans
2026-05-24 02:42:18 | INFO | data_ingestion | Published headline: Nuclear startup Deep Fission says it’s going public, again, 
2026-05-24 02:42:19 | INFO | data_ingestion | Published headline: Elon Musk has given up on solar power (on Earth)
2026-05-24 02:42:19 | INFO | data_ingestion | Published headline: Peec, one of Berlin’s rising startups, more than doubled ann
2026-05-24 02:42:19 | INFO | data_ingestion | Published headline: AI is being used to resurrect the voices of dead pilots
2026-05-24 02:42:19 | INFO | data_ingestion | Published headline: SpaceX launches Starship V3 for the first time, but loses bo
2026-05-24 02:42:20 | INFO | data_ingestion | Published headline: Blue Origin cleared to fly New Glenn mega-rocket after April
2026-05-24 02:42:20 | INFO | data_ingestion | Published headline: Google goes for the glitter with disco-ball icons: ‘Are y’al
2026-05-24 02:42:20 | INFO | data_ingestion | Published headline: The man behind the legendary MPC, Roger Linn, stays focused 
2026-05-24 02:42:20 | INFO | data_ingestion | Published headline: Here are 38 Memorial Day deals we recommend for $50 or less
2026-05-24 02:42:21 | INFO | data_ingestion | Published headline: Hanging out in my favorite virtual coffee shop in Tokyo
2026-05-24 02:42:21 | INFO | data_ingestion | Published headline: I have a new go-to browser
2026-05-24 02:42:21 | INFO | data_ingestion | Published headline: Google’s new anything-to-anything AI model is wild
2026-05-24 02:42:21 | INFO | data_ingestion | Published headline: Google&#8217;s AI search is so broken it can &#8216;disregar
2026-05-24 02:42:22 | INFO | data_ingestion | Published headline: Twelve South’s AirFly Pro 2 has hit one of its best prices a
2026-05-24 02:42:22 | INFO | data_ingestion | Published headline: Meta’s Forum is part Reddit, part Facebook, and part Google 
2026-05-24 02:42:22 | INFO | data_ingestion | Published headline: Elon, stop trying to make Grok happen
2026-05-24 02:42:22 | INFO | data_ingestion | Published headline: The best Memorial Day sales you can shop this weekend
2026-05-24 02:42:23 | INFO | data_ingestion | Published headline: Best Power Banks (2026): My Picks After Testing Over 100
2026-05-24 02:42:23 | INFO | data_ingestion | Published headline: Memorial Day Dyson Vacuum Deals: V15 Detect, Gen5Detect, Pen
2026-05-24 02:42:23 | INFO | data_ingestion | Published headline: L.L.Bean's Zip Hunter's Tote Is the Only Carryall You Need
2026-05-24 02:42:23 | INFO | data_ingestion | Published headline: Quantum ‘Jamming’ Could Help Unlock the Mysteries of Causali
2026-05-24 02:42:24 | INFO | data_ingestion | Published headline: The Best Smart Sprinklers and Irrigation Systems: In-Ground 
2026-05-24 02:42:24 | INFO | data_ingestion | Published headline: The FBI Wants ‘Near Real-Time’ Access to US License Plate Re
2026-05-24 02:42:24 | INFO | data_ingestion | Published headline: Cosmic Voids May Contain the Universe’s Best Secrets
2026-05-24 02:42:24 | INFO | data_ingestion | Published headline: Best Memorial Day Deals: Garmin, Birdfy, Branch (2026)
2026-05-24 02:42:25 | INFO | data_ingestion | Published headline: A 'Golden Orb' on the Ocean Floor Came From a Mysterious Ani
2026-05-24 02:42:25 | INFO | data_ingestion | Published headline: All Vehicles Sold in the EU Must Be Able to Hook Up to a Bre
2026-05-24 02:42:25 | INFO | data_ingestion | Published headline: SpaceX's Starship V3—still a work in progress—mostly success
2026-05-24 02:42:25 | INFO | data_ingestion | Published headline: Two space shuttle-era spacewalkers enter Astronaut Hall of F
2026-05-24 02:42:25 | INFO | data_ingestion | Published headline: China’s shark finning could lead to US seafood sanctions
2026-05-24 02:42:26 | INFO | data_ingestion | Published headline: Four Russian satellites are now within striking distance of 
2026-05-24 02:42:26 | INFO | data_ingestion | Published headline: Ebola outbreak now third largest recorded and "spreading rap
2026-05-24 02:42:26 | INFO | data_ingestion | Published headline: First-generation Chromecast users stressed by devices sudden
2026-05-24 02:42:26 | INFO | data_ingestion | Published headline: Trump FCC asks public to comment on whether ABC's The View i
2026-05-24 02:42:27 | INFO | data_ingestion | Published headline: US scrambles to stop Internet users re-creating dead pilots’
2026-05-24 02:42:27 | INFO | data_ingestion | Published headline: The Boys is dead. Long live Vought Rising.
2026-05-24 02:42:27 | INFO | data_ingestion | Published headline: Police boast of hacking VPN where criminals "believed themse
2026-05-24 02:42:27 | INFO | data_ingestion | Sleeping 60s
2026-05-24 02:43:27 | INFO | data_ingestion | Starting ingestion cycle
2026-05-24 02:43:27 | INFO | data_ingestion | Fetching TechCrunch
2026-05-24 02:43:27 | INFO | data_ingestion | TechCrunch → 10 new headlines
2026-05-24 02:43:27 | INFO | data_ingestion | Fetching The Verge
2026-05-24 02:43:28 | INFO | data_ingestion | The Verge → 10 new headlines
2026-05-24 02:43:28 | INFO | data_ingestion | Fetching Wired
2026-05-24 02:43:28 | INFO | data_ingestion | Wired → 10 new headlines
2026-05-24 02:43:28 | INFO | data_ingestion | Fetching Ars Technica
2026-05-24 02:43:29 | INFO | data_ingestion | Ars Technica → 10 new headlines
2026-05-24 02:43:29 | INFO | data_ingestion | Collected 40 headlines
2026-05-24 02:43:29 | INFO | data_ingestion | Published headline: SolarSquare in talks to raise up to $60M as India’s rooftop 
2026-05-24 02:43:29 | INFO | data_ingestion | Published headline: These special phone and app features can help protect you fr
2026-05-24 02:43:29 | INFO | data_ingestion | Published headline: Ferrari is using IBM’s AI to create F1 superfans
2026-05-24 02:43:29 | INFO | data_ingestion | Published headline: Nuclear startup Deep Fission says it’s going public, again, 
2026-05-24 02:43:29 | INFO | data_ingestion | Published headline: Elon Musk has given up on solar power (on Earth)
2026-05-24 02:43:29 | INFO | data_ingestion | Published headline: Peec, one of Berlin’s rising startups, more than doubled ann
2026-05-24 02:43:29 | INFO | data_ingestion | Published headline: AI is being used to resurrect the voices of dead pilots
2026-05-24 02:43:29 | INFO | data_ingestion | Published headline: SpaceX launches Starship V3 for the first time, but loses bo
2026-05-24 02:43:29 | INFO | data_ingestion | Published headline: Blue Origin cleared to fly New Glenn mega-rocket after April
2026-05-24 02:43:29 | INFO | data_ingestion | Published headline: Google goes for the glitter with disco-ball icons: ‘Are y’al
2026-05-24 02:43:29 | INFO | data_ingestion | Published headline: The man behind the legendary MPC, Roger Linn, stays focused 
2026-05-24 02:43:30 | INFO | data_ingestion | Published headline: Here are 38 Memorial Day deals we recommend for $50 or less
2026-05-24 02:43:30 | INFO | data_ingestion | Published headline: Hanging out in my favorite virtual coffee shop in Tokyo
2026-05-24 02:43:30 | INFO | data_ingestion | Published headline: I have a new go-to browser
2026-05-24 02:43:30 | INFO | data_ingestion | Published headline: Google’s new anything-to-anything AI model is wild
2026-05-24 02:43:30 | INFO | data_ingestion | Published headline: Google&#8217;s AI search is so broken it can &#8216;disregar
2026-05-24 02:43:30 | INFO | data_ingestion | Published headline: Twelve South’s AirFly Pro 2 has hit one of its best prices a
2026-05-24 02:43:30 | INFO | data_ingestion | Published headline: Meta’s Forum is part Reddit, part Facebook, and part Google 
2026-05-24 02:43:30 | INFO | data_ingestion | Published headline: Elon, stop trying to make Grok happen
2026-05-24 02:43:30 | INFO | data_ingestion | Published headline: The best Memorial Day sales you can shop this weekend
2026-05-24 02:43:30 | INFO | data_ingestion | Published headline: Best Power Banks (2026): My Picks After Testing Over 100
2026-05-24 02:43:30 | INFO | data_ingestion | Published headline: Memorial Day Dyson Vacuum Deals: V15 Detect, Gen5Detect, Pen
2026-05-24 02:43:30 | INFO | data_ingestion | Published headline: L.L.Bean's Zip Hunter's Tote Is the Only Carryall You Need
2026-05-24 02:43:30 | INFO | data_ingestion | Published headline: Quantum ‘Jamming’ Could Help Unlock the Mysteries of Causali
2026-05-24 02:43:30 | INFO | data_ingestion | Published headline: The Best Smart Sprinklers and Irrigation Systems: In-Ground 
2026-05-24 02:43:30 | INFO | data_ingestion | Published headline: The FBI Wants ‘Near Real-Time’ Access to US License Plate Re
2026-05-24 02:43:30 | INFO | data_ingestion | Published headline: Cosmic Voids May Contain the Universe’s Best Secrets
2026-05-24 02:43:30 | INFO | data_ingestion | Published headline: Best Memorial Day Deals: Garmin, Birdfy, Branch (2026)
2026-05-24 02:43:30 | INFO | data_ingestion | Published headline: A 'Golden Orb' on the Ocean Floor Came From a Mysterious Ani
2026-05-24 02:43:31 | INFO | data_ingestion | Published headline: All Vehicles Sold in the EU Must Be Able to Hook Up to a Bre
2026-05-24 02:43:31 | INFO | data_ingestion | Published headline: SpaceX's Starship V3—still a work in progress—mostly success
2026-05-24 02:43:31 | INFO | data_ingestion | Published headline: Two space shuttle-era spacewalkers enter Astronaut Hall of F
2026-05-24 02:43:31 | INFO | data_ingestion | Published headline: China’s shark finning could lead to US seafood sanctions
2026-05-24 02:43:31 | INFO | data_ingestion | Published headline: Four Russian satellites are now within striking distance of 
2026-05-24 02:43:31 | INFO | data_ingestion | Published headline: Ebola outbreak now third largest recorded and "spreading rap
2026-05-24 02:43:31 | INFO | data_ingestion | Published headline: First-generation Chromecast users stressed by devices sudden
2026-05-24 02:43:31 | INFO | data_ingestion | Published headline: Trump FCC asks public to comment on whether ABC's The View i
2026-05-24 02:43:31 | INFO | data_ingestion | Published headline: US scrambles to stop Internet users re-creating dead pilots’
2026-05-24 02:43:31 | INFO | data_ingestion | Published headline: The Boys is dead. Long live Vought Rising.
2026-05-24 02:43:31 | INFO | data_ingestion | Published headline: Police boast of hacking VPN where criminals "believed themse
2026-05-24 02:43:31 | INFO | data_ingestion | Sleeping 60s
2026-05-24 02:44:31 | INFO | data_ingestion | Starting ingestion cycle
2026-05-24 02:44:31 | INFO | data_ingestion | Fetching TechCrunch
2026-05-24 02:44:31 | INFO | data_ingestion | TechCrunch → 10 new headlines
2026-05-24 02:44:31 | INFO | data_ingestion | Fetching The Verge
2026-05-24 02:44:32 | INFO | data_ingestion | The Verge → 10 new headlines
2026-05-24 02:44:32 | INFO | data_ingestion | Fetching Wired
2026-05-24 02:44:32 | INFO | data_ingestion | Wired → 10 new headlines
2026-05-24 02:44:32 | INFO | data_ingestion | Fetching Ars Technica
2026-05-24 02:44:34 | INFO | data_ingestion | Ars Technica → 10 new headlines
2026-05-24 02:44:34 | INFO | data_ingestion | Collected 40 headlines
2026-05-24 02:44:34 | INFO | data_ingestion | Published headline: SolarSquare in talks to raise up to $60M as India’s rooftop 
2026-05-24 02:44:34 | INFO | data_ingestion | Published headline: These special phone and app features can help protect you fr
2026-05-24 02:44:34 | INFO | data_ingestion | Published headline: Ferrari is using IBM’s AI to create F1 superfans
2026-05-24 02:44:34 | INFO | data_ingestion | Published headline: Nuclear startup Deep Fission says it’s going public, again, 
2026-05-24 02:44:34 | INFO | data_ingestion | Published headline: Elon Musk has given up on solar power (on Earth)
2026-05-24 02:44:34 | INFO | data_ingestion | Published headline: Peec, one of Berlin’s rising startups, more than doubled ann
2026-05-24 02:44:34 | INFO | data_ingestion | Published headline: AI is being used to resurrect the voices of dead pilots
2026-05-24 02:44:34 | INFO | data_ingestion | Published headline: SpaceX launches Starship V3 for the first time, but loses bo
2026-05-24 02:44:34 | INFO | data_ingestion | Published headline: Blue Origin cleared to fly New Glenn mega-rocket after April
2026-05-24 02:44:34 | INFO | data_ingestion | Published headline: Google goes for the glitter with disco-ball icons: ‘Are y’al
2026-05-24 02:44:35 | INFO | data_ingestion | Published headline: The man behind the legendary MPC, Roger Linn, stays focused 
2026-05-24 02:44:35 | INFO | data_ingestion | Published headline: Here are 38 Memorial Day deals we recommend for $50 or less
2026-05-24 02:44:35 | INFO | data_ingestion | Published headline: Hanging out in my favorite virtual coffee shop in Tokyo
2026-05-24 02:44:35 | INFO | data_ingestion | Published headline: I have a new go-to browser
2026-05-24 02:44:35 | INFO | data_ingestion | Published headline: Google’s new anything-to-anything AI model is wild
2026-05-24 02:44:35 | INFO | data_ingestion | Published headline: Google&#8217;s AI search is so broken it can &#8216;disregar
2026-05-24 02:44:35 | INFO | data_ingestion | Published headline: Twelve South’s AirFly Pro 2 has hit one of its best prices a
2026-05-24 02:44:35 | INFO | data_ingestion | Published headline: Meta’s Forum is part Reddit, part Facebook, and part Google 
2026-05-24 02:44:35 | INFO | data_ingestion | Published headline: Elon, stop trying to make Grok happen
2026-05-24 02:44:35 | INFO | data_ingestion | Published headline: The best Memorial Day sales you can shop this weekend
2026-05-24 02:44:35 | INFO | data_ingestion | Published headline: Best Power Banks (2026): My Picks After Testing Over 100
2026-05-24 02:44:35 | INFO | data_ingestion | Published headline: Memorial Day Dyson Vacuum Deals: V15 Detect, Gen5Detect, Pen
2026-05-24 02:44:35 | INFO | data_ingestion | Published headline: L.L.Bean's Zip Hunter's Tote Is the Only Carryall You Need
2026-05-24 02:44:35 | INFO | data_ingestion | Published headline: Quantum ‘Jamming’ Could Help Unlock the Mysteries of Causali
2026-05-24 02:44:35 | INFO | data_ingestion | Published headline: The Best Smart Sprinklers and Irrigation Systems: In-Ground 
2026-05-24 02:44:35 | INFO | data_ingestion | Published headline: The FBI Wants ‘Near Real-Time’ Access to US License Plate Re
2026-05-24 02:44:35 | INFO | data_ingestion | Published headline: Cosmic Voids May Contain the Universe’s Best Secrets
2026-05-24 02:44:36 | INFO | data_ingestion | Published headline: Best Memorial Day Deals: Garmin, Birdfy, Branch (2026)
2026-05-24 02:44:36 | INFO | data_ingestion | Published headline: A 'Golden Orb' on the Ocean Floor Came From a Mysterious Ani
2026-05-24 02:44:36 | INFO | data_ingestion | Published headline: All Vehicles Sold in the EU Must Be Able to Hook Up to a Bre
2026-05-24 02:44:36 | INFO | data_ingestion | Published headline: SpaceX's Starship V3—still a work in progress—mostly success
2026-05-24 02:44:36 | INFO | data_ingestion | Published headline: Two space shuttle-era spacewalkers enter Astronaut Hall of F
2026-05-24 02:44:36 | INFO | data_ingestion | Published headline: China’s shark finning could lead to US seafood sanctions
2026-05-24 02:44:36 | INFO | data_ingestion | Published headline: Four Russian satellites are now within striking distance of 
2026-05-24 02:44:36 | INFO | data_ingestion | Published headline: Ebola outbreak now third largest recorded and "spreading rap
2026-05-24 02:44:36 | INFO | data_ingestion | Published headline: First-generation Chromecast users stressed by devices sudden
2026-05-24 02:44:36 | INFO | data_ingestion | Published headline: Trump FCC asks public to comment on whether ABC's The View i
2026-05-24 02:44:36 | INFO | data_ingestion | Published headline: US scrambles to stop Internet users re-creating dead pilots’
2026-05-24 02:44:36 | INFO | data_ingestion | Published headline: The Boys is dead. Long live Vought Rising.
2026-05-24 02:44:36 | INFO | data_ingestion | Published headline: Police boast of hacking VPN where criminals "believed themse
2026-05-24 02:44:36 | INFO | data_ingestion | Sleeping 60s
2026-05-24 02:45:36 | INFO | data_ingestion | Starting ingestion cycle
2026-05-24 02:45:36 | INFO | data_ingestion | Fetching TechCrunch
2026-05-24 02:45:36 | INFO | data_ingestion | TechCrunch → 10 new headlines
2026-05-24 02:45:36 | INFO | data_ingestion | Fetching The Verge
2026-05-24 02:45:37 | INFO | data_ingestion | The Verge → 10 new headlines
2026-05-24 02:45:37 | INFO | data_ingestion | Fetching Wired
2026-05-24 02:45:37 | INFO | data_ingestion | Wired → 10 new headlines
2026-05-24 02:45:37 | INFO | data_ingestion | Fetching Ars Technica
2026-05-24 02:45:38 | INFO | data_ingestion | Ars Technica → 10 new headlines
2026-05-24 02:45:38 | INFO | data_ingestion | Collected 40 headlines
2026-05-24 02:45:38 | INFO | data_ingestion | Published headline: SolarSquare in talks to raise up to $60M as India’s rooftop 
2026-05-24 02:45:38 | INFO | data_ingestion | Published headline: These special phone and app features can help protect you fr
2026-05-24 02:45:38 | INFO | data_ingestion | Published headline: Ferrari is using IBM’s AI to create F1 superfans
2026-05-24 02:45:38 | INFO | data_ingestion | Published headline: Nuclear startup Deep Fission says it’s going public, again, 
2026-05-24 02:45:38 | INFO | data_ingestion | Published headline: Elon Musk has given up on solar power (on Earth)
2026-05-24 02:45:38 | INFO | data_ingestion | Published headline: Peec, one of Berlin’s rising startups, more than doubled ann
2026-05-24 02:45:39 | INFO | data_ingestion | Published headline: AI is being used to resurrect the voices of dead pilots
2026-05-24 02:45:39 | INFO | data_ingestion | Published headline: SpaceX launches Starship V3 for the first time, but loses bo
2026-05-24 02:45:39 | INFO | data_ingestion | Published headline: Blue Origin cleared to fly New Glenn mega-rocket after April
2026-05-24 02:45:39 | INFO | data_ingestion | Published headline: Google goes for the glitter with disco-ball icons: ‘Are y’al
2026-05-24 02:45:39 | INFO | data_ingestion | Published headline: The man behind the legendary MPC, Roger Linn, stays focused 
2026-05-24 02:45:39 | INFO | data_ingestion | Published headline: Here are 38 Memorial Day deals we recommend for $50 or less
2026-05-24 02:45:39 | INFO | data_ingestion | Published headline: Hanging out in my favorite virtual coffee shop in Tokyo
2026-05-24 02:45:39 | INFO | data_ingestion | Published headline: I have a new go-to browser
2026-05-24 02:45:39 | INFO | data_ingestion | Published headline: Google’s new anything-to-anything AI model is wild
2026-05-24 02:45:39 | INFO | data_ingestion | Published headline: Google&#8217;s AI search is so broken it can &#8216;disregar
2026-05-24 02:45:39 | INFO | data_ingestion | Published headline: Twelve South’s AirFly Pro 2 has hit one of its best prices a
2026-05-24 02:45:39 | INFO | data_ingestion | Published headline: Meta’s Forum is part Reddit, part Facebook, and part Google 
2026-05-24 02:45:39 | INFO | data_ingestion | Published headline: Elon, stop trying to make Grok happen
2026-05-24 02:45:39 | INFO | data_ingestion | Published headline: The best Memorial Day sales you can shop this weekend
2026-05-24 02:45:39 | INFO | data_ingestion | Published headline: Best Power Banks (2026): My Picks After Testing Over 100
2026-05-24 02:45:39 | INFO | data_ingestion | Published headline: Memorial Day Dyson Vacuum Deals: V15 Detect, Gen5Detect, Pen
2026-05-24 02:45:39 | INFO | data_ingestion | Published headline: L.L.Bean's Zip Hunter's Tote Is the Only Carryall You Need
2026-05-24 02:45:39 | INFO | data_ingestion | Published headline: Quantum ‘Jamming’ Could Help Unlock the Mysteries of Causali
2026-05-24 02:45:40 | INFO | data_ingestion | Published headline: The Best Smart Sprinklers and Irrigation Systems: In-Ground 
2026-05-24 02:45:40 | INFO | data_ingestion | Published headline: The FBI Wants ‘Near Real-Time’ Access to US License Plate Re
2026-05-24 02:45:40 | INFO | data_ingestion | Published headline: Cosmic Voids May Contain the Universe’s Best Secrets
2026-05-24 02:45:40 | INFO | data_ingestion | Published headline: Best Memorial Day Deals: Garmin, Birdfy, Branch (2026)
2026-05-24 02:45:40 | INFO | data_ingestion | Published headline: A 'Golden Orb' on the Ocean Floor Came From a Mysterious Ani
2026-05-24 02:45:40 | INFO | data_ingestion | Published headline: All Vehicles Sold in the EU Must Be Able to Hook Up to a Bre
2026-05-24 02:45:40 | INFO | data_ingestion | Published headline: SpaceX's Starship V3—still a work in progress—mostly success
2026-05-24 02:45:40 | INFO | data_ingestion | Published headline: Two space shuttle-era spacewalkers enter Astronaut Hall of F
2026-05-24 02:45:40 | INFO | data_ingestion | Published headline: China’s shark finning could lead to US seafood sanctions
2026-05-24 02:45:40 | INFO | data_ingestion | Published headline: Four Russian satellites are now within striking distance of 
2026-05-24 02:45:40 | INFO | data_ingestion | Published headline: Ebola outbreak now third largest recorded and "spreading rap
2026-05-24 02:45:40 | INFO | data_ingestion | Published headline: First-generation Chromecast users stressed by devices sudden
2026-05-24 02:45:40 | INFO | data_ingestion | Published headline: Trump FCC asks public to comment on whether ABC's The View i
2026-05-24 02:45:40 | INFO | data_ingestion | Published headline: US scrambles to stop Internet users re-creating dead pilots’
2026-05-24 02:45:40 | INFO | data_ingestion | Published headline: The Boys is dead. Long live Vought Rising.
2026-05-24 02:45:40 | INFO | data_ingestion | Published headline: Police boast of hacking VPN where criminals "believed themse
2026-05-24 02:45:40 | INFO | data_ingestion | Sleeping 60s
2026-05-24 02:46:40 | INFO | data_ingestion | Starting ingestion cycle
2026-05-24 02:46:40 | INFO | data_ingestion | Fetching TechCrunch
2026-05-24 02:46:41 | INFO | data_ingestion | TechCrunch → 10 new headlines
2026-05-24 02:46:41 | INFO | data_ingestion | Fetching The Verge
2026-05-24 02:46:41 | INFO | data_ingestion | The Verge → 10 new headlines
2026-05-24 02:46:41 | INFO | data_ingestion | Fetching Wired
2026-05-24 02:46:42 | INFO | data_ingestion | Wired → 10 new headlines
2026-05-24 02:46:42 | INFO | data_ingestion | Fetching Ars Technica
2026-05-24 02:46:44 | INFO | data_ingestion | Ars Technica → 10 new headlines
2026-05-24 02:46:44 | INFO | data_ingestion | Collected 40 headlines
2026-05-24 02:46:44 | INFO | data_ingestion | Published headline: SolarSquare in talks to raise up to $60M as India’s rooftop 
2026-05-24 02:46:44 | INFO | data_ingestion | Published headline: These special phone and app features can help protect you fr
2026-05-24 02:46:44 | INFO | data_ingestion | Published headline: Ferrari is using IBM’s AI to create F1 superfans
2026-05-24 02:46:44 | INFO | data_ingestion | Published headline: Nuclear startup Deep Fission says it’s going public, again, 
2026-05-24 02:46:44 | INFO | data_ingestion | Published headline: Elon Musk has given up on solar power (on Earth)
2026-05-24 02:46:44 | INFO | data_ingestion | Published headline: Peec, one of Berlin’s rising startups, more than doubled ann
2026-05-24 02:46:44 | INFO | data_ingestion | Published headline: AI is being used to resurrect the voices of dead pilots
2026-05-24 02:46:44 | INFO | data_ingestion | Published headline: SpaceX launches Starship V3 for the first time, but loses bo
2026-05-24 02:46:44 | INFO | data_ingestion | Published headline: Blue Origin cleared to fly New Glenn mega-rocket after April
2026-05-24 02:46:44 | INFO | data_ingestion | Published headline: Google goes for the glitter with disco-ball icons: ‘Are y’al
2026-05-24 02:46:44 | INFO | data_ingestion | Published headline: The man behind the legendary MPC, Roger Linn, stays focused 
2026-05-24 02:46:44 | INFO | data_ingestion | Published headline: Here are 38 Memorial Day deals we recommend for $50 or less
2026-05-24 02:46:44 | INFO | data_ingestion | Published headline: Hanging out in my favorite virtual coffee shop in Tokyo
2026-05-24 02:46:44 | INFO | data_ingestion | Published headline: I have a new go-to browser
2026-05-24 02:46:44 | INFO | data_ingestion | Published headline: Google’s new anything-to-anything AI model is wild
2026-05-24 02:46:44 | INFO | data_ingestion | Published headline: Google&#8217;s AI search is so broken it can &#8216;disregar
2026-05-24 02:46:44 | INFO | data_ingestion | Published headline: Twelve South’s AirFly Pro 2 has hit one of its best prices a
2026-05-24 02:46:45 | INFO | data_ingestion | Published headline: Meta’s Forum is part Reddit, part Facebook, and part Google 
2026-05-24 02:46:45 | INFO | data_ingestion | Published headline: Elon, stop trying to make Grok happen
2026-05-24 02:46:45 | INFO | data_ingestion | Published headline: The best Memorial Day sales you can shop this weekend
2026-05-24 02:46:45 | INFO | data_ingestion | Published headline: Best Power Banks (2026): My Picks After Testing Over 100
2026-05-24 02:46:45 | INFO | data_ingestion | Published headline: Memorial Day Dyson Vacuum Deals: V15 Detect, Gen5Detect, Pen
2026-05-24 02:46:45 | INFO | data_ingestion | Published headline: L.L.Bean's Zip Hunter's Tote Is the Only Carryall You Need
2026-05-24 02:46:45 | INFO | data_ingestion | Published headline: Quantum ‘Jamming’ Could Help Unlock the Mysteries of Causali
2026-05-24 02:46:45 | INFO | data_ingestion | Published headline: The Best Smart Sprinklers and Irrigation Systems: In-Ground 
2026-05-24 02:46:45 | INFO | data_ingestion | Published headline: The FBI Wants ‘Near Real-Time’ Access to US License Plate Re
2026-05-24 02:46:45 | INFO | data_ingestion | Published headline: Cosmic Voids May Contain the Universe’s Best Secrets
2026-05-24 02:46:45 | INFO | data_ingestion | Published headline: Best Memorial Day Deals: Garmin, Birdfy, Branch (2026)
2026-05-24 02:46:45 | INFO | data_ingestion | Published headline: A 'Golden Orb' on the Ocean Floor Came From a Mysterious Ani
2026-05-24 02:46:45 | INFO | data_ingestion | Published headline: All Vehicles Sold in the EU Must Be Able to Hook Up to a Bre
2026-05-24 02:46:45 | INFO | data_ingestion | Published headline: SpaceX's Starship V3—still a work in progress—mostly success
2026-05-24 02:46:45 | INFO | data_ingestion | Published headline: Two space shuttle-era spacewalkers enter Astronaut Hall of F
2026-05-24 02:46:45 | INFO | data_ingestion | Published headline: China’s shark finning could lead to US seafood sanctions
2026-05-24 02:46:45 | INFO | data_ingestion | Published headline: Four Russian satellites are now within striking distance of 
2026-05-24 02:46:45 | INFO | data_ingestion | Published headline: Ebola outbreak now third largest recorded and "spreading rap
2026-05-24 02:46:46 | INFO | data_ingestion | Published headline: First-generation Chromecast users stressed by devices sudden
2026-05-24 02:46:46 | INFO | data_ingestion | Published headline: Trump FCC asks public to comment on whether ABC's The View i
2026-05-24 02:46:46 | INFO | data_ingestion | Published headline: US scrambles to stop Internet users re-creating dead pilots’
2026-05-24 02:46:46 | INFO | data_ingestion | Published headline: The Boys is dead. Long live Vought Rising.
2026-05-24 02:46:46 | INFO | data_ingestion | Published headline: Police boast of hacking VPN where criminals "believed themse
2026-05-24 02:46:46 | INFO | data_ingestion | Sleeping 60s
2026-05-24 02:47:46 | INFO | data_ingestion | Starting ingestion cycle
2026-05-24 02:47:46 | INFO | data_ingestion | Fetching TechCrunch
2026-05-24 02:47:46 | INFO | data_ingestion | TechCrunch → 10 new headlines
2026-05-24 02:47:46 | INFO | data_ingestion | Fetching The Verge
2026-05-24 02:47:47 | INFO | data_ingestion | The Verge → 10 new headlines
2026-05-24 02:47:47 | INFO | data_ingestion | Fetching Wired
2026-05-24 02:47:47 | INFO | data_ingestion | Wired → 10 new headlines
2026-05-24 02:47:47 | INFO | data_ingestion | Fetching Ars Technica
2026-05-24 02:47:48 | INFO | data_ingestion | Ars Technica → 10 new headlines
2026-05-24 02:47:48 | INFO | data_ingestion | Collected 40 headlines
2026-05-24 02:47:48 | INFO | data_ingestion | Published headline: SolarSquare in talks to raise up to $60M as India’s rooftop 
2026-05-24 02:47:48 | INFO | data_ingestion | Published headline: These special phone and app features can help protect you fr
2026-05-24 02:47:48 | INFO | data_ingestion | Published headline: Ferrari is using IBM’s AI to create F1 superfans
2026-05-24 02:47:48 | INFO | data_ingestion | Published headline: Nuclear startup Deep Fission says it’s going public, again, 
2026-05-24 02:47:48 | INFO | data_ingestion | Published headline: Elon Musk has given up on solar power (on Earth)
2026-05-24 02:47:48 | INFO | data_ingestion | Published headline: Peec, one of Berlin’s rising startups, more than doubled ann
2026-05-24 02:47:48 | INFO | data_ingestion | Published headline: AI is being used to resurrect the voices of dead pilots
2026-05-24 02:47:48 | INFO | data_ingestion | Published headline: SpaceX launches Starship V3 for the first time, but loses bo
2026-05-24 02:47:48 | INFO | data_ingestion | Published headline: Blue Origin cleared to fly New Glenn mega-rocket after April
2026-05-24 02:47:48 | INFO | data_ingestion | Published headline: Google goes for the glitter with disco-ball icons: ‘Are y’al
2026-05-24 02:47:48 | INFO | data_ingestion | Published headline: The man behind the legendary MPC, Roger Linn, stays focused 
2026-05-24 02:47:48 | INFO | data_ingestion | Published headline: Here are 38 Memorial Day deals we recommend for $50 or less
2026-05-24 02:47:48 | INFO | data_ingestion | Published headline: Hanging out in my favorite virtual coffee shop in Tokyo
2026-05-24 02:47:49 | INFO | data_ingestion | Published headline: I have a new go-to browser
2026-05-24 02:47:49 | INFO | data_ingestion | Published headline: Google’s new anything-to-anything AI model is wild
2026-05-24 02:47:49 | INFO | data_ingestion | Published headline: Google&#8217;s AI search is so broken it can &#8216;disregar
2026-05-24 02:47:49 | INFO | data_ingestion | Published headline: Twelve South’s AirFly Pro 2 has hit one of its best prices a
2026-05-24 02:47:49 | INFO | data_ingestion | Published headline: Meta’s Forum is part Reddit, part Facebook, and part Google 
2026-05-24 02:47:49 | INFO | data_ingestion | Published headline: Elon, stop trying to make Grok happen
2026-05-24 02:47:49 | INFO | data_ingestion | Published headline: The best Memorial Day sales you can shop this weekend
2026-05-24 02:47:49 | INFO | data_ingestion | Published headline: Best Power Banks (2026): My Picks After Testing Over 100
2026-05-24 02:47:49 | INFO | data_ingestion | Published headline: Memorial Day Dyson Vacuum Deals: V15 Detect, Gen5Detect, Pen
2026-05-24 02:47:49 | INFO | data_ingestion | Published headline: L.L.Bean's Zip Hunter's Tote Is the Only Carryall You Need
2026-05-24 02:47:49 | INFO | data_ingestion | Published headline: Quantum ‘Jamming’ Could Help Unlock the Mysteries of Causali
2026-05-24 02:47:49 | INFO | data_ingestion | Published headline: The Best Smart Sprinklers and Irrigation Systems: In-Ground 
2026-05-24 02:47:49 | INFO | data_ingestion | Published headline: The FBI Wants ‘Near Real-Time’ Access to US License Plate Re
2026-05-24 02:47:49 | INFO | data_ingestion | Published headline: Cosmic Voids May Contain the Universe’s Best Secrets
2026-05-24 02:47:49 | INFO | data_ingestion | Published headline: Best Memorial Day Deals: Garmin, Birdfy, Branch (2026)
2026-05-24 02:47:49 | INFO | data_ingestion | Published headline: A 'Golden Orb' on the Ocean Floor Came From a Mysterious Ani
2026-05-24 02:47:49 | INFO | data_ingestion | Published headline: All Vehicles Sold in the EU Must Be Able to Hook Up to a Bre
2026-05-24 02:47:49 | INFO | data_ingestion | Published headline: SpaceX's Starship V3—still a work in progress—mostly success
2026-05-24 02:47:49 | INFO | data_ingestion | Published headline: Two space shuttle-era spacewalkers enter Astronaut Hall of F
2026-05-24 02:47:50 | INFO | data_ingestion | Published headline: China’s shark finning could lead to US seafood sanctions
2026-05-24 02:47:50 | INFO | data_ingestion | Published headline: Four Russian satellites are now within striking distance of 
2026-05-24 02:47:50 | INFO | data_ingestion | Published headline: Ebola outbreak now third largest recorded and "spreading rap
2026-05-24 02:47:50 | INFO | data_ingestion | Published headline: First-generation Chromecast users stressed by devices sudden
2026-05-24 02:47:50 | INFO | data_ingestion | Published headline: Trump FCC asks public to comment on whether ABC's The View i
2026-05-24 02:47:50 | INFO | data_ingestion | Published headline: US scrambles to stop Internet users re-creating dead pilots’
2026-05-24 02:47:50 | INFO | data_ingestion | Published headline: The Boys is dead. Long live Vought Rising.
2026-05-24 02:47:50 | INFO | data_ingestion | Published headline: Police boast of hacking VPN where criminals "believed themse
2026-05-24 02:47:50 | INFO | data_ingestion | Sleeping 60s
2026-05-24 02:48:50 | INFO | data_ingestion | Starting ingestion cycle
2026-05-24 02:48:50 | INFO | data_ingestion | Fetching TechCrunch
2026-05-24 02:48:50 | INFO | data_ingestion | TechCrunch → 10 new headlines
2026-05-24 02:48:50 | INFO | data_ingestion | Fetching The Verge
2026-05-24 02:48:51 | INFO | data_ingestion | The Verge → 10 new headlines
2026-05-24 02:48:51 | INFO | data_ingestion | Fetching Wired
2026-05-24 02:48:51 | INFO | data_ingestion | Wired → 10 new headlines
2026-05-24 02:48:51 | INFO | data_ingestion | Fetching Ars Technica
2026-05-24 02:48:53 | INFO | data_ingestion | Ars Technica → 10 new headlines
2026-05-24 02:48:53 | INFO | data_ingestion | Collected 40 headlines
2026-05-24 02:48:53 | INFO | data_ingestion | Published headline: SolarSquare in talks to raise up to $60M as India’s rooftop 
2026-05-24 02:48:53 | INFO | data_ingestion | Published headline: These special phone and app features can help protect you fr
2026-05-24 02:48:53 | INFO | data_ingestion | Published headline: Ferrari is using IBM’s AI to create F1 superfans
2026-05-24 02:48:53 | INFO | data_ingestion | Published headline: Nuclear startup Deep Fission says it’s going public, again, 
2026-05-24 02:48:53 | INFO | data_ingestion | Published headline: Elon Musk has given up on solar power (on Earth)
2026-05-24 02:48:53 | INFO | data_ingestion | Published headline: Peec, one of Berlin’s rising startups, more than doubled ann
2026-05-24 02:48:53 | INFO | data_ingestion | Published headline: AI is being used to resurrect the voices of dead pilots
2026-05-24 02:48:53 | INFO | data_ingestion | Published headline: SpaceX launches Starship V3 for the first time, but loses bo
2026-05-24 02:48:53 | INFO | data_ingestion | Published headline: Blue Origin cleared to fly New Glenn mega-rocket after April
2026-05-24 02:48:53 | INFO | data_ingestion | Published headline: Google goes for the glitter with disco-ball icons: ‘Are y’al
2026-05-24 02:48:54 | INFO | data_ingestion | Published headline: The man behind the legendary MPC, Roger Linn, stays focused 
2026-05-24 02:48:54 | INFO | data_ingestion | Published headline: Here are 38 Memorial Day deals we recommend for $50 or less
2026-05-24 02:48:54 | INFO | data_ingestion | Published headline: Hanging out in my favorite virtual coffee shop in Tokyo
2026-05-24 02:48:54 | INFO | data_ingestion | Published headline: I have a new go-to browser
2026-05-24 02:48:54 | INFO | data_ingestion | Published headline: Google’s new anything-to-anything AI model is wild
2026-05-24 02:48:54 | INFO | data_ingestion | Published headline: Google&#8217;s AI search is so broken it can &#8216;disregar
2026-05-24 02:48:54 | INFO | data_ingestion | Published headline: Twelve South’s AirFly Pro 2 has hit one of its best prices a
2026-05-24 02:48:54 | INFO | data_ingestion | Published headline: Meta’s Forum is part Reddit, part Facebook, and part Google 
2026-05-24 02:48:54 | INFO | data_ingestion | Published headline: Elon, stop trying to make Grok happen
2026-05-24 02:48:54 | INFO | data_ingestion | Published headline: The best Memorial Day sales you can shop this weekend
2026-05-24 02:48:54 | INFO | data_ingestion | Published headline: Best Power Banks (2026): My Picks After Testing Over 100
2026-05-24 02:48:54 | INFO | data_ingestion | Published headline: Memorial Day Dyson Vacuum Deals: V15 Detect, Gen5Detect, Pen
2026-05-24 02:48:54 | INFO | data_ingestion | Published headline: L.L.Bean's Zip Hunter's Tote Is the Only Carryall You Need
2026-05-24 02:48:54 | INFO | data_ingestion | Published headline: Quantum ‘Jamming’ Could Help Unlock the Mysteries of Causali
2026-05-24 02:48:54 | INFO | data_ingestion | Published headline: The Best Smart Sprinklers and Irrigation Systems: In-Ground 
2026-05-24 02:48:54 | INFO | data_ingestion | Published headline: The FBI Wants ‘Near Real-Time’ Access to US License Plate Re
2026-05-24 02:48:54 | INFO | data_ingestion | Published headline: Cosmic Voids May Contain the Universe’s Best Secrets
2026-05-24 02:48:54 | INFO | data_ingestion | Published headline: Best Memorial Day Deals: Garmin, Birdfy, Branch (2026)
2026-05-24 02:48:55 | INFO | data_ingestion | Published headline: A 'Golden Orb' on the Ocean Floor Came From a Mysterious Ani
2026-05-24 02:48:55 | INFO | data_ingestion | Published headline: All Vehicles Sold in the EU Must Be Able to Hook Up to a Bre
2026-05-24 02:48:55 | INFO | data_ingestion | Published headline: SpaceX's Starship V3—still a work in progress—mostly success
2026-05-24 02:48:55 | INFO | data_ingestion | Published headline: Two space shuttle-era spacewalkers enter Astronaut Hall of F
2026-05-24 02:48:55 | INFO | data_ingestion | Published headline: China’s shark finning could lead to US seafood sanctions
2026-05-24 02:48:55 | INFO | data_ingestion | Published headline: Four Russian satellites are now within striking distance of 
2026-05-24 02:48:55 | INFO | data_ingestion | Published headline: Ebola outbreak now third largest recorded and "spreading rap
2026-05-24 02:48:55 | INFO | data_ingestion | Published headline: First-generation Chromecast users stressed by devices sudden
2026-05-24 02:48:55 | INFO | data_ingestion | Published headline: Trump FCC asks public to comment on whether ABC's The View i
2026-05-24 02:48:55 | INFO | data_ingestion | Published headline: US scrambles to stop Internet users re-creating dead pilots’
2026-05-24 02:48:55 | INFO | data_ingestion | Published headline: The Boys is dead. Long live Vought Rising.
2026-05-24 02:48:55 | INFO | data_ingestion | Published headline: Police boast of hacking VPN where criminals "believed themse
2026-05-24 02:48:55 | INFO | data_ingestion | Sleeping 60s
2026-05-24 02:49:55 | INFO | data_ingestion | Starting ingestion cycle
2026-05-24 02:49:55 | INFO | data_ingestion | Fetching TechCrunch
2026-05-24 02:49:55 | INFO | data_ingestion | TechCrunch → 10 new headlines
2026-05-24 02:49:55 | INFO | data_ingestion | Fetching The Verge
2026-05-24 02:49:56 | INFO | data_ingestion | The Verge → 10 new headlines
2026-05-24 02:49:56 | INFO | data_ingestion | Fetching Wired
2026-05-24 02:49:56 | INFO | data_ingestion | Wired → 10 new headlines
2026-05-24 02:49:56 | INFO | data_ingestion | Fetching Ars Technica
2026-05-24 02:49:58 | INFO | data_ingestion | Ars Technica → 10 new headlines
2026-05-24 02:49:58 | INFO | data_ingestion | Collected 40 headlines
2026-05-24 02:49:59 | INFO | data_ingestion | Published headline: SolarSquare in talks to raise up to $60M as India’s rooftop 
2026-05-24 02:49:59 | INFO | data_ingestion | Published headline: These special phone and app features can help protect you fr
2026-05-24 02:49:59 | INFO | data_ingestion | Published headline: Ferrari is using IBM’s AI to create F1 superfans
2026-05-24 02:49:59 | INFO | data_ingestion | Published headline: Nuclear startup Deep Fission says it’s going public, again, 
2026-05-24 02:49:59 | INFO | data_ingestion | Published headline: Elon Musk has given up on solar power (on Earth)
2026-05-24 02:49:59 | INFO | data_ingestion | Published headline: Peec, one of Berlin’s rising startups, more than doubled ann
2026-05-24 02:49:59 | INFO | data_ingestion | Published headline: AI is being used to resurrect the voices of dead pilots
2026-05-24 02:49:59 | INFO | data_ingestion | Published headline: SpaceX launches Starship V3 for the first time, but loses bo
2026-05-24 02:49:59 | INFO | data_ingestion | Published headline: Blue Origin cleared to fly New Glenn mega-rocket after April
2026-05-24 02:49:59 | INFO | data_ingestion | Published headline: Google goes for the glitter with disco-ball icons: ‘Are y’al
2026-05-24 02:49:59 | INFO | data_ingestion | Published headline: The man behind the legendary MPC, Roger Linn, stays focused 
2026-05-24 02:49:59 | INFO | data_ingestion | Published headline: Here are 38 Memorial Day deals we recommend for $50 or less
2026-05-24 02:49:59 | INFO | data_ingestion | Published headline: Hanging out in my favorite virtual coffee shop in Tokyo
2026-05-24 02:49:59 | INFO | data_ingestion | Published headline: I have a new go-to browser
2026-05-24 02:49:59 | INFO | data_ingestion | Published headline: Google’s new anything-to-anything AI model is wild
2026-05-24 02:49:59 | INFO | data_ingestion | Published headline: Google&#8217;s AI search is so broken it can &#8216;disregar
2026-05-24 02:49:59 | INFO | data_ingestion | Published headline: Twelve South’s AirFly Pro 2 has hit one of its best prices a
2026-05-24 02:49:59 | INFO | data_ingestion | Published headline: Meta’s Forum is part Reddit, part Facebook, and part Google 
2026-05-24 02:50:00 | INFO | data_ingestion | Published headline: Elon, stop trying to make Grok happen
2026-05-24 02:50:00 | INFO | data_ingestion | Published headline: The best Memorial Day sales you can shop this weekend
2026-05-24 02:50:00 | INFO | data_ingestion | Published headline: Best Power Banks (2026): My Picks After Testing Over 100
2026-05-24 02:50:00 | INFO | data_ingestion | Published headline: Memorial Day Dyson Vacuum Deals: V15 Detect, Gen5Detect, Pen
2026-05-24 02:50:00 | INFO | data_ingestion | Published headline: L.L.Bean's Zip Hunter's Tote Is the Only Carryall You Need
2026-05-24 02:50:00 | INFO | data_ingestion | Published headline: Quantum ‘Jamming’ Could Help Unlock the Mysteries of Causali
2026-05-24 02:50:00 | INFO | data_ingestion | Published headline: The Best Smart Sprinklers and Irrigation Systems: In-Ground 
2026-05-24 02:50:00 | INFO | data_ingestion | Published headline: The FBI Wants ‘Near Real-Time’ Access to US License Plate Re
2026-05-24 02:50:00 | INFO | data_ingestion | Published headline: Cosmic Voids May Contain the Universe’s Best Secrets
2026-05-24 02:50:00 | INFO | data_ingestion | Published headline: Best Memorial Day Deals: Garmin, Birdfy, Branch (2026)
2026-05-24 02:50:00 | INFO | data_ingestion | Published headline: A 'Golden Orb' on the Ocean Floor Came From a Mysterious Ani
2026-05-24 02:50:00 | INFO | data_ingestion | Published headline: All Vehicles Sold in the EU Must Be Able to Hook Up to a Bre
2026-05-24 02:50:00 | INFO | data_ingestion | Published headline: SpaceX's Starship V3—still a work in progress—mostly success
2026-05-24 02:50:00 | INFO | data_ingestion | Published headline: Two space shuttle-era spacewalkers enter Astronaut Hall of F
2026-05-24 02:50:00 | INFO | data_ingestion | Published headline: China’s shark finning could lead to US seafood sanctions
2026-05-24 02:50:00 | INFO | data_ingestion | Published headline: Four Russian satellites are now within striking distance of 
2026-05-24 02:50:00 | INFO | data_ingestion | Published headline: Ebola outbreak now third largest recorded and "spreading rap
2026-05-24 02:50:00 | INFO | data_ingestion | Published headline: First-generation Chromecast users stressed by devices sudden
2026-05-24 02:50:01 | INFO | data_ingestion | Published headline: Trump FCC asks public to comment on whether ABC's The View i
2026-05-24 02:50:01 | INFO | data_ingestion | Published headline: US scrambles to stop Internet users re-creating dead pilots’
2026-05-24 02:50:01 | INFO | data_ingestion | Published headline: The Boys is dead. Long live Vought Rising.
2026-05-24 02:50:01 | INFO | data_ingestion | Published headline: Police boast of hacking VPN where criminals "believed themse
2026-05-24 02:50:01 | INFO | data_ingestion | Sleeping 60s
2026-05-24 02:51:01 | INFO | data_ingestion | Starting ingestion cycle
2026-05-24 02:51:01 | INFO | data_ingestion | Fetching TechCrunch
2026-05-24 02:51:01 | INFO | data_ingestion | TechCrunch → 10 new headlines
2026-05-24 02:51:01 | INFO | data_ingestion | Fetching The Verge
2026-05-24 02:51:01 | INFO | data_ingestion | The Verge → 10 new headlines
2026-05-24 02:51:01 | INFO | data_ingestion | Fetching Wired
2026-05-24 02:51:02 | INFO | data_ingestion | Wired → 10 new headlines
2026-05-24 02:51:02 | INFO | data_ingestion | Fetching Ars Technica
2026-05-24 02:51:04 | INFO | data_ingestion | Ars Technica → 10 new headlines
2026-05-24 02:51:04 | INFO | data_ingestion | Collected 40 headlines
2026-05-24 02:51:04 | INFO | data_ingestion | Published headline: SolarSquare in talks to raise up to $60M as India’s rooftop 
2026-05-24 02:51:04 | INFO | data_ingestion | Published headline: These special phone and app features can help protect you fr
2026-05-24 02:51:04 | INFO | data_ingestion | Published headline: Ferrari is using IBM’s AI to create F1 superfans
2026-05-24 02:51:04 | INFO | data_ingestion | Published headline: Nuclear startup Deep Fission says it’s going public, again, 
2026-05-24 02:51:04 | INFO | data_ingestion | Published headline: Elon Musk has given up on solar power (on Earth)
2026-05-24 02:51:04 | INFO | data_ingestion | Published headline: Peec, one of Berlin’s rising startups, more than doubled ann
2026-05-24 02:51:04 | INFO | data_ingestion | Published headline: AI is being used to resurrect the voices of dead pilots
2026-05-24 02:51:04 | INFO | data_ingestion | Published headline: SpaceX launches Starship V3 for the first time, but loses bo
2026-05-24 02:51:04 | INFO | data_ingestion | Published headline: Blue Origin cleared to fly New Glenn mega-rocket after April
2026-05-24 02:51:04 | INFO | data_ingestion | Published headline: Google goes for the glitter with disco-ball icons: ‘Are y’al
2026-05-24 02:51:04 | INFO | data_ingestion | Published headline: The man behind the legendary MPC, Roger Linn, stays focused 
2026-05-24 02:51:04 | INFO | data_ingestion | Published headline: Here are 38 Memorial Day deals we recommend for $50 or less
2026-05-24 02:51:04 | INFO | data_ingestion | Published headline: Hanging out in my favorite virtual coffee shop in Tokyo
2026-05-24 02:51:04 | INFO | data_ingestion | Published headline: I have a new go-to browser
2026-05-24 02:51:04 | INFO | data_ingestion | Published headline: Google’s new anything-to-anything AI model is wild
2026-05-24 02:51:04 | INFO | data_ingestion | Published headline: Google&#8217;s AI search is so broken it can &#8216;disregar
2026-05-24 02:51:04 | INFO | data_ingestion | Published headline: Twelve South’s AirFly Pro 2 has hit one of its best prices a
2026-05-24 02:51:05 | INFO | data_ingestion | Published headline: Meta’s Forum is part Reddit, part Facebook, and part Google 
2026-05-24 02:51:05 | INFO | data_ingestion | Published headline: Elon, stop trying to make Grok happen
2026-05-24 02:51:05 | INFO | data_ingestion | Published headline: The best Memorial Day sales you can shop this weekend
2026-05-24 02:51:05 | INFO | data_ingestion | Published headline: Best Power Banks (2026): My Picks After Testing Over 100
2026-05-24 02:51:05 | INFO | data_ingestion | Published headline: Memorial Day Dyson Vacuum Deals: V15 Detect, Gen5Detect, Pen
2026-05-24 02:51:05 | INFO | data_ingestion | Published headline: L.L.Bean's Zip Hunter's Tote Is the Only Carryall You Need
2026-05-24 02:51:05 | INFO | data_ingestion | Published headline: Quantum ‘Jamming’ Could Help Unlock the Mysteries of Causali
2026-05-24 02:51:05 | INFO | data_ingestion | Published headline: The Best Smart Sprinklers and Irrigation Systems: In-Ground 
2026-05-24 02:51:05 | INFO | data_ingestion | Published headline: The FBI Wants ‘Near Real-Time’ Access to US License Plate Re
2026-05-24 02:51:05 | INFO | data_ingestion | Published headline: Cosmic Voids May Contain the Universe’s Best Secrets
2026-05-24 02:51:05 | INFO | data_ingestion | Published headline: Best Memorial Day Deals: Garmin, Birdfy, Branch (2026)
2026-05-24 02:51:05 | INFO | data_ingestion | Published headline: A 'Golden Orb' on the Ocean Floor Came From a Mysterious Ani
2026-05-24 02:51:05 | INFO | data_ingestion | Published headline: All Vehicles Sold in the EU Must Be Able to Hook Up to a Bre
2026-05-24 02:51:05 | INFO | data_ingestion | Published headline: SpaceX's Starship V3—still a work in progress—mostly success
2026-05-24 02:51:05 | INFO | data_ingestion | Published headline: Two space shuttle-era spacewalkers enter Astronaut Hall of F
2026-05-24 02:51:05 | INFO | data_ingestion | Published headline: China’s shark finning could lead to US seafood sanctions
2026-05-24 02:51:05 | INFO | data_ingestion | Published headline: Four Russian satellites are now within striking distance of 
2026-05-24 02:51:05 | INFO | data_ingestion | Published headline: Ebola outbreak now third largest recorded and "spreading rap
2026-05-24 02:51:05 | INFO | data_ingestion | Published headline: First-generation Chromecast users stressed by devices sudden
2026-05-24 02:51:05 | INFO | data_ingestion | Published headline: Trump FCC asks public to comment on whether ABC's The View i
2026-05-24 02:51:06 | INFO | data_ingestion | Published headline: US scrambles to stop Internet users re-creating dead pilots’
2026-05-24 02:51:06 | INFO | data_ingestion | Published headline: The Boys is dead. Long live Vought Rising.
2026-05-24 02:51:06 | INFO | data_ingestion | Published headline: Police boast of hacking VPN where criminals "believed themse
2026-05-24 02:51:06 | INFO | data_ingestion | Sleeping 60s
2026-05-24 02:52:06 | INFO | data_ingestion | Starting ingestion cycle
2026-05-24 02:52:06 | INFO | data_ingestion | Fetching TechCrunch
2026-05-24 02:52:06 | INFO | data_ingestion | TechCrunch → 10 new headlines
2026-05-24 02:52:06 | INFO | data_ingestion | Fetching The Verge
2026-05-24 02:52:06 | INFO | data_ingestion | The Verge → 10 new headlines
2026-05-24 02:52:06 | INFO | data_ingestion | Fetching Wired
2026-05-24 02:52:07 | INFO | data_ingestion | Wired → 10 new headlines
2026-05-24 02:52:07 | INFO | data_ingestion | Fetching Ars Technica
2026-05-24 02:52:08 | INFO | data_ingestion | Ars Technica → 10 new headlines
2026-05-24 02:52:08 | INFO | data_ingestion | Collected 40 headlines
2026-05-24 02:52:08 | INFO | data_ingestion | Published headline: SolarSquare in talks to raise up to $60M as India’s rooftop 
2026-05-24 02:52:08 | INFO | data_ingestion | Published headline: These special phone and app features can help protect you fr
2026-05-24 02:52:08 | INFO | data_ingestion | Published headline: Ferrari is using IBM’s AI to create F1 superfans
2026-05-24 02:52:08 | INFO | data_ingestion | Published headline: Nuclear startup Deep Fission says it’s going public, again, 
2026-05-24 02:52:08 | INFO | data_ingestion | Published headline: Elon Musk has given up on solar power (on Earth)
2026-05-24 02:52:08 | INFO | data_ingestion | Published headline: Peec, one of Berlin’s rising startups, more than doubled ann
2026-05-24 02:52:08 | INFO | data_ingestion | Published headline: AI is being used to resurrect the voices of dead pilots
2026-05-24 02:52:08 | INFO | data_ingestion | Published headline: SpaceX launches Starship V3 for the first time, but loses bo
2026-05-24 02:52:09 | INFO | data_ingestion | Published headline: Blue Origin cleared to fly New Glenn mega-rocket after April
2026-05-24 02:52:09 | INFO | data_ingestion | Published headline: Google goes for the glitter with disco-ball icons: ‘Are y’al
2026-05-24 02:52:09 | INFO | data_ingestion | Published headline: The man behind the legendary MPC, Roger Linn, stays focused 
2026-05-24 02:52:09 | INFO | data_ingestion | Published headline: Here are 38 Memorial Day deals we recommend for $50 or less
2026-05-24 02:52:09 | INFO | data_ingestion | Published headline: Hanging out in my favorite virtual coffee shop in Tokyo
2026-05-24 02:52:09 | INFO | data_ingestion | Published headline: I have a new go-to browser
2026-05-24 02:52:09 | INFO | data_ingestion | Published headline: Google’s new anything-to-anything AI model is wild
2026-05-24 02:52:09 | INFO | data_ingestion | Published headline: Google&#8217;s AI search is so broken it can &#8216;disregar
2026-05-24 02:52:09 | INFO | data_ingestion | Published headline: Twelve South’s AirFly Pro 2 has hit one of its best prices a
2026-05-24 02:52:09 | INFO | data_ingestion | Published headline: Meta’s Forum is part Reddit, part Facebook, and part Google 
2026-05-24 02:52:09 | INFO | data_ingestion | Published headline: Elon, stop trying to make Grok happen
2026-05-24 02:52:09 | INFO | data_ingestion | Published headline: The best Memorial Day sales you can shop this weekend
2026-05-24 02:52:09 | INFO | data_ingestion | Published headline: Best Power Banks (2026): My Picks After Testing Over 100
2026-05-24 02:52:09 | INFO | data_ingestion | Published headline: Memorial Day Dyson Vacuum Deals: V15 Detect, Gen5Detect, Pen
2026-05-24 02:52:09 | INFO | data_ingestion | Published headline: L.L.Bean's Zip Hunter's Tote Is the Only Carryall You Need
2026-05-24 02:52:09 | INFO | data_ingestion | Published headline: Quantum ‘Jamming’ Could Help Unlock the Mysteries of Causali
2026-05-24 02:52:09 | INFO | data_ingestion | Published headline: The Best Smart Sprinklers and Irrigation Systems: In-Ground 
2026-05-24 02:52:09 | INFO | data_ingestion | Published headline: The FBI Wants ‘Near Real-Time’ Access to US License Plate Re
2026-05-24 02:52:09 | INFO | data_ingestion | Published headline: Cosmic Voids May Contain the Universe’s Best Secrets
2026-05-24 02:52:10 | INFO | data_ingestion | Published headline: Best Memorial Day Deals: Garmin, Birdfy, Branch (2026)
2026-05-24 02:52:10 | INFO | data_ingestion | Published headline: A 'Golden Orb' on the Ocean Floor Came From a Mysterious Ani
2026-05-24 02:52:10 | INFO | data_ingestion | Published headline: All Vehicles Sold in the EU Must Be Able to Hook Up to a Bre
2026-05-24 02:52:10 | INFO | data_ingestion | Published headline: SpaceX's Starship V3—still a work in progress—mostly success
2026-05-24 02:52:10 | INFO | data_ingestion | Published headline: Two space shuttle-era spacewalkers enter Astronaut Hall of F
2026-05-24 02:52:10 | INFO | data_ingestion | Published headline: China’s shark finning could lead to US seafood sanctions
2026-05-24 02:52:10 | INFO | data_ingestion | Published headline: Four Russian satellites are now within striking distance of 
2026-05-24 02:52:10 | INFO | data_ingestion | Published headline: Ebola outbreak now third largest recorded and "spreading rap
2026-05-24 02:52:10 | INFO | data_ingestion | Published headline: First-generation Chromecast users stressed by devices sudden
2026-05-24 02:52:10 | INFO | data_ingestion | Published headline: Trump FCC asks public to comment on whether ABC's The View i
2026-05-24 02:52:10 | INFO | data_ingestion | Published headline: US scrambles to stop Internet users re-creating dead pilots’
2026-05-24 02:52:10 | INFO | data_ingestion | Published headline: The Boys is dead. Long live Vought Rising.
2026-05-24 02:52:10 | INFO | data_ingestion | Published headline: Police boast of hacking VPN where criminals "believed themse
2026-05-24 02:52:10 | INFO | data_ingestion | Sleeping 60s
2026-05-24 02:53:10 | INFO | data_ingestion | Starting ingestion cycle
2026-05-24 02:53:10 | INFO | data_ingestion | Fetching TechCrunch
2026-05-24 02:53:11 | INFO | data_ingestion | TechCrunch → 10 new headlines
2026-05-24 02:53:11 | INFO | data_ingestion | Fetching The Verge
2026-05-24 02:53:11 | INFO | data_ingestion | The Verge → 10 new headlines
2026-05-24 02:53:11 | INFO | data_ingestion | Fetching Wired
2026-05-24 02:53:11 | INFO | data_ingestion | Wired → 10 new headlines
2026-05-24 02:53:11 | INFO | data_ingestion | Fetching Ars Technica
2026-05-24 02:53:13 | INFO | data_ingestion | Ars Technica → 10 new headlines
2026-05-24 02:53:13 | INFO | data_ingestion | Collected 40 headlines
2026-05-24 02:53:13 | INFO | data_ingestion | Published headline: SolarSquare in talks to raise up to $60M as India’s rooftop 
2026-05-24 02:53:13 | INFO | data_ingestion | Published headline: These special phone and app features can help protect you fr
2026-05-24 02:53:13 | INFO | data_ingestion | Published headline: Ferrari is using IBM’s AI to create F1 superfans
2026-05-24 02:53:13 | INFO | data_ingestion | Published headline: Nuclear startup Deep Fission says it’s going public, again, 
2026-05-24 02:53:13 | INFO | data_ingestion | Published headline: Elon Musk has given up on solar power (on Earth)
2026-05-24 02:53:13 | INFO | data_ingestion | Published headline: Peec, one of Berlin’s rising startups, more than doubled ann
2026-05-24 02:53:14 | INFO | data_ingestion | Published headline: AI is being used to resurrect the voices of dead pilots
2026-05-24 02:53:14 | INFO | data_ingestion | Published headline: SpaceX launches Starship V3 for the first time, but loses bo
2026-05-24 02:53:14 | INFO | data_ingestion | Published headline: Blue Origin cleared to fly New Glenn mega-rocket after April
2026-05-24 02:53:14 | INFO | data_ingestion | Published headline: Google goes for the glitter with disco-ball icons: ‘Are y’al
2026-05-24 02:53:14 | INFO | data_ingestion | Published headline: The man behind the legendary MPC, Roger Linn, stays focused 
2026-05-24 02:53:14 | INFO | data_ingestion | Published headline: Here are 38 Memorial Day deals we recommend for $50 or less
2026-05-24 02:53:14 | INFO | data_ingestion | Published headline: Hanging out in my favorite virtual coffee shop in Tokyo
2026-05-24 02:53:14 | INFO | data_ingestion | Published headline: I have a new go-to browser
2026-05-24 02:53:14 | INFO | data_ingestion | Published headline: Google’s new anything-to-anything AI model is wild
2026-05-24 02:53:14 | INFO | data_ingestion | Published headline: Google&#8217;s AI search is so broken it can &#8216;disregar
2026-05-24 02:53:14 | INFO | data_ingestion | Published headline: Twelve South’s AirFly Pro 2 has hit one of its best prices a
2026-05-24 02:53:14 | INFO | data_ingestion | Published headline: Meta’s Forum is part Reddit, part Facebook, and part Google 
2026-05-24 02:53:14 | INFO | data_ingestion | Published headline: Elon, stop trying to make Grok happen
2026-05-24 02:53:14 | INFO | data_ingestion | Published headline: The best Memorial Day sales you can shop this weekend
2026-05-24 02:53:14 | INFO | data_ingestion | Published headline: Best Power Banks (2026): My Picks After Testing Over 100
2026-05-24 02:53:14 | INFO | data_ingestion | Published headline: Memorial Day Dyson Vacuum Deals: V15 Detect, Gen5Detect, Pen
2026-05-24 02:53:14 | INFO | data_ingestion | Published headline: L.L.Bean's Zip Hunter's Tote Is the Only Carryall You Need
2026-05-24 02:53:15 | INFO | data_ingestion | Published headline: Quantum ‘Jamming’ Could Help Unlock the Mysteries of Causali
2026-05-24 02:53:15 | INFO | data_ingestion | Published headline: The Best Smart Sprinklers and Irrigation Systems: In-Ground 
2026-05-24 02:53:15 | INFO | data_ingestion | Published headline: The FBI Wants ‘Near Real-Time’ Access to US License Plate Re
2026-05-24 02:53:15 | INFO | data_ingestion | Published headline: Cosmic Voids May Contain the Universe’s Best Secrets
2026-05-24 02:53:15 | INFO | data_ingestion | Published headline: Best Memorial Day Deals: Garmin, Birdfy, Branch (2026)
2026-05-24 02:53:15 | INFO | data_ingestion | Published headline: A 'Golden Orb' on the Ocean Floor Came From a Mysterious Ani
2026-05-24 02:53:15 | INFO | data_ingestion | Published headline: All Vehicles Sold in the EU Must Be Able to Hook Up to a Bre
2026-05-24 02:53:15 | INFO | data_ingestion | Published headline: SpaceX's Starship V3—still a work in progress—mostly success
2026-05-24 02:53:15 | INFO | data_ingestion | Published headline: Two space shuttle-era spacewalkers enter Astronaut Hall of F
2026-05-24 02:53:15 | INFO | data_ingestion | Published headline: China’s shark finning could lead to US seafood sanctions
2026-05-24 02:53:15 | INFO | data_ingestion | Published headline: Four Russian satellites are now within striking distance of 
2026-05-24 02:53:15 | INFO | data_ingestion | Published headline: Ebola outbreak now third largest recorded and "spreading rap
2026-05-24 02:53:15 | INFO | data_ingestion | Published headline: First-generation Chromecast users stressed by devices sudden
2026-05-24 02:53:15 | INFO | data_ingestion | Published headline: Trump FCC asks public to comment on whether ABC's The View i
2026-05-24 02:53:15 | INFO | data_ingestion | Published headline: US scrambles to stop Internet users re-creating dead pilots’
2026-05-24 02:53:15 | INFO | data_ingestion | Published headline: The Boys is dead. Long live Vought Rising.
2026-05-24 02:53:15 | INFO | data_ingestion | Published headline: Police boast of hacking VPN where criminals "believed themse
2026-05-24 02:53:15 | INFO | data_ingestion | Sleeping 60s
