2026-05-24 01:44:21 | INFO | prediction_worker | 🚀 Prediction worker started
2026-05-24 01:44:21 | INFO | prediction_worker | ✅ Sentiment model loaded
2026-05-24 01:54:46 | INFO | prediction_worker | 🚀 Prediction worker started
2026-05-24 01:54:46 | INFO | prediction_worker | ✅ Sentiment model loaded
2026-05-24 01:55:43 | INFO | prediction_worker | Processing headline: SolarSquare in talks to raise up to $60M as India’s rooftop solar market draws m
2026-05-24 01:55:49 | ERROR | prediction_worker | Headline processing failed: 'LogisticRegression' object has no attribute 'multi_class'
Traceback (most recent call last):
  File "C:\Users\sucha\Downloads\portfolio\portfolio\ml-backend\workers\prediction_worker.py", line 66, in process_headline
    prediction = predict_sentiment(
                 ^^^^^^^^^^^^^^^^^^
  File "C:\Users\sucha\Downloads\portfolio\portfolio\ml-backend\model.py", line 55, in predict_sentiment
    probabilities = pipeline.predict_proba([cleaned])[0]
                    ^^^^^^^^^^^^^^^^^^^^^^^^^^^^^^^^^
  File "C:\Users\sucha\Downloads\portfolio\portfolio\ml-backend\venv\Lib\site-packages\sklearn\pipeline.py", line 721, in predict_proba
    return self.steps[-1][1].predict_proba(Xt, **params)
           ^^^^^^^^^^^^^^^^^^^^^^^^^^^^^^^^^^^^^^^^^^^^^
  File "C:\Users\sucha\Downloads\portfolio\portfolio\ml-backend\venv\Lib\site-packages\sklearn\linear_model\_logistic.py", line 1423, in predict_proba
    ovr = self.multi_class in ["ovr", "warn"] or (
          ^^^^^^^^^^^^^^^^
AttributeError: 'LogisticRegression' object has no attribute 'multi_class'
2026-05-24 01:55:49 | INFO | prediction_worker | Processing headline: These special phone and app features can help protect you from spyware
2026-05-24 01:55:49 | ERROR | prediction_worker | Headline processing failed: 'LogisticRegression' object has no attribute 'multi_class'
Traceback (most recent call last):
  File "C:\Users\sucha\Downloads\portfolio\portfolio\ml-backend\workers\prediction_worker.py", line 66, in process_headline
    prediction = predict_sentiment(
                 ^^^^^^^^^^^^^^^^^^
  File "C:\Users\sucha\Downloads\portfolio\portfolio\ml-backend\model.py", line 55, in predict_sentiment
    probabilities = pipeline.predict_proba([cleaned])[0]
                    ^^^^^^^^^^^^^^^^^^^^^^^^^^^^^^^^^
  File "C:\Users\sucha\Downloads\portfolio\portfolio\ml-backend\venv\Lib\site-packages\sklearn\pipeline.py", line 721, in predict_proba
    return self.steps[-1][1].predict_proba(Xt, **params)
           ^^^^^^^^^^^^^^^^^^^^^^^^^^^^^^^^^^^^^^^^^^^^^
  File "C:\Users\sucha\Downloads\portfolio\portfolio\ml-backend\venv\Lib\site-packages\sklearn\linear_model\_logistic.py", line 1423, in predict_proba
    ovr = self.multi_class in ["ovr", "warn"] or (
          ^^^^^^^^^^^^^^^^
AttributeError: 'LogisticRegression' object has no attribute 'multi_class'
2026-05-24 01:55:49 | INFO | prediction_worker | Processing headline: Ferrari is using IBM’s AI to create F1 superfans
2026-05-24 01:55:49 | ERROR | prediction_worker | Headline processing failed: 'LogisticRegression' object has no attribute 'multi_class'
Traceback (most recent call last):
  File "C:\Users\sucha\Downloads\portfolio\portfolio\ml-backend\workers\prediction_worker.py", line 66, in process_headline
    prediction = predict_sentiment(
                 ^^^^^^^^^^^^^^^^^^
  File "C:\Users\sucha\Downloads\portfolio\portfolio\ml-backend\model.py", line 55, in predict_sentiment
    probabilities = pipeline.predict_proba([cleaned])[0]
                    ^^^^^^^^^^^^^^^^^^^^^^^^^^^^^^^^^
  File "C:\Users\sucha\Downloads\portfolio\portfolio\ml-backend\venv\Lib\site-packages\sklearn\pipeline.py", line 721, in predict_proba
    return self.steps[-1][1].predict_proba(Xt, **params)
           ^^^^^^^^^^^^^^^^^^^^^^^^^^^^^^^^^^^^^^^^^^^^^
  File "C:\Users\sucha\Downloads\portfolio\portfolio\ml-backend\venv\Lib\site-packages\sklearn\linear_model\_logistic.py", line 1423, in predict_proba
    ovr = self.multi_class in ["ovr", "warn"] or (
          ^^^^^^^^^^^^^^^^
AttributeError: 'LogisticRegression' object has no attribute 'multi_class'
2026-05-24 01:55:49 | INFO | prediction_worker | Processing headline: Nuclear startup Deep Fission says it’s going public, again, and I have questions
2026-05-24 01:55:49 | ERROR | prediction_worker | Headline processing failed: 'LogisticRegression' object has no attribute 'multi_class'
Traceback (most recent call last):
  File "C:\Users\sucha\Downloads\portfolio\portfolio\ml-backend\workers\prediction_worker.py", line 66, in process_headline
    prediction = predict_sentiment(
                 ^^^^^^^^^^^^^^^^^^
  File "C:\Users\sucha\Downloads\portfolio\portfolio\ml-backend\model.py", line 55, in predict_sentiment
    probabilities = pipeline.predict_proba([cleaned])[0]
                    ^^^^^^^^^^^^^^^^^^^^^^^^^^^^^^^^^
  File "C:\Users\sucha\Downloads\portfolio\portfolio\ml-backend\venv\Lib\site-packages\sklearn\pipeline.py", line 721, in predict_proba
    return self.steps[-1][1].predict_proba(Xt, **params)
           ^^^^^^^^^^^^^^^^^^^^^^^^^^^^^^^^^^^^^^^^^^^^^
  File "C:\Users\sucha\Downloads\portfolio\portfolio\ml-backend\venv\Lib\site-packages\sklearn\linear_model\_logistic.py", line 1423, in predict_proba
    ovr = self.multi_class in ["ovr", "warn"] or (
          ^^^^^^^^^^^^^^^^
AttributeError: 'LogisticRegression' object has no attribute 'multi_class'
2026-05-24 01:55:49 | INFO | prediction_worker | Processing headline: Elon Musk has given up on solar power (on Earth)
2026-05-24 01:55:49 | ERROR | prediction_worker | Headline processing failed: 'LogisticRegression' object has no attribute 'multi_class'
Traceback (most recent call last):
  File "C:\Users\sucha\Downloads\portfolio\portfolio\ml-backend\workers\prediction_worker.py", line 66, in process_headline
    prediction = predict_sentiment(
                 ^^^^^^^^^^^^^^^^^^
  File "C:\Users\sucha\Downloads\portfolio\portfolio\ml-backend\model.py", line 55, in predict_sentiment
    probabilities = pipeline.predict_proba([cleaned])[0]
                    ^^^^^^^^^^^^^^^^^^^^^^^^^^^^^^^^^
  File "C:\Users\sucha\Downloads\portfolio\portfolio\ml-backend\venv\Lib\site-packages\sklearn\pipeline.py", line 721, in predict_proba
    return self.steps[-1][1].predict_proba(Xt, **params)
           ^^^^^^^^^^^^^^^^^^^^^^^^^^^^^^^^^^^^^^^^^^^^^
  File "C:\Users\sucha\Downloads\portfolio\portfolio\ml-backend\venv\Lib\site-packages\sklearn\linear_model\_logistic.py", line 1423, in predict_proba
    ovr = self.multi_class in ["ovr", "warn"] or (
          ^^^^^^^^^^^^^^^^
AttributeError: 'LogisticRegression' object has no attribute 'multi_class'
2026-05-24 01:55:49 | INFO | prediction_worker | Processing headline: Peec, one of Berlin’s rising startups, more than doubled annualized revenue in m
2026-05-24 01:55:49 | ERROR | prediction_worker | Headline processing failed: 'LogisticRegression' object has no attribute 'multi_class'
Traceback (most recent call last):
  File "C:\Users\sucha\Downloads\portfolio\portfolio\ml-backend\workers\prediction_worker.py", line 66, in process_headline
    prediction = predict_sentiment(
                 ^^^^^^^^^^^^^^^^^^
  File "C:\Users\sucha\Downloads\portfolio\portfolio\ml-backend\model.py", line 55, in predict_sentiment
    probabilities = pipeline.predict_proba([cleaned])[0]
                    ^^^^^^^^^^^^^^^^^^^^^^^^^^^^^^^^^
  File "C:\Users\sucha\Downloads\portfolio\portfolio\ml-backend\venv\Lib\site-packages\sklearn\pipeline.py", line 721, in predict_proba
    return self.steps[-1][1].predict_proba(Xt, **params)
           ^^^^^^^^^^^^^^^^^^^^^^^^^^^^^^^^^^^^^^^^^^^^^
  File "C:\Users\sucha\Downloads\portfolio\portfolio\ml-backend\venv\Lib\site-packages\sklearn\linear_model\_logistic.py", line 1423, in predict_proba
    ovr = self.multi_class in ["ovr", "warn"] or (
          ^^^^^^^^^^^^^^^^
AttributeError: 'LogisticRegression' object has no attribute 'multi_class'
2026-05-24 01:55:49 | INFO | prediction_worker | Processing headline: AI is being used to resurrect the voices of dead pilots
2026-05-24 01:55:49 | ERROR | prediction_worker | Headline processing failed: 'LogisticRegression' object has no attribute 'multi_class'
Traceback (most recent call last):
  File "C:\Users\sucha\Downloads\portfolio\portfolio\ml-backend\workers\prediction_worker.py", line 66, in process_headline
    prediction = predict_sentiment(
                 ^^^^^^^^^^^^^^^^^^
  File "C:\Users\sucha\Downloads\portfolio\portfolio\ml-backend\model.py", line 55, in predict_sentiment
    probabilities = pipeline.predict_proba([cleaned])[0]
                    ^^^^^^^^^^^^^^^^^^^^^^^^^^^^^^^^^
  File "C:\Users\sucha\Downloads\portfolio\portfolio\ml-backend\venv\Lib\site-packages\sklearn\pipeline.py", line 721, in predict_proba
    return self.steps[-1][1].predict_proba(Xt, **params)
           ^^^^^^^^^^^^^^^^^^^^^^^^^^^^^^^^^^^^^^^^^^^^^
  File "C:\Users\sucha\Downloads\portfolio\portfolio\ml-backend\venv\Lib\site-packages\sklearn\linear_model\_logistic.py", line 1423, in predict_proba
    ovr = self.multi_class in ["ovr", "warn"] or (
          ^^^^^^^^^^^^^^^^
AttributeError: 'LogisticRegression' object has no attribute 'multi_class'
2026-05-24 01:55:49 | INFO | prediction_worker | Processing headline: SpaceX launches Starship V3 for the first time, but loses booster on return
2026-05-24 01:55:49 | ERROR | prediction_worker | Headline processing failed: 'LogisticRegression' object has no attribute 'multi_class'
Traceback (most recent call last):
  File "C:\Users\sucha\Downloads\portfolio\portfolio\ml-backend\workers\prediction_worker.py", line 66, in process_headline
    prediction = predict_sentiment(
                 ^^^^^^^^^^^^^^^^^^
  File "C:\Users\sucha\Downloads\portfolio\portfolio\ml-backend\model.py", line 55, in predict_sentiment
    probabilities = pipeline.predict_proba([cleaned])[0]
                    ^^^^^^^^^^^^^^^^^^^^^^^^^^^^^^^^^
  File "C:\Users\sucha\Downloads\portfolio\portfolio\ml-backend\venv\Lib\site-packages\sklearn\pipeline.py", line 721, in predict_proba
    return self.steps[-1][1].predict_proba(Xt, **params)
           ^^^^^^^^^^^^^^^^^^^^^^^^^^^^^^^^^^^^^^^^^^^^^
  File "C:\Users\sucha\Downloads\portfolio\portfolio\ml-backend\venv\Lib\site-packages\sklearn\linear_model\_logistic.py", line 1423, in predict_proba
    ovr = self.multi_class in ["ovr", "warn"] or (
          ^^^^^^^^^^^^^^^^
AttributeError: 'LogisticRegression' object has no attribute 'multi_class'
2026-05-24 01:55:49 | INFO | prediction_worker | Processing headline: Blue Origin cleared to fly New Glenn mega-rocket after April mishap
2026-05-24 01:55:49 | ERROR | prediction_worker | Headline processing failed: 'LogisticRegression' object has no attribute 'multi_class'
Traceback (most recent call last):
  File "C:\Users\sucha\Downloads\portfolio\portfolio\ml-backend\workers\prediction_worker.py", line 66, in process_headline
    prediction = predict_sentiment(
                 ^^^^^^^^^^^^^^^^^^
  File "C:\Users\sucha\Downloads\portfolio\portfolio\ml-backend\model.py", line 55, in predict_sentiment
    probabilities = pipeline.predict_proba([cleaned])[0]
                    ^^^^^^^^^^^^^^^^^^^^^^^^^^^^^^^^^
  File "C:\Users\sucha\Downloads\portfolio\portfolio\ml-backend\venv\Lib\site-packages\sklearn\pipeline.py", line 721, in predict_proba
    return self.steps[-1][1].predict_proba(Xt, **params)
           ^^^^^^^^^^^^^^^^^^^^^^^^^^^^^^^^^^^^^^^^^^^^^
  File "C:\Users\sucha\Downloads\portfolio\portfolio\ml-backend\venv\Lib\site-packages\sklearn\linear_model\_logistic.py", line 1423, in predict_proba
    ovr = self.multi_class in ["ovr", "warn"] or (
          ^^^^^^^^^^^^^^^^
AttributeError: 'LogisticRegression' object has no attribute 'multi_class'
2026-05-24 01:55:49 | INFO | prediction_worker | Processing headline: Google goes for the glitter with disco-ball icons: ‘Are y’all sure you still wan
2026-05-24 01:55:49 | ERROR | prediction_worker | Headline processing failed: 'LogisticRegression' object has no attribute 'multi_class'
Traceback (most recent call last):
  File "C:\Users\sucha\Downloads\portfolio\portfolio\ml-backend\workers\prediction_worker.py", line 66, in process_headline
    prediction = predict_sentiment(
                 ^^^^^^^^^^^^^^^^^^
  File "C:\Users\sucha\Downloads\portfolio\portfolio\ml-backend\model.py", line 55, in predict_sentiment
    probabilities = pipeline.predict_proba([cleaned])[0]
                    ^^^^^^^^^^^^^^^^^^^^^^^^^^^^^^^^^
  File "C:\Users\sucha\Downloads\portfolio\portfolio\ml-backend\venv\Lib\site-packages\sklearn\pipeline.py", line 721, in predict_proba
    return self.steps[-1][1].predict_proba(Xt, **params)
           ^^^^^^^^^^^^^^^^^^^^^^^^^^^^^^^^^^^^^^^^^^^^^
  File "C:\Users\sucha\Downloads\portfolio\portfolio\ml-backend\venv\Lib\site-packages\sklearn\linear_model\_logistic.py", line 1423, in predict_proba
    ovr = self.multi_class in ["ovr", "warn"] or (
          ^^^^^^^^^^^^^^^^
AttributeError: 'LogisticRegression' object has no attribute 'multi_class'
2026-05-24 01:55:49 | INFO | prediction_worker | Processing headline: The man behind the legendary MPC, Roger Linn, stays focused with a single browse
2026-05-24 01:55:49 | ERROR | prediction_worker | Headline processing failed: 'LogisticRegression' object has no attribute 'multi_class'
Traceback (most recent call last):
  File "C:\Users\sucha\Downloads\portfolio\portfolio\ml-backend\workers\prediction_worker.py", line 66, in process_headline
    prediction = predict_sentiment(
                 ^^^^^^^^^^^^^^^^^^
  File "C:\Users\sucha\Downloads\portfolio\portfolio\ml-backend\model.py", line 55, in predict_sentiment
    probabilities = pipeline.predict_proba([cleaned])[0]
                    ^^^^^^^^^^^^^^^^^^^^^^^^^^^^^^^^^
  File "C:\Users\sucha\Downloads\portfolio\portfolio\ml-backend\venv\Lib\site-packages\sklearn\pipeline.py", line 721, in predict_proba
    return self.steps[-1][1].predict_proba(Xt, **params)
           ^^^^^^^^^^^^^^^^^^^^^^^^^^^^^^^^^^^^^^^^^^^^^
  File "C:\Users\sucha\Downloads\portfolio\portfolio\ml-backend\venv\Lib\site-packages\sklearn\linear_model\_logistic.py", line 1423, in predict_proba
    ovr = self.multi_class in ["ovr", "warn"] or (
          ^^^^^^^^^^^^^^^^
AttributeError: 'LogisticRegression' object has no attribute 'multi_class'
2026-05-24 01:55:49 | INFO | prediction_worker | Processing headline: Here are 38 Memorial Day deals we recommend for $50 or less
2026-05-24 01:55:49 | ERROR | prediction_worker | Headline processing failed: 'LogisticRegression' object has no attribute 'multi_class'
Traceback (most recent call last):
  File "C:\Users\sucha\Downloads\portfolio\portfolio\ml-backend\workers\prediction_worker.py", line 66, in process_headline
    prediction = predict_sentiment(
                 ^^^^^^^^^^^^^^^^^^
  File "C:\Users\sucha\Downloads\portfolio\portfolio\ml-backend\model.py", line 55, in predict_sentiment
    probabilities = pipeline.predict_proba([cleaned])[0]
                    ^^^^^^^^^^^^^^^^^^^^^^^^^^^^^^^^^
  File "C:\Users\sucha\Downloads\portfolio\portfolio\ml-backend\venv\Lib\site-packages\sklearn\pipeline.py", line 721, in predict_proba
    return self.steps[-1][1].predict_proba(Xt, **params)
           ^^^^^^^^^^^^^^^^^^^^^^^^^^^^^^^^^^^^^^^^^^^^^
  File "C:\Users\sucha\Downloads\portfolio\portfolio\ml-backend\venv\Lib\site-packages\sklearn\linear_model\_logistic.py", line 1423, in predict_proba
    ovr = self.multi_class in ["ovr", "warn"] or (
          ^^^^^^^^^^^^^^^^
AttributeError: 'LogisticRegression' object has no attribute 'multi_class'
2026-05-24 01:55:49 | INFO | prediction_worker | Processing headline: Hanging out in my favorite virtual coffee shop in Tokyo
2026-05-24 01:55:49 | ERROR | prediction_worker | Headline processing failed: 'LogisticRegression' object has no attribute 'multi_class'
Traceback (most recent call last):
  File "C:\Users\sucha\Downloads\portfolio\portfolio\ml-backend\workers\prediction_worker.py", line 66, in process_headline
    prediction = predict_sentiment(
                 ^^^^^^^^^^^^^^^^^^
  File "C:\Users\sucha\Downloads\portfolio\portfolio\ml-backend\model.py", line 55, in predict_sentiment
    probabilities = pipeline.predict_proba([cleaned])[0]
                    ^^^^^^^^^^^^^^^^^^^^^^^^^^^^^^^^^
  File "C:\Users\sucha\Downloads\portfolio\portfolio\ml-backend\venv\Lib\site-packages\sklearn\pipeline.py", line 721, in predict_proba
    return self.steps[-1][1].predict_proba(Xt, **params)
           ^^^^^^^^^^^^^^^^^^^^^^^^^^^^^^^^^^^^^^^^^^^^^
  File "C:\Users\sucha\Downloads\portfolio\portfolio\ml-backend\venv\Lib\site-packages\sklearn\linear_model\_logistic.py", line 1423, in predict_proba
    ovr = self.multi_class in ["ovr", "warn"] or (
          ^^^^^^^^^^^^^^^^
AttributeError: 'LogisticRegression' object has no attribute 'multi_class'
2026-05-24 01:55:49 | INFO | prediction_worker | Processing headline: I have a new go-to browser
2026-05-24 01:55:49 | ERROR | prediction_worker | Headline processing failed: 'LogisticRegression' object has no attribute 'multi_class'
Traceback (most recent call last):
  File "C:\Users\sucha\Downloads\portfolio\portfolio\ml-backend\workers\prediction_worker.py", line 66, in process_headline
    prediction = predict_sentiment(
                 ^^^^^^^^^^^^^^^^^^
  File "C:\Users\sucha\Downloads\portfolio\portfolio\ml-backend\model.py", line 55, in predict_sentiment
    probabilities = pipeline.predict_proba([cleaned])[0]
                    ^^^^^^^^^^^^^^^^^^^^^^^^^^^^^^^^^
  File "C:\Users\sucha\Downloads\portfolio\portfolio\ml-backend\venv\Lib\site-packages\sklearn\pipeline.py", line 721, in predict_proba
    return self.steps[-1][1].predict_proba(Xt, **params)
           ^^^^^^^^^^^^^^^^^^^^^^^^^^^^^^^^^^^^^^^^^^^^^
  File "C:\Users\sucha\Downloads\portfolio\portfolio\ml-backend\venv\Lib\site-packages\sklearn\linear_model\_logistic.py", line 1423, in predict_proba
    ovr = self.multi_class in ["ovr", "warn"] or (
          ^^^^^^^^^^^^^^^^
AttributeError: 'LogisticRegression' object has no attribute 'multi_class'
2026-05-24 01:55:49 | INFO | prediction_worker | Processing headline: Google’s new anything-to-anything AI model is wild
2026-05-24 01:55:49 | ERROR | prediction_worker | Headline processing failed: 'LogisticRegression' object has no attribute 'multi_class'
Traceback (most recent call last):
  File "C:\Users\sucha\Downloads\portfolio\portfolio\ml-backend\workers\prediction_worker.py", line 66, in process_headline
    prediction = predict_sentiment(
                 ^^^^^^^^^^^^^^^^^^
  File "C:\Users\sucha\Downloads\portfolio\portfolio\ml-backend\model.py", line 55, in predict_sentiment
    probabilities = pipeline.predict_proba([cleaned])[0]
                    ^^^^^^^^^^^^^^^^^^^^^^^^^^^^^^^^^
  File "C:\Users\sucha\Downloads\portfolio\portfolio\ml-backend\venv\Lib\site-packages\sklearn\pipeline.py", line 721, in predict_proba
    return self.steps[-1][1].predict_proba(Xt, **params)
           ^^^^^^^^^^^^^^^^^^^^^^^^^^^^^^^^^^^^^^^^^^^^^
  File "C:\Users\sucha\Downloads\portfolio\portfolio\ml-backend\venv\Lib\site-packages\sklearn\linear_model\_logistic.py", line 1423, in predict_proba
    ovr = self.multi_class in ["ovr", "warn"] or (
          ^^^^^^^^^^^^^^^^
AttributeError: 'LogisticRegression' object has no attribute 'multi_class'
2026-05-24 01:55:49 | INFO | prediction_worker | Processing headline: Google&#8217;s AI search is so broken it can &#8216;disregard&#8217; what you&#8
2026-05-24 01:55:49 | ERROR | prediction_worker | Headline processing failed: 'LogisticRegression' object has no attribute 'multi_class'
Traceback (most recent call last):
  File "C:\Users\sucha\Downloads\portfolio\portfolio\ml-backend\workers\prediction_worker.py", line 66, in process_headline
    prediction = predict_sentiment(
                 ^^^^^^^^^^^^^^^^^^
  File "C:\Users\sucha\Downloads\portfolio\portfolio\ml-backend\model.py", line 55, in predict_sentiment
    probabilities = pipeline.predict_proba([cleaned])[0]
                    ^^^^^^^^^^^^^^^^^^^^^^^^^^^^^^^^^
  File "C:\Users\sucha\Downloads\portfolio\portfolio\ml-backend\venv\Lib\site-packages\sklearn\pipeline.py", line 721, in predict_proba
    return self.steps[-1][1].predict_proba(Xt, **params)
           ^^^^^^^^^^^^^^^^^^^^^^^^^^^^^^^^^^^^^^^^^^^^^
  File "C:\Users\sucha\Downloads\portfolio\portfolio\ml-backend\venv\Lib\site-packages\sklearn\linear_model\_logistic.py", line 1423, in predict_proba
    ovr = self.multi_class in ["ovr", "warn"] or (
          ^^^^^^^^^^^^^^^^
AttributeError: 'LogisticRegression' object has no attribute 'multi_class'
2026-05-24 01:55:49 | INFO | prediction_worker | Processing headline: Twelve South’s AirFly Pro 2 has hit one of its best prices ahead of summer trave
2026-05-24 01:55:49 | ERROR | prediction_worker | Headline processing failed: 'LogisticRegression' object has no attribute 'multi_class'
Traceback (most recent call last):
  File "C:\Users\sucha\Downloads\portfolio\portfolio\ml-backend\workers\prediction_worker.py", line 66, in process_headline
    prediction = predict_sentiment(
                 ^^^^^^^^^^^^^^^^^^
  File "C:\Users\sucha\Downloads\portfolio\portfolio\ml-backend\model.py", line 55, in predict_sentiment
    probabilities = pipeline.predict_proba([cleaned])[0]
                    ^^^^^^^^^^^^^^^^^^^^^^^^^^^^^^^^^
  File "C:\Users\sucha\Downloads\portfolio\portfolio\ml-backend\venv\Lib\site-packages\sklearn\pipeline.py", line 721, in predict_proba
    return self.steps[-1][1].predict_proba(Xt, **params)
           ^^^^^^^^^^^^^^^^^^^^^^^^^^^^^^^^^^^^^^^^^^^^^
  File "C:\Users\sucha\Downloads\portfolio\portfolio\ml-backend\venv\Lib\site-packages\sklearn\linear_model\_logistic.py", line 1423, in predict_proba
    ovr = self.multi_class in ["ovr", "warn"] or (
          ^^^^^^^^^^^^^^^^
AttributeError: 'LogisticRegression' object has no attribute 'multi_class'
2026-05-24 01:55:49 | INFO | prediction_worker | Processing headline: Meta’s Forum is part Reddit, part Facebook, and part Google AI Overview
2026-05-24 01:55:49 | ERROR | prediction_worker | Headline processing failed: 'LogisticRegression' object has no attribute 'multi_class'
Traceback (most recent call last):
  File "C:\Users\sucha\Downloads\portfolio\portfolio\ml-backend\workers\prediction_worker.py", line 66, in process_headline
    prediction = predict_sentiment(
                 ^^^^^^^^^^^^^^^^^^
  File "C:\Users\sucha\Downloads\portfolio\portfolio\ml-backend\model.py", line 55, in predict_sentiment
    probabilities = pipeline.predict_proba([cleaned])[0]
                    ^^^^^^^^^^^^^^^^^^^^^^^^^^^^^^^^^
  File "C:\Users\sucha\Downloads\portfolio\portfolio\ml-backend\venv\Lib\site-packages\sklearn\pipeline.py", line 721, in predict_proba
    return self.steps[-1][1].predict_proba(Xt, **params)
           ^^^^^^^^^^^^^^^^^^^^^^^^^^^^^^^^^^^^^^^^^^^^^
  File "C:\Users\sucha\Downloads\portfolio\portfolio\ml-backend\venv\Lib\site-packages\sklearn\linear_model\_logistic.py", line 1423, in predict_proba
    ovr = self.multi_class in ["ovr", "warn"] or (
          ^^^^^^^^^^^^^^^^
AttributeError: 'LogisticRegression' object has no attribute 'multi_class'
2026-05-24 01:55:49 | INFO | prediction_worker | Processing headline: Elon, stop trying to make Grok happen
2026-05-24 01:55:49 | ERROR | prediction_worker | Headline processing failed: 'LogisticRegression' object has no attribute 'multi_class'
Traceback (most recent call last):
  File "C:\Users\sucha\Downloads\portfolio\portfolio\ml-backend\workers\prediction_worker.py", line 66, in process_headline
    prediction = predict_sentiment(
                 ^^^^^^^^^^^^^^^^^^
  File "C:\Users\sucha\Downloads\portfolio\portfolio\ml-backend\model.py", line 55, in predict_sentiment
    probabilities = pipeline.predict_proba([cleaned])[0]
                    ^^^^^^^^^^^^^^^^^^^^^^^^^^^^^^^^^
  File "C:\Users\sucha\Downloads\portfolio\portfolio\ml-backend\venv\Lib\site-packages\sklearn\pipeline.py", line 721, in predict_proba
    return self.steps[-1][1].predict_proba(Xt, **params)
           ^^^^^^^^^^^^^^^^^^^^^^^^^^^^^^^^^^^^^^^^^^^^^
  File "C:\Users\sucha\Downloads\portfolio\portfolio\ml-backend\venv\Lib\site-packages\sklearn\linear_model\_logistic.py", line 1423, in predict_proba
    ovr = self.multi_class in ["ovr", "warn"] or (
          ^^^^^^^^^^^^^^^^
AttributeError: 'LogisticRegression' object has no attribute 'multi_class'
2026-05-24 01:55:49 | INFO | prediction_worker | Processing headline: The best Memorial Day sales you can shop this weekend
2026-05-24 01:55:49 | ERROR | prediction_worker | Headline processing failed: 'LogisticRegression' object has no attribute 'multi_class'
Traceback (most recent call last):
  File "C:\Users\sucha\Downloads\portfolio\portfolio\ml-backend\workers\prediction_worker.py", line 66, in process_headline
    prediction = predict_sentiment(
                 ^^^^^^^^^^^^^^^^^^
  File "C:\Users\sucha\Downloads\portfolio\portfolio\ml-backend\model.py", line 55, in predict_sentiment
    probabilities = pipeline.predict_proba([cleaned])[0]
                    ^^^^^^^^^^^^^^^^^^^^^^^^^^^^^^^^^
  File "C:\Users\sucha\Downloads\portfolio\portfolio\ml-backend\venv\Lib\site-packages\sklearn\pipeline.py", line 721, in predict_proba
    return self.steps[-1][1].predict_proba(Xt, **params)
           ^^^^^^^^^^^^^^^^^^^^^^^^^^^^^^^^^^^^^^^^^^^^^
  File "C:\Users\sucha\Downloads\portfolio\portfolio\ml-backend\venv\Lib\site-packages\sklearn\linear_model\_logistic.py", line 1423, in predict_proba
    ovr = self.multi_class in ["ovr", "warn"] or (
          ^^^^^^^^^^^^^^^^
AttributeError: 'LogisticRegression' object has no attribute 'multi_class'
2026-05-24 01:55:49 | INFO | prediction_worker | Processing headline: Best Power Banks (2026): My Picks After Testing Over 100
2026-05-24 01:55:49 | ERROR | prediction_worker | Headline processing failed: 'LogisticRegression' object has no attribute 'multi_class'
Traceback (most recent call last):
  File "C:\Users\sucha\Downloads\portfolio\portfolio\ml-backend\workers\prediction_worker.py", line 66, in process_headline
    prediction = predict_sentiment(
                 ^^^^^^^^^^^^^^^^^^
  File "C:\Users\sucha\Downloads\portfolio\portfolio\ml-backend\model.py", line 55, in predict_sentiment
    probabilities = pipeline.predict_proba([cleaned])[0]
                    ^^^^^^^^^^^^^^^^^^^^^^^^^^^^^^^^^
  File "C:\Users\sucha\Downloads\portfolio\portfolio\ml-backend\venv\Lib\site-packages\sklearn\pipeline.py", line 721, in predict_proba
    return self.steps[-1][1].predict_proba(Xt, **params)
           ^^^^^^^^^^^^^^^^^^^^^^^^^^^^^^^^^^^^^^^^^^^^^
  File "C:\Users\sucha\Downloads\portfolio\portfolio\ml-backend\venv\Lib\site-packages\sklearn\linear_model\_logistic.py", line 1423, in predict_proba
    ovr = self.multi_class in ["ovr", "warn"] or (
          ^^^^^^^^^^^^^^^^
AttributeError: 'LogisticRegression' object has no attribute 'multi_class'
2026-05-24 01:55:49 | INFO | prediction_worker | Processing headline: Memorial Day Dyson Vacuum Deals: V15 Detect, Gen5Detect, PencilVac On Sale
2026-05-24 01:55:49 | ERROR | prediction_worker | Headline processing failed: 'LogisticRegression' object has no attribute 'multi_class'
Traceback (most recent call last):
  File "C:\Users\sucha\Downloads\portfolio\portfolio\ml-backend\workers\prediction_worker.py", line 66, in process_headline
    prediction = predict_sentiment(
                 ^^^^^^^^^^^^^^^^^^
  File "C:\Users\sucha\Downloads\portfolio\portfolio\ml-backend\model.py", line 55, in predict_sentiment
    probabilities = pipeline.predict_proba([cleaned])[0]
                    ^^^^^^^^^^^^^^^^^^^^^^^^^^^^^^^^^
  File "C:\Users\sucha\Downloads\portfolio\portfolio\ml-backend\venv\Lib\site-packages\sklearn\pipeline.py", line 721, in predict_proba
    return self.steps[-1][1].predict_proba(Xt, **params)
           ^^^^^^^^^^^^^^^^^^^^^^^^^^^^^^^^^^^^^^^^^^^^^
  File "C:\Users\sucha\Downloads\portfolio\portfolio\ml-backend\venv\Lib\site-packages\sklearn\linear_model\_logistic.py", line 1423, in predict_proba
    ovr = self.multi_class in ["ovr", "warn"] or (
          ^^^^^^^^^^^^^^^^
AttributeError: 'LogisticRegression' object has no attribute 'multi_class'
2026-05-24 01:55:49 | INFO | prediction_worker | Processing headline: L.L.Bean's Zip Hunter's Tote Is the Only Carryall You Need
2026-05-24 01:55:49 | ERROR | prediction_worker | Headline processing failed: 'LogisticRegression' object has no attribute 'multi_class'
Traceback (most recent call last):
  File "C:\Users\sucha\Downloads\portfolio\portfolio\ml-backend\workers\prediction_worker.py", line 66, in process_headline
    prediction = predict_sentiment(
                 ^^^^^^^^^^^^^^^^^^
  File "C:\Users\sucha\Downloads\portfolio\portfolio\ml-backend\model.py", line 55, in predict_sentiment
    probabilities = pipeline.predict_proba([cleaned])[0]
                    ^^^^^^^^^^^^^^^^^^^^^^^^^^^^^^^^^
  File "C:\Users\sucha\Downloads\portfolio\portfolio\ml-backend\venv\Lib\site-packages\sklearn\pipeline.py", line 721, in predict_proba
    return self.steps[-1][1].predict_proba(Xt, **params)
           ^^^^^^^^^^^^^^^^^^^^^^^^^^^^^^^^^^^^^^^^^^^^^
  File "C:\Users\sucha\Downloads\portfolio\portfolio\ml-backend\venv\Lib\site-packages\sklearn\linear_model\_logistic.py", line 1423, in predict_proba
    ovr = self.multi_class in ["ovr", "warn"] or (
          ^^^^^^^^^^^^^^^^
AttributeError: 'LogisticRegression' object has no attribute 'multi_class'
2026-05-24 01:55:49 | INFO | prediction_worker | Processing headline: Quantum ‘Jamming’ Could Help Unlock the Mysteries of Causality
2026-05-24 01:55:49 | ERROR | prediction_worker | Headline processing failed: 'LogisticRegression' object has no attribute 'multi_class'
Traceback (most recent call last):
  File "C:\Users\sucha\Downloads\portfolio\portfolio\ml-backend\workers\prediction_worker.py", line 66, in process_headline
    prediction = predict_sentiment(
                 ^^^^^^^^^^^^^^^^^^
  File "C:\Users\sucha\Downloads\portfolio\portfolio\ml-backend\model.py", line 55, in predict_sentiment
    probabilities = pipeline.predict_proba([cleaned])[0]
                    ^^^^^^^^^^^^^^^^^^^^^^^^^^^^^^^^^
  File "C:\Users\sucha\Downloads\portfolio\portfolio\ml-backend\venv\Lib\site-packages\sklearn\pipeline.py", line 721, in predict_proba
    return self.steps[-1][1].predict_proba(Xt, **params)
           ^^^^^^^^^^^^^^^^^^^^^^^^^^^^^^^^^^^^^^^^^^^^^
  File "C:\Users\sucha\Downloads\portfolio\portfolio\ml-backend\venv\Lib\site-packages\sklearn\linear_model\_logistic.py", line 1423, in predict_proba
    ovr = self.multi_class in ["ovr", "warn"] or (
          ^^^^^^^^^^^^^^^^
AttributeError: 'LogisticRegression' object has no attribute 'multi_class'
2026-05-24 01:55:49 | INFO | prediction_worker | Processing headline: The Best Smart Sprinklers and Irrigation Systems: In-Ground Sprinklers, Hose Tim
2026-05-24 01:55:49 | ERROR | prediction_worker | Headline processing failed: 'LogisticRegression' object has no attribute 'multi_class'
Traceback (most recent call last):
  File "C:\Users\sucha\Downloads\portfolio\portfolio\ml-backend\workers\prediction_worker.py", line 66, in process_headline
    prediction = predict_sentiment(
                 ^^^^^^^^^^^^^^^^^^
  File "C:\Users\sucha\Downloads\portfolio\portfolio\ml-backend\model.py", line 55, in predict_sentiment
    probabilities = pipeline.predict_proba([cleaned])[0]
                    ^^^^^^^^^^^^^^^^^^^^^^^^^^^^^^^^^
  File "C:\Users\sucha\Downloads\portfolio\portfolio\ml-backend\venv\Lib\site-packages\sklearn\pipeline.py", line 721, in predict_proba
    return self.steps[-1][1].predict_proba(Xt, **params)
           ^^^^^^^^^^^^^^^^^^^^^^^^^^^^^^^^^^^^^^^^^^^^^
  File "C:\Users\sucha\Downloads\portfolio\portfolio\ml-backend\venv\Lib\site-packages\sklearn\linear_model\_logistic.py", line 1423, in predict_proba
    ovr = self.multi_class in ["ovr", "warn"] or (
          ^^^^^^^^^^^^^^^^
AttributeError: 'LogisticRegression' object has no attribute 'multi_class'
2026-05-24 01:55:49 | INFO | prediction_worker | Processing headline: The FBI Wants ‘Near Real-Time’ Access to US License Plate Readers
2026-05-24 01:55:49 | ERROR | prediction_worker | Headline processing failed: 'LogisticRegression' object has no attribute 'multi_class'
Traceback (most recent call last):
  File "C:\Users\sucha\Downloads\portfolio\portfolio\ml-backend\workers\prediction_worker.py", line 66, in process_headline
    prediction = predict_sentiment(
                 ^^^^^^^^^^^^^^^^^^
  File "C:\Users\sucha\Downloads\portfolio\portfolio\ml-backend\model.py", line 55, in predict_sentiment
    probabilities = pipeline.predict_proba([cleaned])[0]
                    ^^^^^^^^^^^^^^^^^^^^^^^^^^^^^^^^^
  File "C:\Users\sucha\Downloads\portfolio\portfolio\ml-backend\venv\Lib\site-packages\sklearn\pipeline.py", line 721, in predict_proba
    return self.steps[-1][1].predict_proba(Xt, **params)
           ^^^^^^^^^^^^^^^^^^^^^^^^^^^^^^^^^^^^^^^^^^^^^
  File "C:\Users\sucha\Downloads\portfolio\portfolio\ml-backend\venv\Lib\site-packages\sklearn\linear_model\_logistic.py", line 1423, in predict_proba
    ovr = self.multi_class in ["ovr", "warn"] or (
          ^^^^^^^^^^^^^^^^
AttributeError: 'LogisticRegression' object has no attribute 'multi_class'
2026-05-24 01:55:49 | INFO | prediction_worker | Processing headline: Cosmic Voids May Contain the Universe’s Best Secrets
2026-05-24 01:55:49 | ERROR | prediction_worker | Headline processing failed: 'LogisticRegression' object has no attribute 'multi_class'
Traceback (most recent call last):
  File "C:\Users\sucha\Downloads\portfolio\portfolio\ml-backend\workers\prediction_worker.py", line 66, in process_headline
    prediction = predict_sentiment(
                 ^^^^^^^^^^^^^^^^^^
  File "C:\Users\sucha\Downloads\portfolio\portfolio\ml-backend\model.py", line 55, in predict_sentiment
    probabilities = pipeline.predict_proba([cleaned])[0]
                    ^^^^^^^^^^^^^^^^^^^^^^^^^^^^^^^^^
  File "C:\Users\sucha\Downloads\portfolio\portfolio\ml-backend\venv\Lib\site-packages\sklearn\pipeline.py", line 721, in predict_proba
    return self.steps[-1][1].predict_proba(Xt, **params)
           ^^^^^^^^^^^^^^^^^^^^^^^^^^^^^^^^^^^^^^^^^^^^^
  File "C:\Users\sucha\Downloads\portfolio\portfolio\ml-backend\venv\Lib\site-packages\sklearn\linear_model\_logistic.py", line 1423, in predict_proba
    ovr = self.multi_class in ["ovr", "warn"] or (
          ^^^^^^^^^^^^^^^^
AttributeError: 'LogisticRegression' object has no attribute 'multi_class'
2026-05-24 01:55:49 | INFO | prediction_worker | Processing headline: Best Memorial Day Deals: Garmin, Birdfy, Branch (2026)
2026-05-24 01:55:49 | ERROR | prediction_worker | Headline processing failed: 'LogisticRegression' object has no attribute 'multi_class'
Traceback (most recent call last):
  File "C:\Users\sucha\Downloads\portfolio\portfolio\ml-backend\workers\prediction_worker.py", line 66, in process_headline
    prediction = predict_sentiment(
                 ^^^^^^^^^^^^^^^^^^
  File "C:\Users\sucha\Downloads\portfolio\portfolio\ml-backend\model.py", line 55, in predict_sentiment
    probabilities = pipeline.predict_proba([cleaned])[0]
                    ^^^^^^^^^^^^^^^^^^^^^^^^^^^^^^^^^
  File "C:\Users\sucha\Downloads\portfolio\portfolio\ml-backend\venv\Lib\site-packages\sklearn\pipeline.py", line 721, in predict_proba
    return self.steps[-1][1].predict_proba(Xt, **params)
           ^^^^^^^^^^^^^^^^^^^^^^^^^^^^^^^^^^^^^^^^^^^^^
  File "C:\Users\sucha\Downloads\portfolio\portfolio\ml-backend\venv\Lib\site-packages\sklearn\linear_model\_logistic.py", line 1423, in predict_proba
    ovr = self.multi_class in ["ovr", "warn"] or (
          ^^^^^^^^^^^^^^^^
AttributeError: 'LogisticRegression' object has no attribute 'multi_class'
2026-05-24 01:55:49 | INFO | prediction_worker | Processing headline: A 'Golden Orb' on the Ocean Floor Came From a Mysterious Animal
2026-05-24 01:55:49 | ERROR | prediction_worker | Headline processing failed: 'LogisticRegression' object has no attribute 'multi_class'
Traceback (most recent call last):
  File "C:\Users\sucha\Downloads\portfolio\portfolio\ml-backend\workers\prediction_worker.py", line 66, in process_headline
    prediction = predict_sentiment(
                 ^^^^^^^^^^^^^^^^^^
  File "C:\Users\sucha\Downloads\portfolio\portfolio\ml-backend\model.py", line 55, in predict_sentiment
    probabilities = pipeline.predict_proba([cleaned])[0]
                    ^^^^^^^^^^^^^^^^^^^^^^^^^^^^^^^^^
  File "C:\Users\sucha\Downloads\portfolio\portfolio\ml-backend\venv\Lib\site-packages\sklearn\pipeline.py", line 721, in predict_proba
    return self.steps[-1][1].predict_proba(Xt, **params)
           ^^^^^^^^^^^^^^^^^^^^^^^^^^^^^^^^^^^^^^^^^^^^^
  File "C:\Users\sucha\Downloads\portfolio\portfolio\ml-backend\venv\Lib\site-packages\sklearn\linear_model\_logistic.py", line 1423, in predict_proba
    ovr = self.multi_class in ["ovr", "warn"] or (
          ^^^^^^^^^^^^^^^^
AttributeError: 'LogisticRegression' object has no attribute 'multi_class'
2026-05-24 01:55:50 | INFO | prediction_worker | Processing headline: All Vehicles Sold in the EU Must Be Able to Hook Up to a Breathalyzer
2026-05-24 01:55:50 | ERROR | prediction_worker | Headline processing failed: 'LogisticRegression' object has no attribute 'multi_class'
Traceback (most recent call last):
  File "C:\Users\sucha\Downloads\portfolio\portfolio\ml-backend\workers\prediction_worker.py", line 66, in process_headline
    prediction = predict_sentiment(
                 ^^^^^^^^^^^^^^^^^^
  File "C:\Users\sucha\Downloads\portfolio\portfolio\ml-backend\model.py", line 55, in predict_sentiment
    probabilities = pipeline.predict_proba([cleaned])[0]
                    ^^^^^^^^^^^^^^^^^^^^^^^^^^^^^^^^^
  File "C:\Users\sucha\Downloads\portfolio\portfolio\ml-backend\venv\Lib\site-packages\sklearn\pipeline.py", line 721, in predict_proba
    return self.steps[-1][1].predict_proba(Xt, **params)
           ^^^^^^^^^^^^^^^^^^^^^^^^^^^^^^^^^^^^^^^^^^^^^
  File "C:\Users\sucha\Downloads\portfolio\portfolio\ml-backend\venv\Lib\site-packages\sklearn\linear_model\_logistic.py", line 1423, in predict_proba
    ovr = self.multi_class in ["ovr", "warn"] or (
          ^^^^^^^^^^^^^^^^
AttributeError: 'LogisticRegression' object has no attribute 'multi_class'
2026-05-24 01:55:50 | INFO | prediction_worker | Processing headline: SpaceX's Starship V3—still a work in progress—mostly successful on first flight
2026-05-24 01:55:50 | ERROR | prediction_worker | Headline processing failed: 'LogisticRegression' object has no attribute 'multi_class'
Traceback (most recent call last):
  File "C:\Users\sucha\Downloads\portfolio\portfolio\ml-backend\workers\prediction_worker.py", line 66, in process_headline
    prediction = predict_sentiment(
                 ^^^^^^^^^^^^^^^^^^
  File "C:\Users\sucha\Downloads\portfolio\portfolio\ml-backend\model.py", line 55, in predict_sentiment
    probabilities = pipeline.predict_proba([cleaned])[0]
                    ^^^^^^^^^^^^^^^^^^^^^^^^^^^^^^^^^
  File "C:\Users\sucha\Downloads\portfolio\portfolio\ml-backend\venv\Lib\site-packages\sklearn\pipeline.py", line 721, in predict_proba
    return self.steps[-1][1].predict_proba(Xt, **params)
           ^^^^^^^^^^^^^^^^^^^^^^^^^^^^^^^^^^^^^^^^^^^^^
  File "C:\Users\sucha\Downloads\portfolio\portfolio\ml-backend\venv\Lib\site-packages\sklearn\linear_model\_logistic.py", line 1423, in predict_proba
    ovr = self.multi_class in ["ovr", "warn"] or (
          ^^^^^^^^^^^^^^^^
AttributeError: 'LogisticRegression' object has no attribute 'multi_class'
2026-05-24 01:55:50 | INFO | prediction_worker | Processing headline: Two space shuttle-era spacewalkers enter Astronaut Hall of Fame
2026-05-24 01:55:50 | ERROR | prediction_worker | Headline processing failed: 'LogisticRegression' object has no attribute 'multi_class'
Traceback (most recent call last):
  File "C:\Users\sucha\Downloads\portfolio\portfolio\ml-backend\workers\prediction_worker.py", line 66, in process_headline
    prediction = predict_sentiment(
                 ^^^^^^^^^^^^^^^^^^
  File "C:\Users\sucha\Downloads\portfolio\portfolio\ml-backend\model.py", line 55, in predict_sentiment
    probabilities = pipeline.predict_proba([cleaned])[0]
                    ^^^^^^^^^^^^^^^^^^^^^^^^^^^^^^^^^
  File "C:\Users\sucha\Downloads\portfolio\portfolio\ml-backend\venv\Lib\site-packages\sklearn\pipeline.py", line 721, in predict_proba
    return self.steps[-1][1].predict_proba(Xt, **params)
           ^^^^^^^^^^^^^^^^^^^^^^^^^^^^^^^^^^^^^^^^^^^^^
  File "C:\Users\sucha\Downloads\portfolio\portfolio\ml-backend\venv\Lib\site-packages\sklearn\linear_model\_logistic.py", line 1423, in predict_proba
    ovr = self.multi_class in ["ovr", "warn"] or (
          ^^^^^^^^^^^^^^^^
AttributeError: 'LogisticRegression' object has no attribute 'multi_class'
2026-05-24 01:55:50 | INFO | prediction_worker | Processing headline: China’s shark finning could lead to US seafood sanctions
2026-05-24 01:55:50 | ERROR | prediction_worker | Headline processing failed: 'LogisticRegression' object has no attribute 'multi_class'
Traceback (most recent call last):
  File "C:\Users\sucha\Downloads\portfolio\portfolio\ml-backend\workers\prediction_worker.py", line 66, in process_headline
    prediction = predict_sentiment(
                 ^^^^^^^^^^^^^^^^^^
  File "C:\Users\sucha\Downloads\portfolio\portfolio\ml-backend\model.py", line 55, in predict_sentiment
    probabilities = pipeline.predict_proba([cleaned])[0]
                    ^^^^^^^^^^^^^^^^^^^^^^^^^^^^^^^^^
  File "C:\Users\sucha\Downloads\portfolio\portfolio\ml-backend\venv\Lib\site-packages\sklearn\pipeline.py", line 721, in predict_proba
    return self.steps[-1][1].predict_proba(Xt, **params)
           ^^^^^^^^^^^^^^^^^^^^^^^^^^^^^^^^^^^^^^^^^^^^^
  File "C:\Users\sucha\Downloads\portfolio\portfolio\ml-backend\venv\Lib\site-packages\sklearn\linear_model\_logistic.py", line 1423, in predict_proba
    ovr = self.multi_class in ["ovr", "warn"] or (
          ^^^^^^^^^^^^^^^^
AttributeError: 'LogisticRegression' object has no attribute 'multi_class'
2026-05-24 01:55:50 | INFO | prediction_worker | Processing headline: Four Russian satellites are now within striking distance of an ICEYE radarsat
2026-05-24 01:55:50 | ERROR | prediction_worker | Headline processing failed: 'LogisticRegression' object has no attribute 'multi_class'
Traceback (most recent call last):
  File "C:\Users\sucha\Downloads\portfolio\portfolio\ml-backend\workers\prediction_worker.py", line 66, in process_headline
    prediction = predict_sentiment(
                 ^^^^^^^^^^^^^^^^^^
  File "C:\Users\sucha\Downloads\portfolio\portfolio\ml-backend\model.py", line 55, in predict_sentiment
    probabilities = pipeline.predict_proba([cleaned])[0]
                    ^^^^^^^^^^^^^^^^^^^^^^^^^^^^^^^^^
  File "C:\Users\sucha\Downloads\portfolio\portfolio\ml-backend\venv\Lib\site-packages\sklearn\pipeline.py", line 721, in predict_proba
    return self.steps[-1][1].predict_proba(Xt, **params)
           ^^^^^^^^^^^^^^^^^^^^^^^^^^^^^^^^^^^^^^^^^^^^^
  File "C:\Users\sucha\Downloads\portfolio\portfolio\ml-backend\venv\Lib\site-packages\sklearn\linear_model\_logistic.py", line 1423, in predict_proba
    ovr = self.multi_class in ["ovr", "warn"] or (
          ^^^^^^^^^^^^^^^^
AttributeError: 'LogisticRegression' object has no attribute 'multi_class'
2026-05-24 01:55:50 | INFO | prediction_worker | Processing headline: Ebola outbreak now third largest recorded and "spreading rapidly"
2026-05-24 01:55:50 | ERROR | prediction_worker | Headline processing failed: 'LogisticRegression' object has no attribute 'multi_class'
Traceback (most recent call last):
  File "C:\Users\sucha\Downloads\portfolio\portfolio\ml-backend\workers\prediction_worker.py", line 66, in process_headline
    prediction = predict_sentiment(
                 ^^^^^^^^^^^^^^^^^^
  File "C:\Users\sucha\Downloads\portfolio\portfolio\ml-backend\model.py", line 55, in predict_sentiment
    probabilities = pipeline.predict_proba([cleaned])[0]
                    ^^^^^^^^^^^^^^^^^^^^^^^^^^^^^^^^^
  File "C:\Users\sucha\Downloads\portfolio\portfolio\ml-backend\venv\Lib\site-packages\sklearn\pipeline.py", line 721, in predict_proba
    return self.steps[-1][1].predict_proba(Xt, **params)
           ^^^^^^^^^^^^^^^^^^^^^^^^^^^^^^^^^^^^^^^^^^^^^
  File "C:\Users\sucha\Downloads\portfolio\portfolio\ml-backend\venv\Lib\site-packages\sklearn\linear_model\_logistic.py", line 1423, in predict_proba
    ovr = self.multi_class in ["ovr", "warn"] or (
          ^^^^^^^^^^^^^^^^
AttributeError: 'LogisticRegression' object has no attribute 'multi_class'
2026-05-24 01:55:50 | INFO | prediction_worker | Processing headline: First-generation Chromecast users stressed by devices suddenly failing
2026-05-24 01:55:50 | ERROR | prediction_worker | Headline processing failed: 'LogisticRegression' object has no attribute 'multi_class'
Traceback (most recent call last):
  File "C:\Users\sucha\Downloads\portfolio\portfolio\ml-backend\workers\prediction_worker.py", line 66, in process_headline
    prediction = predict_sentiment(
                 ^^^^^^^^^^^^^^^^^^
  File "C:\Users\sucha\Downloads\portfolio\portfolio\ml-backend\model.py", line 55, in predict_sentiment
    probabilities = pipeline.predict_proba([cleaned])[0]
                    ^^^^^^^^^^^^^^^^^^^^^^^^^^^^^^^^^
  File "C:\Users\sucha\Downloads\portfolio\portfolio\ml-backend\venv\Lib\site-packages\sklearn\pipeline.py", line 721, in predict_proba
    return self.steps[-1][1].predict_proba(Xt, **params)
           ^^^^^^^^^^^^^^^^^^^^^^^^^^^^^^^^^^^^^^^^^^^^^
  File "C:\Users\sucha\Downloads\portfolio\portfolio\ml-backend\venv\Lib\site-packages\sklearn\linear_model\_logistic.py", line 1423, in predict_proba
    ovr = self.multi_class in ["ovr", "warn"] or (
          ^^^^^^^^^^^^^^^^
AttributeError: 'LogisticRegression' object has no attribute 'multi_class'
2026-05-24 01:55:50 | INFO | prediction_worker | Processing headline: Trump FCC asks public to comment on whether ABC's The View is a news show
2026-05-24 01:55:50 | ERROR | prediction_worker | Headline processing failed: 'LogisticRegression' object has no attribute 'multi_class'
Traceback (most recent call last):
  File "C:\Users\sucha\Downloads\portfolio\portfolio\ml-backend\workers\prediction_worker.py", line 66, in process_headline
    prediction = predict_sentiment(
                 ^^^^^^^^^^^^^^^^^^
  File "C:\Users\sucha\Downloads\portfolio\portfolio\ml-backend\model.py", line 55, in predict_sentiment
    probabilities = pipeline.predict_proba([cleaned])[0]
                    ^^^^^^^^^^^^^^^^^^^^^^^^^^^^^^^^^
  File "C:\Users\sucha\Downloads\portfolio\portfolio\ml-backend\venv\Lib\site-packages\sklearn\pipeline.py", line 721, in predict_proba
    return self.steps[-1][1].predict_proba(Xt, **params)
           ^^^^^^^^^^^^^^^^^^^^^^^^^^^^^^^^^^^^^^^^^^^^^
  File "C:\Users\sucha\Downloads\portfolio\portfolio\ml-backend\venv\Lib\site-packages\sklearn\linear_model\_logistic.py", line 1423, in predict_proba
    ovr = self.multi_class in ["ovr", "warn"] or (
          ^^^^^^^^^^^^^^^^
AttributeError: 'LogisticRegression' object has no attribute 'multi_class'
2026-05-24 01:55:50 | INFO | prediction_worker | Processing headline: US scrambles to stop Internet users re-creating dead pilots’ voices
2026-05-24 01:55:50 | ERROR | prediction_worker | Headline processing failed: 'LogisticRegression' object has no attribute 'multi_class'
Traceback (most recent call last):
  File "C:\Users\sucha\Downloads\portfolio\portfolio\ml-backend\workers\prediction_worker.py", line 66, in process_headline
    prediction = predict_sentiment(
                 ^^^^^^^^^^^^^^^^^^
  File "C:\Users\sucha\Downloads\portfolio\portfolio\ml-backend\model.py", line 55, in predict_sentiment
    probabilities = pipeline.predict_proba([cleaned])[0]
                    ^^^^^^^^^^^^^^^^^^^^^^^^^^^^^^^^^
  File "C:\Users\sucha\Downloads\portfolio\portfolio\ml-backend\venv\Lib\site-packages\sklearn\pipeline.py", line 721, in predict_proba
    return self.steps[-1][1].predict_proba(Xt, **params)
           ^^^^^^^^^^^^^^^^^^^^^^^^^^^^^^^^^^^^^^^^^^^^^
  File "C:\Users\sucha\Downloads\portfolio\portfolio\ml-backend\venv\Lib\site-packages\sklearn\linear_model\_logistic.py", line 1423, in predict_proba
    ovr = self.multi_class in ["ovr", "warn"] or (
          ^^^^^^^^^^^^^^^^
AttributeError: 'LogisticRegression' object has no attribute 'multi_class'
2026-05-24 01:55:50 | INFO | prediction_worker | Processing headline: The Boys is dead. Long live Vought Rising.
2026-05-24 01:55:50 | ERROR | prediction_worker | Headline processing failed: 'LogisticRegression' object has no attribute 'multi_class'
Traceback (most recent call last):
  File "C:\Users\sucha\Downloads\portfolio\portfolio\ml-backend\workers\prediction_worker.py", line 66, in process_headline
    prediction = predict_sentiment(
                 ^^^^^^^^^^^^^^^^^^
  File "C:\Users\sucha\Downloads\portfolio\portfolio\ml-backend\model.py", line 55, in predict_sentiment
    probabilities = pipeline.predict_proba([cleaned])[0]
                    ^^^^^^^^^^^^^^^^^^^^^^^^^^^^^^^^^
  File "C:\Users\sucha\Downloads\portfolio\portfolio\ml-backend\venv\Lib\site-packages\sklearn\pipeline.py", line 721, in predict_proba
    return self.steps[-1][1].predict_proba(Xt, **params)
           ^^^^^^^^^^^^^^^^^^^^^^^^^^^^^^^^^^^^^^^^^^^^^
  File "C:\Users\sucha\Downloads\portfolio\portfolio\ml-backend\venv\Lib\site-packages\sklearn\linear_model\_logistic.py", line 1423, in predict_proba
    ovr = self.multi_class in ["ovr", "warn"] or (
          ^^^^^^^^^^^^^^^^
AttributeError: 'LogisticRegression' object has no attribute 'multi_class'
2026-05-24 01:55:50 | INFO | prediction_worker | Processing headline: Police boast of hacking VPN where criminals "believed themselves to be safe"
2026-05-24 01:55:50 | ERROR | prediction_worker | Headline processing failed: 'LogisticRegression' object has no attribute 'multi_class'
Traceback (most recent call last):
  File "C:\Users\sucha\Downloads\portfolio\portfolio\ml-backend\workers\prediction_worker.py", line 66, in process_headline
    prediction = predict_sentiment(
                 ^^^^^^^^^^^^^^^^^^
  File "C:\Users\sucha\Downloads\portfolio\portfolio\ml-backend\model.py", line 55, in predict_sentiment
    probabilities = pipeline.predict_proba([cleaned])[0]
                    ^^^^^^^^^^^^^^^^^^^^^^^^^^^^^^^^^
  File "C:\Users\sucha\Downloads\portfolio\portfolio\ml-backend\venv\Lib\site-packages\sklearn\pipeline.py", line 721, in predict_proba
    return self.steps[-1][1].predict_proba(Xt, **params)
           ^^^^^^^^^^^^^^^^^^^^^^^^^^^^^^^^^^^^^^^^^^^^^
  File "C:\Users\sucha\Downloads\portfolio\portfolio\ml-backend\venv\Lib\site-packages\sklearn\linear_model\_logistic.py", line 1423, in predict_proba
    ovr = self.multi_class in ["ovr", "warn"] or (
          ^^^^^^^^^^^^^^^^
AttributeError: 'LogisticRegression' object has no attribute 'multi_class'
2026-05-24 01:56:48 | INFO | prediction_worker | Processing headline: SolarSquare in talks to raise up to $60M as India’s rooftop solar market draws m
2026-05-24 01:56:48 | ERROR | prediction_worker | Headline processing failed: 'LogisticRegression' object has no attribute 'multi_class'
Traceback (most recent call last):
  File "C:\Users\sucha\Downloads\portfolio\portfolio\ml-backend\workers\prediction_worker.py", line 66, in process_headline
    prediction = predict_sentiment(
                 ^^^^^^^^^^^^^^^^^^
  File "C:\Users\sucha\Downloads\portfolio\portfolio\ml-backend\model.py", line 55, in predict_sentiment
    probabilities = pipeline.predict_proba([cleaned])[0]
                    ^^^^^^^^^^^^^^^^^^^^^^^^^^^^^^^^^
  File "C:\Users\sucha\Downloads\portfolio\portfolio\ml-backend\venv\Lib\site-packages\sklearn\pipeline.py", line 721, in predict_proba
    return self.steps[-1][1].predict_proba(Xt, **params)
           ^^^^^^^^^^^^^^^^^^^^^^^^^^^^^^^^^^^^^^^^^^^^^
  File "C:\Users\sucha\Downloads\portfolio\portfolio\ml-backend\venv\Lib\site-packages\sklearn\linear_model\_logistic.py", line 1423, in predict_proba
    ovr = self.multi_class in ["ovr", "warn"] or (
          ^^^^^^^^^^^^^^^^
AttributeError: 'LogisticRegression' object has no attribute 'multi_class'
2026-05-24 01:56:48 | INFO | prediction_worker | Processing headline: These special phone and app features can help protect you from spyware
2026-05-24 01:56:48 | ERROR | prediction_worker | Headline processing failed: 'LogisticRegression' object has no attribute 'multi_class'
Traceback (most recent call last):
  File "C:\Users\sucha\Downloads\portfolio\portfolio\ml-backend\workers\prediction_worker.py", line 66, in process_headline
    prediction = predict_sentiment(
                 ^^^^^^^^^^^^^^^^^^
  File "C:\Users\sucha\Downloads\portfolio\portfolio\ml-backend\model.py", line 55, in predict_sentiment
    probabilities = pipeline.predict_proba([cleaned])[0]
                    ^^^^^^^^^^^^^^^^^^^^^^^^^^^^^^^^^
  File "C:\Users\sucha\Downloads\portfolio\portfolio\ml-backend\venv\Lib\site-packages\sklearn\pipeline.py", line 721, in predict_proba
    return self.steps[-1][1].predict_proba(Xt, **params)
           ^^^^^^^^^^^^^^^^^^^^^^^^^^^^^^^^^^^^^^^^^^^^^
  File "C:\Users\sucha\Downloads\portfolio\portfolio\ml-backend\venv\Lib\site-packages\sklearn\linear_model\_logistic.py", line 1423, in predict_proba
    ovr = self.multi_class in ["ovr", "warn"] or (
          ^^^^^^^^^^^^^^^^
AttributeError: 'LogisticRegression' object has no attribute 'multi_class'
2026-05-24 01:56:48 | INFO | prediction_worker | Processing headline: Ferrari is using IBM’s AI to create F1 superfans
2026-05-24 01:56:48 | ERROR | prediction_worker | Headline processing failed: 'LogisticRegression' object has no attribute 'multi_class'
Traceback (most recent call last):
  File "C:\Users\sucha\Downloads\portfolio\portfolio\ml-backend\workers\prediction_worker.py", line 66, in process_headline
    prediction = predict_sentiment(
                 ^^^^^^^^^^^^^^^^^^
  File "C:\Users\sucha\Downloads\portfolio\portfolio\ml-backend\model.py", line 55, in predict_sentiment
    probabilities = pipeline.predict_proba([cleaned])[0]
                    ^^^^^^^^^^^^^^^^^^^^^^^^^^^^^^^^^
  File "C:\Users\sucha\Downloads\portfolio\portfolio\ml-backend\venv\Lib\site-packages\sklearn\pipeline.py", line 721, in predict_proba
    return self.steps[-1][1].predict_proba(Xt, **params)
           ^^^^^^^^^^^^^^^^^^^^^^^^^^^^^^^^^^^^^^^^^^^^^
  File "C:\Users\sucha\Downloads\portfolio\portfolio\ml-backend\venv\Lib\site-packages\sklearn\linear_model\_logistic.py", line 1423, in predict_proba
    ovr = self.multi_class in ["ovr", "warn"] or (
          ^^^^^^^^^^^^^^^^
AttributeError: 'LogisticRegression' object has no attribute 'multi_class'
2026-05-24 01:56:48 | INFO | prediction_worker | Processing headline: Nuclear startup Deep Fission says it’s going public, again, and I have questions
2026-05-24 01:56:48 | ERROR | prediction_worker | Headline processing failed: 'LogisticRegression' object has no attribute 'multi_class'
Traceback (most recent call last):
  File "C:\Users\sucha\Downloads\portfolio\portfolio\ml-backend\workers\prediction_worker.py", line 66, in process_headline
    prediction = predict_sentiment(
                 ^^^^^^^^^^^^^^^^^^
  File "C:\Users\sucha\Downloads\portfolio\portfolio\ml-backend\model.py", line 55, in predict_sentiment
    probabilities = pipeline.predict_proba([cleaned])[0]
                    ^^^^^^^^^^^^^^^^^^^^^^^^^^^^^^^^^
  File "C:\Users\sucha\Downloads\portfolio\portfolio\ml-backend\venv\Lib\site-packages\sklearn\pipeline.py", line 721, in predict_proba
    return self.steps[-1][1].predict_proba(Xt, **params)
           ^^^^^^^^^^^^^^^^^^^^^^^^^^^^^^^^^^^^^^^^^^^^^
  File "C:\Users\sucha\Downloads\portfolio\portfolio\ml-backend\venv\Lib\site-packages\sklearn\linear_model\_logistic.py", line 1423, in predict_proba
    ovr = self.multi_class in ["ovr", "warn"] or (
          ^^^^^^^^^^^^^^^^
AttributeError: 'LogisticRegression' object has no attribute 'multi_class'
2026-05-24 01:56:48 | INFO | prediction_worker | Processing headline: Elon Musk has given up on solar power (on Earth)
2026-05-24 01:56:48 | ERROR | prediction_worker | Headline processing failed: 'LogisticRegression' object has no attribute 'multi_class'
Traceback (most recent call last):
  File "C:\Users\sucha\Downloads\portfolio\portfolio\ml-backend\workers\prediction_worker.py", line 66, in process_headline
    prediction = predict_sentiment(
                 ^^^^^^^^^^^^^^^^^^
  File "C:\Users\sucha\Downloads\portfolio\portfolio\ml-backend\model.py", line 55, in predict_sentiment
    probabilities = pipeline.predict_proba([cleaned])[0]
                    ^^^^^^^^^^^^^^^^^^^^^^^^^^^^^^^^^
  File "C:\Users\sucha\Downloads\portfolio\portfolio\ml-backend\venv\Lib\site-packages\sklearn\pipeline.py", line 721, in predict_proba
    return self.steps[-1][1].predict_proba(Xt, **params)
           ^^^^^^^^^^^^^^^^^^^^^^^^^^^^^^^^^^^^^^^^^^^^^
  File "C:\Users\sucha\Downloads\portfolio\portfolio\ml-backend\venv\Lib\site-packages\sklearn\linear_model\_logistic.py", line 1423, in predict_proba
    ovr = self.multi_class in ["ovr", "warn"] or (
          ^^^^^^^^^^^^^^^^
AttributeError: 'LogisticRegression' object has no attribute 'multi_class'
2026-05-24 01:56:48 | INFO | prediction_worker | Processing headline: Peec, one of Berlin’s rising startups, more than doubled annualized revenue in m
2026-05-24 01:56:48 | ERROR | prediction_worker | Headline processing failed: 'LogisticRegression' object has no attribute 'multi_class'
Traceback (most recent call last):
  File "C:\Users\sucha\Downloads\portfolio\portfolio\ml-backend\workers\prediction_worker.py", line 66, in process_headline
    prediction = predict_sentiment(
                 ^^^^^^^^^^^^^^^^^^
  File "C:\Users\sucha\Downloads\portfolio\portfolio\ml-backend\model.py", line 55, in predict_sentiment
    probabilities = pipeline.predict_proba([cleaned])[0]
                    ^^^^^^^^^^^^^^^^^^^^^^^^^^^^^^^^^
  File "C:\Users\sucha\Downloads\portfolio\portfolio\ml-backend\venv\Lib\site-packages\sklearn\pipeline.py", line 721, in predict_proba
    return self.steps[-1][1].predict_proba(Xt, **params)
           ^^^^^^^^^^^^^^^^^^^^^^^^^^^^^^^^^^^^^^^^^^^^^
  File "C:\Users\sucha\Downloads\portfolio\portfolio\ml-backend\venv\Lib\site-packages\sklearn\linear_model\_logistic.py", line 1423, in predict_proba
    ovr = self.multi_class in ["ovr", "warn"] or (
          ^^^^^^^^^^^^^^^^
AttributeError: 'LogisticRegression' object has no attribute 'multi_class'
2026-05-24 01:56:48 | INFO | prediction_worker | Processing headline: AI is being used to resurrect the voices of dead pilots
2026-05-24 01:56:48 | ERROR | prediction_worker | Headline processing failed: 'LogisticRegression' object has no attribute 'multi_class'
Traceback (most recent call last):
  File "C:\Users\sucha\Downloads\portfolio\portfolio\ml-backend\workers\prediction_worker.py", line 66, in process_headline
    prediction = predict_sentiment(
                 ^^^^^^^^^^^^^^^^^^
  File "C:\Users\sucha\Downloads\portfolio\portfolio\ml-backend\model.py", line 55, in predict_sentiment
    probabilities = pipeline.predict_proba([cleaned])[0]
                    ^^^^^^^^^^^^^^^^^^^^^^^^^^^^^^^^^
  File "C:\Users\sucha\Downloads\portfolio\portfolio\ml-backend\venv\Lib\site-packages\sklearn\pipeline.py", line 721, in predict_proba
    return self.steps[-1][1].predict_proba(Xt, **params)
           ^^^^^^^^^^^^^^^^^^^^^^^^^^^^^^^^^^^^^^^^^^^^^
  File "C:\Users\sucha\Downloads\portfolio\portfolio\ml-backend\venv\Lib\site-packages\sklearn\linear_model\_logistic.py", line 1423, in predict_proba
    ovr = self.multi_class in ["ovr", "warn"] or (
          ^^^^^^^^^^^^^^^^
AttributeError: 'LogisticRegression' object has no attribute 'multi_class'
2026-05-24 01:56:48 | INFO | prediction_worker | Processing headline: SpaceX launches Starship V3 for the first time, but loses booster on return
2026-05-24 01:56:48 | ERROR | prediction_worker | Headline processing failed: 'LogisticRegression' object has no attribute 'multi_class'
Traceback (most recent call last):
  File "C:\Users\sucha\Downloads\portfolio\portfolio\ml-backend\workers\prediction_worker.py", line 66, in process_headline
    prediction = predict_sentiment(
                 ^^^^^^^^^^^^^^^^^^
  File "C:\Users\sucha\Downloads\portfolio\portfolio\ml-backend\model.py", line 55, in predict_sentiment
    probabilities = pipeline.predict_proba([cleaned])[0]
                    ^^^^^^^^^^^^^^^^^^^^^^^^^^^^^^^^^
  File "C:\Users\sucha\Downloads\portfolio\portfolio\ml-backend\venv\Lib\site-packages\sklearn\pipeline.py", line 721, in predict_proba
    return self.steps[-1][1].predict_proba(Xt, **params)
           ^^^^^^^^^^^^^^^^^^^^^^^^^^^^^^^^^^^^^^^^^^^^^
  File "C:\Users\sucha\Downloads\portfolio\portfolio\ml-backend\venv\Lib\site-packages\sklearn\linear_model\_logistic.py", line 1423, in predict_proba
    ovr = self.multi_class in ["ovr", "warn"] or (
          ^^^^^^^^^^^^^^^^
AttributeError: 'LogisticRegression' object has no attribute 'multi_class'
2026-05-24 01:56:48 | INFO | prediction_worker | Processing headline: Blue Origin cleared to fly New Glenn mega-rocket after April mishap
2026-05-24 01:56:48 | ERROR | prediction_worker | Headline processing failed: 'LogisticRegression' object has no attribute 'multi_class'
Traceback (most recent call last):
  File "C:\Users\sucha\Downloads\portfolio\portfolio\ml-backend\workers\prediction_worker.py", line 66, in process_headline
    prediction = predict_sentiment(
                 ^^^^^^^^^^^^^^^^^^
  File "C:\Users\sucha\Downloads\portfolio\portfolio\ml-backend\model.py", line 55, in predict_sentiment
    probabilities = pipeline.predict_proba([cleaned])[0]
                    ^^^^^^^^^^^^^^^^^^^^^^^^^^^^^^^^^
  File "C:\Users\sucha\Downloads\portfolio\portfolio\ml-backend\venv\Lib\site-packages\sklearn\pipeline.py", line 721, in predict_proba
    return self.steps[-1][1].predict_proba(Xt, **params)
           ^^^^^^^^^^^^^^^^^^^^^^^^^^^^^^^^^^^^^^^^^^^^^
  File "C:\Users\sucha\Downloads\portfolio\portfolio\ml-backend\venv\Lib\site-packages\sklearn\linear_model\_logistic.py", line 1423, in predict_proba
    ovr = self.multi_class in ["ovr", "warn"] or (
          ^^^^^^^^^^^^^^^^
AttributeError: 'LogisticRegression' object has no attribute 'multi_class'
2026-05-24 01:56:48 | INFO | prediction_worker | Processing headline: Google goes for the glitter with disco-ball icons: ‘Are y’all sure you still wan
2026-05-24 01:56:48 | ERROR | prediction_worker | Headline processing failed: 'LogisticRegression' object has no attribute 'multi_class'
Traceback (most recent call last):
  File "C:\Users\sucha\Downloads\portfolio\portfolio\ml-backend\workers\prediction_worker.py", line 66, in process_headline
    prediction = predict_sentiment(
                 ^^^^^^^^^^^^^^^^^^
  File "C:\Users\sucha\Downloads\portfolio\portfolio\ml-backend\model.py", line 55, in predict_sentiment
    probabilities = pipeline.predict_proba([cleaned])[0]
                    ^^^^^^^^^^^^^^^^^^^^^^^^^^^^^^^^^
  File "C:\Users\sucha\Downloads\portfolio\portfolio\ml-backend\venv\Lib\site-packages\sklearn\pipeline.py", line 721, in predict_proba
    return self.steps[-1][1].predict_proba(Xt, **params)
           ^^^^^^^^^^^^^^^^^^^^^^^^^^^^^^^^^^^^^^^^^^^^^
  File "C:\Users\sucha\Downloads\portfolio\portfolio\ml-backend\venv\Lib\site-packages\sklearn\linear_model\_logistic.py", line 1423, in predict_proba
    ovr = self.multi_class in ["ovr", "warn"] or (
          ^^^^^^^^^^^^^^^^
AttributeError: 'LogisticRegression' object has no attribute 'multi_class'
2026-05-24 01:56:48 | INFO | prediction_worker | Processing headline: The man behind the legendary MPC, Roger Linn, stays focused with a single browse
2026-05-24 01:56:48 | ERROR | prediction_worker | Headline processing failed: 'LogisticRegression' object has no attribute 'multi_class'
Traceback (most recent call last):
  File "C:\Users\sucha\Downloads\portfolio\portfolio\ml-backend\workers\prediction_worker.py", line 66, in process_headline
    prediction = predict_sentiment(
                 ^^^^^^^^^^^^^^^^^^
  File "C:\Users\sucha\Downloads\portfolio\portfolio\ml-backend\model.py", line 55, in predict_sentiment
    probabilities = pipeline.predict_proba([cleaned])[0]
                    ^^^^^^^^^^^^^^^^^^^^^^^^^^^^^^^^^
  File "C:\Users\sucha\Downloads\portfolio\portfolio\ml-backend\venv\Lib\site-packages\sklearn\pipeline.py", line 721, in predict_proba
    return self.steps[-1][1].predict_proba(Xt, **params)
           ^^^^^^^^^^^^^^^^^^^^^^^^^^^^^^^^^^^^^^^^^^^^^
  File "C:\Users\sucha\Downloads\portfolio\portfolio\ml-backend\venv\Lib\site-packages\sklearn\linear_model\_logistic.py", line 1423, in predict_proba
    ovr = self.multi_class in ["ovr", "warn"] or (
          ^^^^^^^^^^^^^^^^
AttributeError: 'LogisticRegression' object has no attribute 'multi_class'
2026-05-24 01:56:48 | INFO | prediction_worker | Processing headline: Here are 38 Memorial Day deals we recommend for $50 or less
2026-05-24 01:56:48 | ERROR | prediction_worker | Headline processing failed: 'LogisticRegression' object has no attribute 'multi_class'
Traceback (most recent call last):
  File "C:\Users\sucha\Downloads\portfolio\portfolio\ml-backend\workers\prediction_worker.py", line 66, in process_headline
    prediction = predict_sentiment(
                 ^^^^^^^^^^^^^^^^^^
  File "C:\Users\sucha\Downloads\portfolio\portfolio\ml-backend\model.py", line 55, in predict_sentiment
    probabilities = pipeline.predict_proba([cleaned])[0]
                    ^^^^^^^^^^^^^^^^^^^^^^^^^^^^^^^^^
  File "C:\Users\sucha\Downloads\portfolio\portfolio\ml-backend\venv\Lib\site-packages\sklearn\pipeline.py", line 721, in predict_proba
    return self.steps[-1][1].predict_proba(Xt, **params)
           ^^^^^^^^^^^^^^^^^^^^^^^^^^^^^^^^^^^^^^^^^^^^^
  File "C:\Users\sucha\Downloads\portfolio\portfolio\ml-backend\venv\Lib\site-packages\sklearn\linear_model\_logistic.py", line 1423, in predict_proba
    ovr = self.multi_class in ["ovr", "warn"] or (
          ^^^^^^^^^^^^^^^^
AttributeError: 'LogisticRegression' object has no attribute 'multi_class'
2026-05-24 01:56:48 | INFO | prediction_worker | Processing headline: Hanging out in my favorite virtual coffee shop in Tokyo
2026-05-24 01:56:48 | ERROR | prediction_worker | Headline processing failed: 'LogisticRegression' object has no attribute 'multi_class'
Traceback (most recent call last):
  File "C:\Users\sucha\Downloads\portfolio\portfolio\ml-backend\workers\prediction_worker.py", line 66, in process_headline
    prediction = predict_sentiment(
                 ^^^^^^^^^^^^^^^^^^
  File "C:\Users\sucha\Downloads\portfolio\portfolio\ml-backend\model.py", line 55, in predict_sentiment
    probabilities = pipeline.predict_proba([cleaned])[0]
                    ^^^^^^^^^^^^^^^^^^^^^^^^^^^^^^^^^
  File "C:\Users\sucha\Downloads\portfolio\portfolio\ml-backend\venv\Lib\site-packages\sklearn\pipeline.py", line 721, in predict_proba
    return self.steps[-1][1].predict_proba(Xt, **params)
           ^^^^^^^^^^^^^^^^^^^^^^^^^^^^^^^^^^^^^^^^^^^^^
  File "C:\Users\sucha\Downloads\portfolio\portfolio\ml-backend\venv\Lib\site-packages\sklearn\linear_model\_logistic.py", line 1423, in predict_proba
    ovr = self.multi_class in ["ovr", "warn"] or (
          ^^^^^^^^^^^^^^^^
AttributeError: 'LogisticRegression' object has no attribute 'multi_class'
2026-05-24 01:56:48 | INFO | prediction_worker | Processing headline: I have a new go-to browser
2026-05-24 01:56:48 | ERROR | prediction_worker | Headline processing failed: 'LogisticRegression' object has no attribute 'multi_class'
Traceback (most recent call last):
  File "C:\Users\sucha\Downloads\portfolio\portfolio\ml-backend\workers\prediction_worker.py", line 66, in process_headline
    prediction = predict_sentiment(
                 ^^^^^^^^^^^^^^^^^^
  File "C:\Users\sucha\Downloads\portfolio\portfolio\ml-backend\model.py", line 55, in predict_sentiment
    probabilities = pipeline.predict_proba([cleaned])[0]
                    ^^^^^^^^^^^^^^^^^^^^^^^^^^^^^^^^^
  File "C:\Users\sucha\Downloads\portfolio\portfolio\ml-backend\venv\Lib\site-packages\sklearn\pipeline.py", line 721, in predict_proba
    return self.steps[-1][1].predict_proba(Xt, **params)
           ^^^^^^^^^^^^^^^^^^^^^^^^^^^^^^^^^^^^^^^^^^^^^
  File "C:\Users\sucha\Downloads\portfolio\portfolio\ml-backend\venv\Lib\site-packages\sklearn\linear_model\_logistic.py", line 1423, in predict_proba
    ovr = self.multi_class in ["ovr", "warn"] or (
          ^^^^^^^^^^^^^^^^
AttributeError: 'LogisticRegression' object has no attribute 'multi_class'
2026-05-24 01:56:48 | INFO | prediction_worker | Processing headline: Google’s new anything-to-anything AI model is wild
2026-05-24 01:56:48 | ERROR | prediction_worker | Headline processing failed: 'LogisticRegression' object has no attribute 'multi_class'
Traceback (most recent call last):
  File "C:\Users\sucha\Downloads\portfolio\portfolio\ml-backend\workers\prediction_worker.py", line 66, in process_headline
    prediction = predict_sentiment(
                 ^^^^^^^^^^^^^^^^^^
  File "C:\Users\sucha\Downloads\portfolio\portfolio\ml-backend\model.py", line 55, in predict_sentiment
    probabilities = pipeline.predict_proba([cleaned])[0]
                    ^^^^^^^^^^^^^^^^^^^^^^^^^^^^^^^^^
  File "C:\Users\sucha\Downloads\portfolio\portfolio\ml-backend\venv\Lib\site-packages\sklearn\pipeline.py", line 721, in predict_proba
    return self.steps[-1][1].predict_proba(Xt, **params)
           ^^^^^^^^^^^^^^^^^^^^^^^^^^^^^^^^^^^^^^^^^^^^^
  File "C:\Users\sucha\Downloads\portfolio\portfolio\ml-backend\venv\Lib\site-packages\sklearn\linear_model\_logistic.py", line 1423, in predict_proba
    ovr = self.multi_class in ["ovr", "warn"] or (
          ^^^^^^^^^^^^^^^^
AttributeError: 'LogisticRegression' object has no attribute 'multi_class'
2026-05-24 01:56:48 | INFO | prediction_worker | Processing headline: Google&#8217;s AI search is so broken it can &#8216;disregard&#8217; what you&#8
2026-05-24 01:56:48 | ERROR | prediction_worker | Headline processing failed: 'LogisticRegression' object has no attribute 'multi_class'
Traceback (most recent call last):
  File "C:\Users\sucha\Downloads\portfolio\portfolio\ml-backend\workers\prediction_worker.py", line 66, in process_headline
    prediction = predict_sentiment(
                 ^^^^^^^^^^^^^^^^^^
  File "C:\Users\sucha\Downloads\portfolio\portfolio\ml-backend\model.py", line 55, in predict_sentiment
    probabilities = pipeline.predict_proba([cleaned])[0]
                    ^^^^^^^^^^^^^^^^^^^^^^^^^^^^^^^^^
  File "C:\Users\sucha\Downloads\portfolio\portfolio\ml-backend\venv\Lib\site-packages\sklearn\pipeline.py", line 721, in predict_proba
    return self.steps[-1][1].predict_proba(Xt, **params)
           ^^^^^^^^^^^^^^^^^^^^^^^^^^^^^^^^^^^^^^^^^^^^^
  File "C:\Users\sucha\Downloads\portfolio\portfolio\ml-backend\venv\Lib\site-packages\sklearn\linear_model\_logistic.py", line 1423, in predict_proba
    ovr = self.multi_class in ["ovr", "warn"] or (
          ^^^^^^^^^^^^^^^^
AttributeError: 'LogisticRegression' object has no attribute 'multi_class'
2026-05-24 01:56:48 | INFO | prediction_worker | Processing headline: Twelve South’s AirFly Pro 2 has hit one of its best prices ahead of summer trave
2026-05-24 01:56:48 | ERROR | prediction_worker | Headline processing failed: 'LogisticRegression' object has no attribute 'multi_class'
Traceback (most recent call last):
  File "C:\Users\sucha\Downloads\portfolio\portfolio\ml-backend\workers\prediction_worker.py", line 66, in process_headline
    prediction = predict_sentiment(
                 ^^^^^^^^^^^^^^^^^^
  File "C:\Users\sucha\Downloads\portfolio\portfolio\ml-backend\model.py", line 55, in predict_sentiment
    probabilities = pipeline.predict_proba([cleaned])[0]
                    ^^^^^^^^^^^^^^^^^^^^^^^^^^^^^^^^^
  File "C:\Users\sucha\Downloads\portfolio\portfolio\ml-backend\venv\Lib\site-packages\sklearn\pipeline.py", line 721, in predict_proba
    return self.steps[-1][1].predict_proba(Xt, **params)
           ^^^^^^^^^^^^^^^^^^^^^^^^^^^^^^^^^^^^^^^^^^^^^
  File "C:\Users\sucha\Downloads\portfolio\portfolio\ml-backend\venv\Lib\site-packages\sklearn\linear_model\_logistic.py", line 1423, in predict_proba
    ovr = self.multi_class in ["ovr", "warn"] or (
          ^^^^^^^^^^^^^^^^
AttributeError: 'LogisticRegression' object has no attribute 'multi_class'
2026-05-24 01:56:49 | INFO | prediction_worker | Processing headline: Meta’s Forum is part Reddit, part Facebook, and part Google AI Overview
2026-05-24 01:56:49 | ERROR | prediction_worker | Headline processing failed: 'LogisticRegression' object has no attribute 'multi_class'
Traceback (most recent call last):
  File "C:\Users\sucha\Downloads\portfolio\portfolio\ml-backend\workers\prediction_worker.py", line 66, in process_headline
    prediction = predict_sentiment(
                 ^^^^^^^^^^^^^^^^^^
  File "C:\Users\sucha\Downloads\portfolio\portfolio\ml-backend\model.py", line 55, in predict_sentiment
    probabilities = pipeline.predict_proba([cleaned])[0]
                    ^^^^^^^^^^^^^^^^^^^^^^^^^^^^^^^^^
  File "C:\Users\sucha\Downloads\portfolio\portfolio\ml-backend\venv\Lib\site-packages\sklearn\pipeline.py", line 721, in predict_proba
    return self.steps[-1][1].predict_proba(Xt, **params)
           ^^^^^^^^^^^^^^^^^^^^^^^^^^^^^^^^^^^^^^^^^^^^^
  File "C:\Users\sucha\Downloads\portfolio\portfolio\ml-backend\venv\Lib\site-packages\sklearn\linear_model\_logistic.py", line 1423, in predict_proba
    ovr = self.multi_class in ["ovr", "warn"] or (
          ^^^^^^^^^^^^^^^^
AttributeError: 'LogisticRegression' object has no attribute 'multi_class'
2026-05-24 01:56:49 | INFO | prediction_worker | Processing headline: Elon, stop trying to make Grok happen
2026-05-24 01:56:49 | ERROR | prediction_worker | Headline processing failed: 'LogisticRegression' object has no attribute 'multi_class'
Traceback (most recent call last):
  File "C:\Users\sucha\Downloads\portfolio\portfolio\ml-backend\workers\prediction_worker.py", line 66, in process_headline
    prediction = predict_sentiment(
                 ^^^^^^^^^^^^^^^^^^
  File "C:\Users\sucha\Downloads\portfolio\portfolio\ml-backend\model.py", line 55, in predict_sentiment
    probabilities = pipeline.predict_proba([cleaned])[0]
                    ^^^^^^^^^^^^^^^^^^^^^^^^^^^^^^^^^
  File "C:\Users\sucha\Downloads\portfolio\portfolio\ml-backend\venv\Lib\site-packages\sklearn\pipeline.py", line 721, in predict_proba
    return self.steps[-1][1].predict_proba(Xt, **params)
           ^^^^^^^^^^^^^^^^^^^^^^^^^^^^^^^^^^^^^^^^^^^^^
  File "C:\Users\sucha\Downloads\portfolio\portfolio\ml-backend\venv\Lib\site-packages\sklearn\linear_model\_logistic.py", line 1423, in predict_proba
    ovr = self.multi_class in ["ovr", "warn"] or (
          ^^^^^^^^^^^^^^^^
AttributeError: 'LogisticRegression' object has no attribute 'multi_class'
2026-05-24 01:56:49 | INFO | prediction_worker | Processing headline: The best Memorial Day sales you can shop this weekend
2026-05-24 01:56:49 | ERROR | prediction_worker | Headline processing failed: 'LogisticRegression' object has no attribute 'multi_class'
Traceback (most recent call last):
  File "C:\Users\sucha\Downloads\portfolio\portfolio\ml-backend\workers\prediction_worker.py", line 66, in process_headline
    prediction = predict_sentiment(
                 ^^^^^^^^^^^^^^^^^^
  File "C:\Users\sucha\Downloads\portfolio\portfolio\ml-backend\model.py", line 55, in predict_sentiment
    probabilities = pipeline.predict_proba([cleaned])[0]
                    ^^^^^^^^^^^^^^^^^^^^^^^^^^^^^^^^^
  File "C:\Users\sucha\Downloads\portfolio\portfolio\ml-backend\venv\Lib\site-packages\sklearn\pipeline.py", line 721, in predict_proba
    return self.steps[-1][1].predict_proba(Xt, **params)
           ^^^^^^^^^^^^^^^^^^^^^^^^^^^^^^^^^^^^^^^^^^^^^
  File "C:\Users\sucha\Downloads\portfolio\portfolio\ml-backend\venv\Lib\site-packages\sklearn\linear_model\_logistic.py", line 1423, in predict_proba
    ovr = self.multi_class in ["ovr", "warn"] or (
          ^^^^^^^^^^^^^^^^
AttributeError: 'LogisticRegression' object has no attribute 'multi_class'
2026-05-24 01:56:49 | INFO | prediction_worker | Processing headline: Best Power Banks (2026): My Picks After Testing Over 100
2026-05-24 01:56:49 | ERROR | prediction_worker | Headline processing failed: 'LogisticRegression' object has no attribute 'multi_class'
Traceback (most recent call last):
  File "C:\Users\sucha\Downloads\portfolio\portfolio\ml-backend\workers\prediction_worker.py", line 66, in process_headline
    prediction = predict_sentiment(
                 ^^^^^^^^^^^^^^^^^^
  File "C:\Users\sucha\Downloads\portfolio\portfolio\ml-backend\model.py", line 55, in predict_sentiment
    probabilities = pipeline.predict_proba([cleaned])[0]
                    ^^^^^^^^^^^^^^^^^^^^^^^^^^^^^^^^^
  File "C:\Users\sucha\Downloads\portfolio\portfolio\ml-backend\venv\Lib\site-packages\sklearn\pipeline.py", line 721, in predict_proba
    return self.steps[-1][1].predict_proba(Xt, **params)
           ^^^^^^^^^^^^^^^^^^^^^^^^^^^^^^^^^^^^^^^^^^^^^
  File "C:\Users\sucha\Downloads\portfolio\portfolio\ml-backend\venv\Lib\site-packages\sklearn\linear_model\_logistic.py", line 1423, in predict_proba
    ovr = self.multi_class in ["ovr", "warn"] or (
          ^^^^^^^^^^^^^^^^
AttributeError: 'LogisticRegression' object has no attribute 'multi_class'
2026-05-24 01:56:49 | INFO | prediction_worker | Processing headline: Memorial Day Dyson Vacuum Deals: V15 Detect, Gen5Detect, PencilVac On Sale
2026-05-24 01:56:49 | ERROR | prediction_worker | Headline processing failed: 'LogisticRegression' object has no attribute 'multi_class'
Traceback (most recent call last):
  File "C:\Users\sucha\Downloads\portfolio\portfolio\ml-backend\workers\prediction_worker.py", line 66, in process_headline
    prediction = predict_sentiment(
                 ^^^^^^^^^^^^^^^^^^
  File "C:\Users\sucha\Downloads\portfolio\portfolio\ml-backend\model.py", line 55, in predict_sentiment
    probabilities = pipeline.predict_proba([cleaned])[0]
                    ^^^^^^^^^^^^^^^^^^^^^^^^^^^^^^^^^
  File "C:\Users\sucha\Downloads\portfolio\portfolio\ml-backend\venv\Lib\site-packages\sklearn\pipeline.py", line 721, in predict_proba
    return self.steps[-1][1].predict_proba(Xt, **params)
           ^^^^^^^^^^^^^^^^^^^^^^^^^^^^^^^^^^^^^^^^^^^^^
  File "C:\Users\sucha\Downloads\portfolio\portfolio\ml-backend\venv\Lib\site-packages\sklearn\linear_model\_logistic.py", line 1423, in predict_proba
    ovr = self.multi_class in ["ovr", "warn"] or (
          ^^^^^^^^^^^^^^^^
AttributeError: 'LogisticRegression' object has no attribute 'multi_class'
2026-05-24 01:56:49 | INFO | prediction_worker | Processing headline: L.L.Bean's Zip Hunter's Tote Is the Only Carryall You Need
2026-05-24 01:56:49 | ERROR | prediction_worker | Headline processing failed: 'LogisticRegression' object has no attribute 'multi_class'
Traceback (most recent call last):
  File "C:\Users\sucha\Downloads\portfolio\portfolio\ml-backend\workers\prediction_worker.py", line 66, in process_headline
    prediction = predict_sentiment(
                 ^^^^^^^^^^^^^^^^^^
  File "C:\Users\sucha\Downloads\portfolio\portfolio\ml-backend\model.py", line 55, in predict_sentiment
    probabilities = pipeline.predict_proba([cleaned])[0]
                    ^^^^^^^^^^^^^^^^^^^^^^^^^^^^^^^^^
  File "C:\Users\sucha\Downloads\portfolio\portfolio\ml-backend\venv\Lib\site-packages\sklearn\pipeline.py", line 721, in predict_proba
    return self.steps[-1][1].predict_proba(Xt, **params)
           ^^^^^^^^^^^^^^^^^^^^^^^^^^^^^^^^^^^^^^^^^^^^^
  File "C:\Users\sucha\Downloads\portfolio\portfolio\ml-backend\venv\Lib\site-packages\sklearn\linear_model\_logistic.py", line 1423, in predict_proba
    ovr = self.multi_class in ["ovr", "warn"] or (
          ^^^^^^^^^^^^^^^^
AttributeError: 'LogisticRegression' object has no attribute 'multi_class'
2026-05-24 01:56:49 | INFO | prediction_worker | Processing headline: Quantum ‘Jamming’ Could Help Unlock the Mysteries of Causality
2026-05-24 01:56:49 | ERROR | prediction_worker | Headline processing failed: 'LogisticRegression' object has no attribute 'multi_class'
Traceback (most recent call last):
  File "C:\Users\sucha\Downloads\portfolio\portfolio\ml-backend\workers\prediction_worker.py", line 66, in process_headline
    prediction = predict_sentiment(
                 ^^^^^^^^^^^^^^^^^^
  File "C:\Users\sucha\Downloads\portfolio\portfolio\ml-backend\model.py", line 55, in predict_sentiment
    probabilities = pipeline.predict_proba([cleaned])[0]
                    ^^^^^^^^^^^^^^^^^^^^^^^^^^^^^^^^^
  File "C:\Users\sucha\Downloads\portfolio\portfolio\ml-backend\venv\Lib\site-packages\sklearn\pipeline.py", line 721, in predict_proba
    return self.steps[-1][1].predict_proba(Xt, **params)
           ^^^^^^^^^^^^^^^^^^^^^^^^^^^^^^^^^^^^^^^^^^^^^
  File "C:\Users\sucha\Downloads\portfolio\portfolio\ml-backend\venv\Lib\site-packages\sklearn\linear_model\_logistic.py", line 1423, in predict_proba
    ovr = self.multi_class in ["ovr", "warn"] or (
          ^^^^^^^^^^^^^^^^
AttributeError: 'LogisticRegression' object has no attribute 'multi_class'
2026-05-24 01:56:49 | INFO | prediction_worker | Processing headline: The Best Smart Sprinklers and Irrigation Systems: In-Ground Sprinklers, Hose Tim
2026-05-24 01:56:49 | ERROR | prediction_worker | Headline processing failed: 'LogisticRegression' object has no attribute 'multi_class'
Traceback (most recent call last):
  File "C:\Users\sucha\Downloads\portfolio\portfolio\ml-backend\workers\prediction_worker.py", line 66, in process_headline
    prediction = predict_sentiment(
                 ^^^^^^^^^^^^^^^^^^
  File "C:\Users\sucha\Downloads\portfolio\portfolio\ml-backend\model.py", line 55, in predict_sentiment
    probabilities = pipeline.predict_proba([cleaned])[0]
                    ^^^^^^^^^^^^^^^^^^^^^^^^^^^^^^^^^
  File "C:\Users\sucha\Downloads\portfolio\portfolio\ml-backend\venv\Lib\site-packages\sklearn\pipeline.py", line 721, in predict_proba
    return self.steps[-1][1].predict_proba(Xt, **params)
           ^^^^^^^^^^^^^^^^^^^^^^^^^^^^^^^^^^^^^^^^^^^^^
  File "C:\Users\sucha\Downloads\portfolio\portfolio\ml-backend\venv\Lib\site-packages\sklearn\linear_model\_logistic.py", line 1423, in predict_proba
    ovr = self.multi_class in ["ovr", "warn"] or (
          ^^^^^^^^^^^^^^^^
AttributeError: 'LogisticRegression' object has no attribute 'multi_class'
2026-05-24 01:56:49 | INFO | prediction_worker | Processing headline: The FBI Wants ‘Near Real-Time’ Access to US License Plate Readers
2026-05-24 01:56:49 | ERROR | prediction_worker | Headline processing failed: 'LogisticRegression' object has no attribute 'multi_class'
Traceback (most recent call last):
  File "C:\Users\sucha\Downloads\portfolio\portfolio\ml-backend\workers\prediction_worker.py", line 66, in process_headline
    prediction = predict_sentiment(
                 ^^^^^^^^^^^^^^^^^^
  File "C:\Users\sucha\Downloads\portfolio\portfolio\ml-backend\model.py", line 55, in predict_sentiment
    probabilities = pipeline.predict_proba([cleaned])[0]
                    ^^^^^^^^^^^^^^^^^^^^^^^^^^^^^^^^^
  File "C:\Users\sucha\Downloads\portfolio\portfolio\ml-backend\venv\Lib\site-packages\sklearn\pipeline.py", line 721, in predict_proba
    return self.steps[-1][1].predict_proba(Xt, **params)
           ^^^^^^^^^^^^^^^^^^^^^^^^^^^^^^^^^^^^^^^^^^^^^
  File "C:\Users\sucha\Downloads\portfolio\portfolio\ml-backend\venv\Lib\site-packages\sklearn\linear_model\_logistic.py", line 1423, in predict_proba
    ovr = self.multi_class in ["ovr", "warn"] or (
          ^^^^^^^^^^^^^^^^
AttributeError: 'LogisticRegression' object has no attribute 'multi_class'
2026-05-24 01:56:49 | INFO | prediction_worker | Processing headline: Cosmic Voids May Contain the Universe’s Best Secrets
2026-05-24 01:56:49 | ERROR | prediction_worker | Headline processing failed: 'LogisticRegression' object has no attribute 'multi_class'
Traceback (most recent call last):
  File "C:\Users\sucha\Downloads\portfolio\portfolio\ml-backend\workers\prediction_worker.py", line 66, in process_headline
    prediction = predict_sentiment(
                 ^^^^^^^^^^^^^^^^^^
  File "C:\Users\sucha\Downloads\portfolio\portfolio\ml-backend\model.py", line 55, in predict_sentiment
    probabilities = pipeline.predict_proba([cleaned])[0]
                    ^^^^^^^^^^^^^^^^^^^^^^^^^^^^^^^^^
  File "C:\Users\sucha\Downloads\portfolio\portfolio\ml-backend\venv\Lib\site-packages\sklearn\pipeline.py", line 721, in predict_proba
    return self.steps[-1][1].predict_proba(Xt, **params)
           ^^^^^^^^^^^^^^^^^^^^^^^^^^^^^^^^^^^^^^^^^^^^^
  File "C:\Users\sucha\Downloads\portfolio\portfolio\ml-backend\venv\Lib\site-packages\sklearn\linear_model\_logistic.py", line 1423, in predict_proba
    ovr = self.multi_class in ["ovr", "warn"] or (
          ^^^^^^^^^^^^^^^^
AttributeError: 'LogisticRegression' object has no attribute 'multi_class'
2026-05-24 01:56:49 | INFO | prediction_worker | Processing headline: Best Memorial Day Deals: Garmin, Birdfy, Branch (2026)
2026-05-24 01:56:49 | ERROR | prediction_worker | Headline processing failed: 'LogisticRegression' object has no attribute 'multi_class'
Traceback (most recent call last):
  File "C:\Users\sucha\Downloads\portfolio\portfolio\ml-backend\workers\prediction_worker.py", line 66, in process_headline
    prediction = predict_sentiment(
                 ^^^^^^^^^^^^^^^^^^
  File "C:\Users\sucha\Downloads\portfolio\portfolio\ml-backend\model.py", line 55, in predict_sentiment
    probabilities = pipeline.predict_proba([cleaned])[0]
                    ^^^^^^^^^^^^^^^^^^^^^^^^^^^^^^^^^
  File "C:\Users\sucha\Downloads\portfolio\portfolio\ml-backend\venv\Lib\site-packages\sklearn\pipeline.py", line 721, in predict_proba
    return self.steps[-1][1].predict_proba(Xt, **params)
           ^^^^^^^^^^^^^^^^^^^^^^^^^^^^^^^^^^^^^^^^^^^^^
  File "C:\Users\sucha\Downloads\portfolio\portfolio\ml-backend\venv\Lib\site-packages\sklearn\linear_model\_logistic.py", line 1423, in predict_proba
    ovr = self.multi_class in ["ovr", "warn"] or (
          ^^^^^^^^^^^^^^^^
AttributeError: 'LogisticRegression' object has no attribute 'multi_class'
2026-05-24 01:56:49 | INFO | prediction_worker | Processing headline: A 'Golden Orb' on the Ocean Floor Came From a Mysterious Animal
2026-05-24 01:56:49 | ERROR | prediction_worker | Headline processing failed: 'LogisticRegression' object has no attribute 'multi_class'
Traceback (most recent call last):
  File "C:\Users\sucha\Downloads\portfolio\portfolio\ml-backend\workers\prediction_worker.py", line 66, in process_headline
    prediction = predict_sentiment(
                 ^^^^^^^^^^^^^^^^^^
  File "C:\Users\sucha\Downloads\portfolio\portfolio\ml-backend\model.py", line 55, in predict_sentiment
    probabilities = pipeline.predict_proba([cleaned])[0]
                    ^^^^^^^^^^^^^^^^^^^^^^^^^^^^^^^^^
  File "C:\Users\sucha\Downloads\portfolio\portfolio\ml-backend\venv\Lib\site-packages\sklearn\pipeline.py", line 721, in predict_proba
    return self.steps[-1][1].predict_proba(Xt, **params)
           ^^^^^^^^^^^^^^^^^^^^^^^^^^^^^^^^^^^^^^^^^^^^^
  File "C:\Users\sucha\Downloads\portfolio\portfolio\ml-backend\venv\Lib\site-packages\sklearn\linear_model\_logistic.py", line 1423, in predict_proba
    ovr = self.multi_class in ["ovr", "warn"] or (
          ^^^^^^^^^^^^^^^^
AttributeError: 'LogisticRegression' object has no attribute 'multi_class'
2026-05-24 01:56:49 | INFO | prediction_worker | Processing headline: All Vehicles Sold in the EU Must Be Able to Hook Up to a Breathalyzer
2026-05-24 01:56:49 | ERROR | prediction_worker | Headline processing failed: 'LogisticRegression' object has no attribute 'multi_class'
Traceback (most recent call last):
  File "C:\Users\sucha\Downloads\portfolio\portfolio\ml-backend\workers\prediction_worker.py", line 66, in process_headline
    prediction = predict_sentiment(
                 ^^^^^^^^^^^^^^^^^^
  File "C:\Users\sucha\Downloads\portfolio\portfolio\ml-backend\model.py", line 55, in predict_sentiment
    probabilities = pipeline.predict_proba([cleaned])[0]
                    ^^^^^^^^^^^^^^^^^^^^^^^^^^^^^^^^^
  File "C:\Users\sucha\Downloads\portfolio\portfolio\ml-backend\venv\Lib\site-packages\sklearn\pipeline.py", line 721, in predict_proba
    return self.steps[-1][1].predict_proba(Xt, **params)
           ^^^^^^^^^^^^^^^^^^^^^^^^^^^^^^^^^^^^^^^^^^^^^
  File "C:\Users\sucha\Downloads\portfolio\portfolio\ml-backend\venv\Lib\site-packages\sklearn\linear_model\_logistic.py", line 1423, in predict_proba
    ovr = self.multi_class in ["ovr", "warn"] or (
          ^^^^^^^^^^^^^^^^
AttributeError: 'LogisticRegression' object has no attribute 'multi_class'
2026-05-24 01:56:49 | INFO | prediction_worker | Processing headline: SpaceX's Starship V3—still a work in progress—mostly successful on first flight
2026-05-24 01:56:49 | ERROR | prediction_worker | Headline processing failed: 'LogisticRegression' object has no attribute 'multi_class'
Traceback (most recent call last):
  File "C:\Users\sucha\Downloads\portfolio\portfolio\ml-backend\workers\prediction_worker.py", line 66, in process_headline
    prediction = predict_sentiment(
                 ^^^^^^^^^^^^^^^^^^
  File "C:\Users\sucha\Downloads\portfolio\portfolio\ml-backend\model.py", line 55, in predict_sentiment
    probabilities = pipeline.predict_proba([cleaned])[0]
                    ^^^^^^^^^^^^^^^^^^^^^^^^^^^^^^^^^
  File "C:\Users\sucha\Downloads\portfolio\portfolio\ml-backend\venv\Lib\site-packages\sklearn\pipeline.py", line 721, in predict_proba
    return self.steps[-1][1].predict_proba(Xt, **params)
           ^^^^^^^^^^^^^^^^^^^^^^^^^^^^^^^^^^^^^^^^^^^^^
  File "C:\Users\sucha\Downloads\portfolio\portfolio\ml-backend\venv\Lib\site-packages\sklearn\linear_model\_logistic.py", line 1423, in predict_proba
    ovr = self.multi_class in ["ovr", "warn"] or (
          ^^^^^^^^^^^^^^^^
AttributeError: 'LogisticRegression' object has no attribute 'multi_class'
2026-05-24 01:56:49 | INFO | prediction_worker | Processing headline: Two space shuttle-era spacewalkers enter Astronaut Hall of Fame
2026-05-24 01:56:49 | ERROR | prediction_worker | Headline processing failed: 'LogisticRegression' object has no attribute 'multi_class'
Traceback (most recent call last):
  File "C:\Users\sucha\Downloads\portfolio\portfolio\ml-backend\workers\prediction_worker.py", line 66, in process_headline
    prediction = predict_sentiment(
                 ^^^^^^^^^^^^^^^^^^
  File "C:\Users\sucha\Downloads\portfolio\portfolio\ml-backend\model.py", line 55, in predict_sentiment
    probabilities = pipeline.predict_proba([cleaned])[0]
                    ^^^^^^^^^^^^^^^^^^^^^^^^^^^^^^^^^
  File "C:\Users\sucha\Downloads\portfolio\portfolio\ml-backend\venv\Lib\site-packages\sklearn\pipeline.py", line 721, in predict_proba
    return self.steps[-1][1].predict_proba(Xt, **params)
           ^^^^^^^^^^^^^^^^^^^^^^^^^^^^^^^^^^^^^^^^^^^^^
  File "C:\Users\sucha\Downloads\portfolio\portfolio\ml-backend\venv\Lib\site-packages\sklearn\linear_model\_logistic.py", line 1423, in predict_proba
    ovr = self.multi_class in ["ovr", "warn"] or (
          ^^^^^^^^^^^^^^^^
AttributeError: 'LogisticRegression' object has no attribute 'multi_class'
2026-05-24 01:56:49 | INFO | prediction_worker | Processing headline: China’s shark finning could lead to US seafood sanctions
2026-05-24 01:56:49 | ERROR | prediction_worker | Headline processing failed: 'LogisticRegression' object has no attribute 'multi_class'
Traceback (most recent call last):
  File "C:\Users\sucha\Downloads\portfolio\portfolio\ml-backend\workers\prediction_worker.py", line 66, in process_headline
    prediction = predict_sentiment(
                 ^^^^^^^^^^^^^^^^^^
  File "C:\Users\sucha\Downloads\portfolio\portfolio\ml-backend\model.py", line 55, in predict_sentiment
    probabilities = pipeline.predict_proba([cleaned])[0]
                    ^^^^^^^^^^^^^^^^^^^^^^^^^^^^^^^^^
  File "C:\Users\sucha\Downloads\portfolio\portfolio\ml-backend\venv\Lib\site-packages\sklearn\pipeline.py", line 721, in predict_proba
    return self.steps[-1][1].predict_proba(Xt, **params)
           ^^^^^^^^^^^^^^^^^^^^^^^^^^^^^^^^^^^^^^^^^^^^^
  File "C:\Users\sucha\Downloads\portfolio\portfolio\ml-backend\venv\Lib\site-packages\sklearn\linear_model\_logistic.py", line 1423, in predict_proba
    ovr = self.multi_class in ["ovr", "warn"] or (
          ^^^^^^^^^^^^^^^^
AttributeError: 'LogisticRegression' object has no attribute 'multi_class'
2026-05-24 01:56:49 | INFO | prediction_worker | Processing headline: Four Russian satellites are now within striking distance of an ICEYE radarsat
2026-05-24 01:56:49 | ERROR | prediction_worker | Headline processing failed: 'LogisticRegression' object has no attribute 'multi_class'
Traceback (most recent call last):
  File "C:\Users\sucha\Downloads\portfolio\portfolio\ml-backend\workers\prediction_worker.py", line 66, in process_headline
    prediction = predict_sentiment(
                 ^^^^^^^^^^^^^^^^^^
  File "C:\Users\sucha\Downloads\portfolio\portfolio\ml-backend\model.py", line 55, in predict_sentiment
    probabilities = pipeline.predict_proba([cleaned])[0]
                    ^^^^^^^^^^^^^^^^^^^^^^^^^^^^^^^^^
  File "C:\Users\sucha\Downloads\portfolio\portfolio\ml-backend\venv\Lib\site-packages\sklearn\pipeline.py", line 721, in predict_proba
    return self.steps[-1][1].predict_proba(Xt, **params)
           ^^^^^^^^^^^^^^^^^^^^^^^^^^^^^^^^^^^^^^^^^^^^^
  File "C:\Users\sucha\Downloads\portfolio\portfolio\ml-backend\venv\Lib\site-packages\sklearn\linear_model\_logistic.py", line 1423, in predict_proba
    ovr = self.multi_class in ["ovr", "warn"] or (
          ^^^^^^^^^^^^^^^^
AttributeError: 'LogisticRegression' object has no attribute 'multi_class'
2026-05-24 01:56:49 | INFO | prediction_worker | Processing headline: Ebola outbreak now third largest recorded and "spreading rapidly"
2026-05-24 01:56:49 | ERROR | prediction_worker | Headline processing failed: 'LogisticRegression' object has no attribute 'multi_class'
Traceback (most recent call last):
  File "C:\Users\sucha\Downloads\portfolio\portfolio\ml-backend\workers\prediction_worker.py", line 66, in process_headline
    prediction = predict_sentiment(
                 ^^^^^^^^^^^^^^^^^^
  File "C:\Users\sucha\Downloads\portfolio\portfolio\ml-backend\model.py", line 55, in predict_sentiment
    probabilities = pipeline.predict_proba([cleaned])[0]
                    ^^^^^^^^^^^^^^^^^^^^^^^^^^^^^^^^^
  File "C:\Users\sucha\Downloads\portfolio\portfolio\ml-backend\venv\Lib\site-packages\sklearn\pipeline.py", line 721, in predict_proba
    return self.steps[-1][1].predict_proba(Xt, **params)
           ^^^^^^^^^^^^^^^^^^^^^^^^^^^^^^^^^^^^^^^^^^^^^
  File "C:\Users\sucha\Downloads\portfolio\portfolio\ml-backend\venv\Lib\site-packages\sklearn\linear_model\_logistic.py", line 1423, in predict_proba
    ovr = self.multi_class in ["ovr", "warn"] or (
          ^^^^^^^^^^^^^^^^
AttributeError: 'LogisticRegression' object has no attribute 'multi_class'
2026-05-24 01:56:49 | INFO | prediction_worker | Processing headline: First-generation Chromecast users stressed by devices suddenly failing
2026-05-24 01:56:49 | ERROR | prediction_worker | Headline processing failed: 'LogisticRegression' object has no attribute 'multi_class'
Traceback (most recent call last):
  File "C:\Users\sucha\Downloads\portfolio\portfolio\ml-backend\workers\prediction_worker.py", line 66, in process_headline
    prediction = predict_sentiment(
                 ^^^^^^^^^^^^^^^^^^
  File "C:\Users\sucha\Downloads\portfolio\portfolio\ml-backend\model.py", line 55, in predict_sentiment
    probabilities = pipeline.predict_proba([cleaned])[0]
                    ^^^^^^^^^^^^^^^^^^^^^^^^^^^^^^^^^
  File "C:\Users\sucha\Downloads\portfolio\portfolio\ml-backend\venv\Lib\site-packages\sklearn\pipeline.py", line 721, in predict_proba
    return self.steps[-1][1].predict_proba(Xt, **params)
           ^^^^^^^^^^^^^^^^^^^^^^^^^^^^^^^^^^^^^^^^^^^^^
  File "C:\Users\sucha\Downloads\portfolio\portfolio\ml-backend\venv\Lib\site-packages\sklearn\linear_model\_logistic.py", line 1423, in predict_proba
    ovr = self.multi_class in ["ovr", "warn"] or (
          ^^^^^^^^^^^^^^^^
AttributeError: 'LogisticRegression' object has no attribute 'multi_class'
2026-05-24 01:56:50 | INFO | prediction_worker | Processing headline: Trump FCC asks public to comment on whether ABC's The View is a news show
2026-05-24 01:56:50 | ERROR | prediction_worker | Headline processing failed: 'LogisticRegression' object has no attribute 'multi_class'
Traceback (most recent call last):
  File "C:\Users\sucha\Downloads\portfolio\portfolio\ml-backend\workers\prediction_worker.py", line 66, in process_headline
    prediction = predict_sentiment(
                 ^^^^^^^^^^^^^^^^^^
  File "C:\Users\sucha\Downloads\portfolio\portfolio\ml-backend\model.py", line 55, in predict_sentiment
    probabilities = pipeline.predict_proba([cleaned])[0]
                    ^^^^^^^^^^^^^^^^^^^^^^^^^^^^^^^^^
  File "C:\Users\sucha\Downloads\portfolio\portfolio\ml-backend\venv\Lib\site-packages\sklearn\pipeline.py", line 721, in predict_proba
    return self.steps[-1][1].predict_proba(Xt, **params)
           ^^^^^^^^^^^^^^^^^^^^^^^^^^^^^^^^^^^^^^^^^^^^^
  File "C:\Users\sucha\Downloads\portfolio\portfolio\ml-backend\venv\Lib\site-packages\sklearn\linear_model\_logistic.py", line 1423, in predict_proba
    ovr = self.multi_class in ["ovr", "warn"] or (
          ^^^^^^^^^^^^^^^^
AttributeError: 'LogisticRegression' object has no attribute 'multi_class'
2026-05-24 01:56:50 | INFO | prediction_worker | Processing headline: US scrambles to stop Internet users re-creating dead pilots’ voices
2026-05-24 01:56:50 | ERROR | prediction_worker | Headline processing failed: 'LogisticRegression' object has no attribute 'multi_class'
Traceback (most recent call last):
  File "C:\Users\sucha\Downloads\portfolio\portfolio\ml-backend\workers\prediction_worker.py", line 66, in process_headline
    prediction = predict_sentiment(
                 ^^^^^^^^^^^^^^^^^^
  File "C:\Users\sucha\Downloads\portfolio\portfolio\ml-backend\model.py", line 55, in predict_sentiment
    probabilities = pipeline.predict_proba([cleaned])[0]
                    ^^^^^^^^^^^^^^^^^^^^^^^^^^^^^^^^^
  File "C:\Users\sucha\Downloads\portfolio\portfolio\ml-backend\venv\Lib\site-packages\sklearn\pipeline.py", line 721, in predict_proba
    return self.steps[-1][1].predict_proba(Xt, **params)
           ^^^^^^^^^^^^^^^^^^^^^^^^^^^^^^^^^^^^^^^^^^^^^
  File "C:\Users\sucha\Downloads\portfolio\portfolio\ml-backend\venv\Lib\site-packages\sklearn\linear_model\_logistic.py", line 1423, in predict_proba
    ovr = self.multi_class in ["ovr", "warn"] or (
          ^^^^^^^^^^^^^^^^
AttributeError: 'LogisticRegression' object has no attribute 'multi_class'
2026-05-24 01:56:50 | INFO | prediction_worker | Processing headline: The Boys is dead. Long live Vought Rising.
2026-05-24 01:56:50 | ERROR | prediction_worker | Headline processing failed: 'LogisticRegression' object has no attribute 'multi_class'
Traceback (most recent call last):
  File "C:\Users\sucha\Downloads\portfolio\portfolio\ml-backend\workers\prediction_worker.py", line 66, in process_headline
    prediction = predict_sentiment(
                 ^^^^^^^^^^^^^^^^^^
  File "C:\Users\sucha\Downloads\portfolio\portfolio\ml-backend\model.py", line 55, in predict_sentiment
    probabilities = pipeline.predict_proba([cleaned])[0]
                    ^^^^^^^^^^^^^^^^^^^^^^^^^^^^^^^^^
  File "C:\Users\sucha\Downloads\portfolio\portfolio\ml-backend\venv\Lib\site-packages\sklearn\pipeline.py", line 721, in predict_proba
    return self.steps[-1][1].predict_proba(Xt, **params)
           ^^^^^^^^^^^^^^^^^^^^^^^^^^^^^^^^^^^^^^^^^^^^^
  File "C:\Users\sucha\Downloads\portfolio\portfolio\ml-backend\venv\Lib\site-packages\sklearn\linear_model\_logistic.py", line 1423, in predict_proba
    ovr = self.multi_class in ["ovr", "warn"] or (
          ^^^^^^^^^^^^^^^^
AttributeError: 'LogisticRegression' object has no attribute 'multi_class'
2026-05-24 01:56:50 | INFO | prediction_worker | Processing headline: Police boast of hacking VPN where criminals "believed themselves to be safe"
2026-05-24 01:56:50 | ERROR | prediction_worker | Headline processing failed: 'LogisticRegression' object has no attribute 'multi_class'
Traceback (most recent call last):
  File "C:\Users\sucha\Downloads\portfolio\portfolio\ml-backend\workers\prediction_worker.py", line 66, in process_headline
    prediction = predict_sentiment(
                 ^^^^^^^^^^^^^^^^^^
  File "C:\Users\sucha\Downloads\portfolio\portfolio\ml-backend\model.py", line 55, in predict_sentiment
    probabilities = pipeline.predict_proba([cleaned])[0]
                    ^^^^^^^^^^^^^^^^^^^^^^^^^^^^^^^^^
  File "C:\Users\sucha\Downloads\portfolio\portfolio\ml-backend\venv\Lib\site-packages\sklearn\pipeline.py", line 721, in predict_proba
    return self.steps[-1][1].predict_proba(Xt, **params)
           ^^^^^^^^^^^^^^^^^^^^^^^^^^^^^^^^^^^^^^^^^^^^^
  File "C:\Users\sucha\Downloads\portfolio\portfolio\ml-backend\venv\Lib\site-packages\sklearn\linear_model\_logistic.py", line 1423, in predict_proba
    ovr = self.multi_class in ["ovr", "warn"] or (
          ^^^^^^^^^^^^^^^^
AttributeError: 'LogisticRegression' object has no attribute 'multi_class'
2026-05-24 01:57:53 | INFO | prediction_worker | Processing headline: SolarSquare in talks to raise up to $60M as India’s rooftop solar market draws m
2026-05-24 01:57:53 | ERROR | prediction_worker | Headline processing failed: 'LogisticRegression' object has no attribute 'multi_class'
Traceback (most recent call last):
  File "C:\Users\sucha\Downloads\portfolio\portfolio\ml-backend\workers\prediction_worker.py", line 66, in process_headline
    prediction = predict_sentiment(
                 ^^^^^^^^^^^^^^^^^^
  File "C:\Users\sucha\Downloads\portfolio\portfolio\ml-backend\model.py", line 55, in predict_sentiment
    probabilities = pipeline.predict_proba([cleaned])[0]
                    ^^^^^^^^^^^^^^^^^^^^^^^^^^^^^^^^^
  File "C:\Users\sucha\Downloads\portfolio\portfolio\ml-backend\venv\Lib\site-packages\sklearn\pipeline.py", line 721, in predict_proba
    return self.steps[-1][1].predict_proba(Xt, **params)
           ^^^^^^^^^^^^^^^^^^^^^^^^^^^^^^^^^^^^^^^^^^^^^
  File "C:\Users\sucha\Downloads\portfolio\portfolio\ml-backend\venv\Lib\site-packages\sklearn\linear_model\_logistic.py", line 1423, in predict_proba
    ovr = self.multi_class in ["ovr", "warn"] or (
          ^^^^^^^^^^^^^^^^
AttributeError: 'LogisticRegression' object has no attribute 'multi_class'
2026-05-24 01:57:53 | INFO | prediction_worker | Processing headline: These special phone and app features can help protect you from spyware
2026-05-24 01:57:53 | ERROR | prediction_worker | Headline processing failed: 'LogisticRegression' object has no attribute 'multi_class'
Traceback (most recent call last):
  File "C:\Users\sucha\Downloads\portfolio\portfolio\ml-backend\workers\prediction_worker.py", line 66, in process_headline
    prediction = predict_sentiment(
                 ^^^^^^^^^^^^^^^^^^
  File "C:\Users\sucha\Downloads\portfolio\portfolio\ml-backend\model.py", line 55, in predict_sentiment
    probabilities = pipeline.predict_proba([cleaned])[0]
                    ^^^^^^^^^^^^^^^^^^^^^^^^^^^^^^^^^
  File "C:\Users\sucha\Downloads\portfolio\portfolio\ml-backend\venv\Lib\site-packages\sklearn\pipeline.py", line 721, in predict_proba
    return self.steps[-1][1].predict_proba(Xt, **params)
           ^^^^^^^^^^^^^^^^^^^^^^^^^^^^^^^^^^^^^^^^^^^^^
  File "C:\Users\sucha\Downloads\portfolio\portfolio\ml-backend\venv\Lib\site-packages\sklearn\linear_model\_logistic.py", line 1423, in predict_proba
    ovr = self.multi_class in ["ovr", "warn"] or (
          ^^^^^^^^^^^^^^^^
AttributeError: 'LogisticRegression' object has no attribute 'multi_class'
2026-05-24 01:57:53 | INFO | prediction_worker | Processing headline: Ferrari is using IBM’s AI to create F1 superfans
2026-05-24 01:57:53 | ERROR | prediction_worker | Headline processing failed: 'LogisticRegression' object has no attribute 'multi_class'
Traceback (most recent call last):
  File "C:\Users\sucha\Downloads\portfolio\portfolio\ml-backend\workers\prediction_worker.py", line 66, in process_headline
    prediction = predict_sentiment(
                 ^^^^^^^^^^^^^^^^^^
  File "C:\Users\sucha\Downloads\portfolio\portfolio\ml-backend\model.py", line 55, in predict_sentiment
    probabilities = pipeline.predict_proba([cleaned])[0]
                    ^^^^^^^^^^^^^^^^^^^^^^^^^^^^^^^^^
  File "C:\Users\sucha\Downloads\portfolio\portfolio\ml-backend\venv\Lib\site-packages\sklearn\pipeline.py", line 721, in predict_proba
    return self.steps[-1][1].predict_proba(Xt, **params)
           ^^^^^^^^^^^^^^^^^^^^^^^^^^^^^^^^^^^^^^^^^^^^^
  File "C:\Users\sucha\Downloads\portfolio\portfolio\ml-backend\venv\Lib\site-packages\sklearn\linear_model\_logistic.py", line 1423, in predict_proba
    ovr = self.multi_class in ["ovr", "warn"] or (
          ^^^^^^^^^^^^^^^^
AttributeError: 'LogisticRegression' object has no attribute 'multi_class'
2026-05-24 01:57:53 | INFO | prediction_worker | Processing headline: Nuclear startup Deep Fission says it’s going public, again, and I have questions
2026-05-24 01:57:53 | ERROR | prediction_worker | Headline processing failed: 'LogisticRegression' object has no attribute 'multi_class'
Traceback (most recent call last):
  File "C:\Users\sucha\Downloads\portfolio\portfolio\ml-backend\workers\prediction_worker.py", line 66, in process_headline
    prediction = predict_sentiment(
                 ^^^^^^^^^^^^^^^^^^
  File "C:\Users\sucha\Downloads\portfolio\portfolio\ml-backend\model.py", line 55, in predict_sentiment
    probabilities = pipeline.predict_proba([cleaned])[0]
                    ^^^^^^^^^^^^^^^^^^^^^^^^^^^^^^^^^
  File "C:\Users\sucha\Downloads\portfolio\portfolio\ml-backend\venv\Lib\site-packages\sklearn\pipeline.py", line 721, in predict_proba
    return self.steps[-1][1].predict_proba(Xt, **params)
           ^^^^^^^^^^^^^^^^^^^^^^^^^^^^^^^^^^^^^^^^^^^^^
  File "C:\Users\sucha\Downloads\portfolio\portfolio\ml-backend\venv\Lib\site-packages\sklearn\linear_model\_logistic.py", line 1423, in predict_proba
    ovr = self.multi_class in ["ovr", "warn"] or (
          ^^^^^^^^^^^^^^^^
AttributeError: 'LogisticRegression' object has no attribute 'multi_class'
2026-05-24 01:57:53 | INFO | prediction_worker | Processing headline: Elon Musk has given up on solar power (on Earth)
2026-05-24 01:57:53 | ERROR | prediction_worker | Headline processing failed: 'LogisticRegression' object has no attribute 'multi_class'
Traceback (most recent call last):
  File "C:\Users\sucha\Downloads\portfolio\portfolio\ml-backend\workers\prediction_worker.py", line 66, in process_headline
    prediction = predict_sentiment(
                 ^^^^^^^^^^^^^^^^^^
  File "C:\Users\sucha\Downloads\portfolio\portfolio\ml-backend\model.py", line 55, in predict_sentiment
    probabilities = pipeline.predict_proba([cleaned])[0]
                    ^^^^^^^^^^^^^^^^^^^^^^^^^^^^^^^^^
  File "C:\Users\sucha\Downloads\portfolio\portfolio\ml-backend\venv\Lib\site-packages\sklearn\pipeline.py", line 721, in predict_proba
    return self.steps[-1][1].predict_proba(Xt, **params)
           ^^^^^^^^^^^^^^^^^^^^^^^^^^^^^^^^^^^^^^^^^^^^^
  File "C:\Users\sucha\Downloads\portfolio\portfolio\ml-backend\venv\Lib\site-packages\sklearn\linear_model\_logistic.py", line 1423, in predict_proba
    ovr = self.multi_class in ["ovr", "warn"] or (
          ^^^^^^^^^^^^^^^^
AttributeError: 'LogisticRegression' object has no attribute 'multi_class'
2026-05-24 01:57:53 | INFO | prediction_worker | Processing headline: Peec, one of Berlin’s rising startups, more than doubled annualized revenue in m
2026-05-24 01:57:53 | ERROR | prediction_worker | Headline processing failed: 'LogisticRegression' object has no attribute 'multi_class'
Traceback (most recent call last):
  File "C:\Users\sucha\Downloads\portfolio\portfolio\ml-backend\workers\prediction_worker.py", line 66, in process_headline
    prediction = predict_sentiment(
                 ^^^^^^^^^^^^^^^^^^
  File "C:\Users\sucha\Downloads\portfolio\portfolio\ml-backend\model.py", line 55, in predict_sentiment
    probabilities = pipeline.predict_proba([cleaned])[0]
                    ^^^^^^^^^^^^^^^^^^^^^^^^^^^^^^^^^
  File "C:\Users\sucha\Downloads\portfolio\portfolio\ml-backend\venv\Lib\site-packages\sklearn\pipeline.py", line 721, in predict_proba
    return self.steps[-1][1].predict_proba(Xt, **params)
           ^^^^^^^^^^^^^^^^^^^^^^^^^^^^^^^^^^^^^^^^^^^^^
  File "C:\Users\sucha\Downloads\portfolio\portfolio\ml-backend\venv\Lib\site-packages\sklearn\linear_model\_logistic.py", line 1423, in predict_proba
    ovr = self.multi_class in ["ovr", "warn"] or (
          ^^^^^^^^^^^^^^^^
AttributeError: 'LogisticRegression' object has no attribute 'multi_class'
2026-05-24 01:57:53 | INFO | prediction_worker | Processing headline: AI is being used to resurrect the voices of dead pilots
2026-05-24 01:57:53 | ERROR | prediction_worker | Headline processing failed: 'LogisticRegression' object has no attribute 'multi_class'
Traceback (most recent call last):
  File "C:\Users\sucha\Downloads\portfolio\portfolio\ml-backend\workers\prediction_worker.py", line 66, in process_headline
    prediction = predict_sentiment(
                 ^^^^^^^^^^^^^^^^^^
  File "C:\Users\sucha\Downloads\portfolio\portfolio\ml-backend\model.py", line 55, in predict_sentiment
    probabilities = pipeline.predict_proba([cleaned])[0]
                    ^^^^^^^^^^^^^^^^^^^^^^^^^^^^^^^^^
  File "C:\Users\sucha\Downloads\portfolio\portfolio\ml-backend\venv\Lib\site-packages\sklearn\pipeline.py", line 721, in predict_proba
    return self.steps[-1][1].predict_proba(Xt, **params)
           ^^^^^^^^^^^^^^^^^^^^^^^^^^^^^^^^^^^^^^^^^^^^^
  File "C:\Users\sucha\Downloads\portfolio\portfolio\ml-backend\venv\Lib\site-packages\sklearn\linear_model\_logistic.py", line 1423, in predict_proba
    ovr = self.multi_class in ["ovr", "warn"] or (
          ^^^^^^^^^^^^^^^^
AttributeError: 'LogisticRegression' object has no attribute 'multi_class'
2026-05-24 01:57:53 | INFO | prediction_worker | Processing headline: SpaceX launches Starship V3 for the first time, but loses booster on return
2026-05-24 01:57:53 | ERROR | prediction_worker | Headline processing failed: 'LogisticRegression' object has no attribute 'multi_class'
Traceback (most recent call last):
  File "C:\Users\sucha\Downloads\portfolio\portfolio\ml-backend\workers\prediction_worker.py", line 66, in process_headline
    prediction = predict_sentiment(
                 ^^^^^^^^^^^^^^^^^^
  File "C:\Users\sucha\Downloads\portfolio\portfolio\ml-backend\model.py", line 55, in predict_sentiment
    probabilities = pipeline.predict_proba([cleaned])[0]
                    ^^^^^^^^^^^^^^^^^^^^^^^^^^^^^^^^^
  File "C:\Users\sucha\Downloads\portfolio\portfolio\ml-backend\venv\Lib\site-packages\sklearn\pipeline.py", line 721, in predict_proba
    return self.steps[-1][1].predict_proba(Xt, **params)
           ^^^^^^^^^^^^^^^^^^^^^^^^^^^^^^^^^^^^^^^^^^^^^
  File "C:\Users\sucha\Downloads\portfolio\portfolio\ml-backend\venv\Lib\site-packages\sklearn\linear_model\_logistic.py", line 1423, in predict_proba
    ovr = self.multi_class in ["ovr", "warn"] or (
          ^^^^^^^^^^^^^^^^
AttributeError: 'LogisticRegression' object has no attribute 'multi_class'
2026-05-24 01:57:53 | INFO | prediction_worker | Processing headline: Blue Origin cleared to fly New Glenn mega-rocket after April mishap
2026-05-24 01:57:53 | ERROR | prediction_worker | Headline processing failed: 'LogisticRegression' object has no attribute 'multi_class'
Traceback (most recent call last):
  File "C:\Users\sucha\Downloads\portfolio\portfolio\ml-backend\workers\prediction_worker.py", line 66, in process_headline
    prediction = predict_sentiment(
                 ^^^^^^^^^^^^^^^^^^
  File "C:\Users\sucha\Downloads\portfolio\portfolio\ml-backend\model.py", line 55, in predict_sentiment
    probabilities = pipeline.predict_proba([cleaned])[0]
                    ^^^^^^^^^^^^^^^^^^^^^^^^^^^^^^^^^
  File "C:\Users\sucha\Downloads\portfolio\portfolio\ml-backend\venv\Lib\site-packages\sklearn\pipeline.py", line 721, in predict_proba
    return self.steps[-1][1].predict_proba(Xt, **params)
           ^^^^^^^^^^^^^^^^^^^^^^^^^^^^^^^^^^^^^^^^^^^^^
  File "C:\Users\sucha\Downloads\portfolio\portfolio\ml-backend\venv\Lib\site-packages\sklearn\linear_model\_logistic.py", line 1423, in predict_proba
    ovr = self.multi_class in ["ovr", "warn"] or (
          ^^^^^^^^^^^^^^^^
AttributeError: 'LogisticRegression' object has no attribute 'multi_class'
2026-05-24 01:57:53 | INFO | prediction_worker | Processing headline: Google goes for the glitter with disco-ball icons: ‘Are y’all sure you still wan
2026-05-24 01:57:53 | ERROR | prediction_worker | Headline processing failed: 'LogisticRegression' object has no attribute 'multi_class'
Traceback (most recent call last):
  File "C:\Users\sucha\Downloads\portfolio\portfolio\ml-backend\workers\prediction_worker.py", line 66, in process_headline
    prediction = predict_sentiment(
                 ^^^^^^^^^^^^^^^^^^
  File "C:\Users\sucha\Downloads\portfolio\portfolio\ml-backend\model.py", line 55, in predict_sentiment
    probabilities = pipeline.predict_proba([cleaned])[0]
                    ^^^^^^^^^^^^^^^^^^^^^^^^^^^^^^^^^
  File "C:\Users\sucha\Downloads\portfolio\portfolio\ml-backend\venv\Lib\site-packages\sklearn\pipeline.py", line 721, in predict_proba
    return self.steps[-1][1].predict_proba(Xt, **params)
           ^^^^^^^^^^^^^^^^^^^^^^^^^^^^^^^^^^^^^^^^^^^^^
  File "C:\Users\sucha\Downloads\portfolio\portfolio\ml-backend\venv\Lib\site-packages\sklearn\linear_model\_logistic.py", line 1423, in predict_proba
    ovr = self.multi_class in ["ovr", "warn"] or (
          ^^^^^^^^^^^^^^^^
AttributeError: 'LogisticRegression' object has no attribute 'multi_class'
2026-05-24 01:57:54 | INFO | prediction_worker | Processing headline: The man behind the legendary MPC, Roger Linn, stays focused with a single browse
2026-05-24 01:57:54 | ERROR | prediction_worker | Headline processing failed: 'LogisticRegression' object has no attribute 'multi_class'
Traceback (most recent call last):
  File "C:\Users\sucha\Downloads\portfolio\portfolio\ml-backend\workers\prediction_worker.py", line 66, in process_headline
    prediction = predict_sentiment(
                 ^^^^^^^^^^^^^^^^^^
  File "C:\Users\sucha\Downloads\portfolio\portfolio\ml-backend\model.py", line 55, in predict_sentiment
    probabilities = pipeline.predict_proba([cleaned])[0]
                    ^^^^^^^^^^^^^^^^^^^^^^^^^^^^^^^^^
  File "C:\Users\sucha\Downloads\portfolio\portfolio\ml-backend\venv\Lib\site-packages\sklearn\pipeline.py", line 721, in predict_proba
    return self.steps[-1][1].predict_proba(Xt, **params)
           ^^^^^^^^^^^^^^^^^^^^^^^^^^^^^^^^^^^^^^^^^^^^^
  File "C:\Users\sucha\Downloads\portfolio\portfolio\ml-backend\venv\Lib\site-packages\sklearn\linear_model\_logistic.py", line 1423, in predict_proba
    ovr = self.multi_class in ["ovr", "warn"] or (
          ^^^^^^^^^^^^^^^^
AttributeError: 'LogisticRegression' object has no attribute 'multi_class'
2026-05-24 01:57:54 | INFO | prediction_worker | Processing headline: Here are 38 Memorial Day deals we recommend for $50 or less
2026-05-24 01:57:54 | ERROR | prediction_worker | Headline processing failed: 'LogisticRegression' object has no attribute 'multi_class'
Traceback (most recent call last):
  File "C:\Users\sucha\Downloads\portfolio\portfolio\ml-backend\workers\prediction_worker.py", line 66, in process_headline
    prediction = predict_sentiment(
                 ^^^^^^^^^^^^^^^^^^
  File "C:\Users\sucha\Downloads\portfolio\portfolio\ml-backend\model.py", line 55, in predict_sentiment
    probabilities = pipeline.predict_proba([cleaned])[0]
                    ^^^^^^^^^^^^^^^^^^^^^^^^^^^^^^^^^
  File "C:\Users\sucha\Downloads\portfolio\portfolio\ml-backend\venv\Lib\site-packages\sklearn\pipeline.py", line 721, in predict_proba
    return self.steps[-1][1].predict_proba(Xt, **params)
           ^^^^^^^^^^^^^^^^^^^^^^^^^^^^^^^^^^^^^^^^^^^^^
  File "C:\Users\sucha\Downloads\portfolio\portfolio\ml-backend\venv\Lib\site-packages\sklearn\linear_model\_logistic.py", line 1423, in predict_proba
    ovr = self.multi_class in ["ovr", "warn"] or (
          ^^^^^^^^^^^^^^^^
AttributeError: 'LogisticRegression' object has no attribute 'multi_class'
2026-05-24 01:57:54 | INFO | prediction_worker | Processing headline: Hanging out in my favorite virtual coffee shop in Tokyo
2026-05-24 01:57:54 | ERROR | prediction_worker | Headline processing failed: 'LogisticRegression' object has no attribute 'multi_class'
Traceback (most recent call last):
  File "C:\Users\sucha\Downloads\portfolio\portfolio\ml-backend\workers\prediction_worker.py", line 66, in process_headline
    prediction = predict_sentiment(
                 ^^^^^^^^^^^^^^^^^^
  File "C:\Users\sucha\Downloads\portfolio\portfolio\ml-backend\model.py", line 55, in predict_sentiment
    probabilities = pipeline.predict_proba([cleaned])[0]
                    ^^^^^^^^^^^^^^^^^^^^^^^^^^^^^^^^^
  File "C:\Users\sucha\Downloads\portfolio\portfolio\ml-backend\venv\Lib\site-packages\sklearn\pipeline.py", line 721, in predict_proba
    return self.steps[-1][1].predict_proba(Xt, **params)
           ^^^^^^^^^^^^^^^^^^^^^^^^^^^^^^^^^^^^^^^^^^^^^
  File "C:\Users\sucha\Downloads\portfolio\portfolio\ml-backend\venv\Lib\site-packages\sklearn\linear_model\_logistic.py", line 1423, in predict_proba
    ovr = self.multi_class in ["ovr", "warn"] or (
          ^^^^^^^^^^^^^^^^
AttributeError: 'LogisticRegression' object has no attribute 'multi_class'
2026-05-24 01:57:54 | INFO | prediction_worker | Processing headline: I have a new go-to browser
2026-05-24 01:57:54 | ERROR | prediction_worker | Headline processing failed: 'LogisticRegression' object has no attribute 'multi_class'
Traceback (most recent call last):
  File "C:\Users\sucha\Downloads\portfolio\portfolio\ml-backend\workers\prediction_worker.py", line 66, in process_headline
    prediction = predict_sentiment(
                 ^^^^^^^^^^^^^^^^^^
  File "C:\Users\sucha\Downloads\portfolio\portfolio\ml-backend\model.py", line 55, in predict_sentiment
    probabilities = pipeline.predict_proba([cleaned])[0]
                    ^^^^^^^^^^^^^^^^^^^^^^^^^^^^^^^^^
  File "C:\Users\sucha\Downloads\portfolio\portfolio\ml-backend\venv\Lib\site-packages\sklearn\pipeline.py", line 721, in predict_proba
    return self.steps[-1][1].predict_proba(Xt, **params)
           ^^^^^^^^^^^^^^^^^^^^^^^^^^^^^^^^^^^^^^^^^^^^^
  File "C:\Users\sucha\Downloads\portfolio\portfolio\ml-backend\venv\Lib\site-packages\sklearn\linear_model\_logistic.py", line 1423, in predict_proba
    ovr = self.multi_class in ["ovr", "warn"] or (
          ^^^^^^^^^^^^^^^^
AttributeError: 'LogisticRegression' object has no attribute 'multi_class'
2026-05-24 01:57:54 | INFO | prediction_worker | Processing headline: Google’s new anything-to-anything AI model is wild
2026-05-24 01:57:54 | ERROR | prediction_worker | Headline processing failed: 'LogisticRegression' object has no attribute 'multi_class'
Traceback (most recent call last):
  File "C:\Users\sucha\Downloads\portfolio\portfolio\ml-backend\workers\prediction_worker.py", line 66, in process_headline
    prediction = predict_sentiment(
                 ^^^^^^^^^^^^^^^^^^
  File "C:\Users\sucha\Downloads\portfolio\portfolio\ml-backend\model.py", line 55, in predict_sentiment
    probabilities = pipeline.predict_proba([cleaned])[0]
                    ^^^^^^^^^^^^^^^^^^^^^^^^^^^^^^^^^
  File "C:\Users\sucha\Downloads\portfolio\portfolio\ml-backend\venv\Lib\site-packages\sklearn\pipeline.py", line 721, in predict_proba
    return self.steps[-1][1].predict_proba(Xt, **params)
           ^^^^^^^^^^^^^^^^^^^^^^^^^^^^^^^^^^^^^^^^^^^^^
  File "C:\Users\sucha\Downloads\portfolio\portfolio\ml-backend\venv\Lib\site-packages\sklearn\linear_model\_logistic.py", line 1423, in predict_proba
    ovr = self.multi_class in ["ovr", "warn"] or (
          ^^^^^^^^^^^^^^^^
AttributeError: 'LogisticRegression' object has no attribute 'multi_class'
2026-05-24 01:57:54 | INFO | prediction_worker | Processing headline: Google&#8217;s AI search is so broken it can &#8216;disregard&#8217; what you&#8
2026-05-24 01:57:54 | ERROR | prediction_worker | Headline processing failed: 'LogisticRegression' object has no attribute 'multi_class'
Traceback (most recent call last):
  File "C:\Users\sucha\Downloads\portfolio\portfolio\ml-backend\workers\prediction_worker.py", line 66, in process_headline
    prediction = predict_sentiment(
                 ^^^^^^^^^^^^^^^^^^
  File "C:\Users\sucha\Downloads\portfolio\portfolio\ml-backend\model.py", line 55, in predict_sentiment
    probabilities = pipeline.predict_proba([cleaned])[0]
                    ^^^^^^^^^^^^^^^^^^^^^^^^^^^^^^^^^
  File "C:\Users\sucha\Downloads\portfolio\portfolio\ml-backend\venv\Lib\site-packages\sklearn\pipeline.py", line 721, in predict_proba
    return self.steps[-1][1].predict_proba(Xt, **params)
           ^^^^^^^^^^^^^^^^^^^^^^^^^^^^^^^^^^^^^^^^^^^^^
  File "C:\Users\sucha\Downloads\portfolio\portfolio\ml-backend\venv\Lib\site-packages\sklearn\linear_model\_logistic.py", line 1423, in predict_proba
    ovr = self.multi_class in ["ovr", "warn"] or (
          ^^^^^^^^^^^^^^^^
AttributeError: 'LogisticRegression' object has no attribute 'multi_class'
2026-05-24 01:57:54 | INFO | prediction_worker | Processing headline: Twelve South’s AirFly Pro 2 has hit one of its best prices ahead of summer trave
2026-05-24 01:57:54 | ERROR | prediction_worker | Headline processing failed: 'LogisticRegression' object has no attribute 'multi_class'
Traceback (most recent call last):
  File "C:\Users\sucha\Downloads\portfolio\portfolio\ml-backend\workers\prediction_worker.py", line 66, in process_headline
    prediction = predict_sentiment(
                 ^^^^^^^^^^^^^^^^^^
  File "C:\Users\sucha\Downloads\portfolio\portfolio\ml-backend\model.py", line 55, in predict_sentiment
    probabilities = pipeline.predict_proba([cleaned])[0]
                    ^^^^^^^^^^^^^^^^^^^^^^^^^^^^^^^^^
  File "C:\Users\sucha\Downloads\portfolio\portfolio\ml-backend\venv\Lib\site-packages\sklearn\pipeline.py", line 721, in predict_proba
    return self.steps[-1][1].predict_proba(Xt, **params)
           ^^^^^^^^^^^^^^^^^^^^^^^^^^^^^^^^^^^^^^^^^^^^^
  File "C:\Users\sucha\Downloads\portfolio\portfolio\ml-backend\venv\Lib\site-packages\sklearn\linear_model\_logistic.py", line 1423, in predict_proba
    ovr = self.multi_class in ["ovr", "warn"] or (
          ^^^^^^^^^^^^^^^^
AttributeError: 'LogisticRegression' object has no attribute 'multi_class'
2026-05-24 01:57:54 | INFO | prediction_worker | Processing headline: Meta’s Forum is part Reddit, part Facebook, and part Google AI Overview
2026-05-24 01:57:54 | ERROR | prediction_worker | Headline processing failed: 'LogisticRegression' object has no attribute 'multi_class'
Traceback (most recent call last):
  File "C:\Users\sucha\Downloads\portfolio\portfolio\ml-backend\workers\prediction_worker.py", line 66, in process_headline
    prediction = predict_sentiment(
                 ^^^^^^^^^^^^^^^^^^
  File "C:\Users\sucha\Downloads\portfolio\portfolio\ml-backend\model.py", line 55, in predict_sentiment
    probabilities = pipeline.predict_proba([cleaned])[0]
                    ^^^^^^^^^^^^^^^^^^^^^^^^^^^^^^^^^
  File "C:\Users\sucha\Downloads\portfolio\portfolio\ml-backend\venv\Lib\site-packages\sklearn\pipeline.py", line 721, in predict_proba
    return self.steps[-1][1].predict_proba(Xt, **params)
           ^^^^^^^^^^^^^^^^^^^^^^^^^^^^^^^^^^^^^^^^^^^^^
  File "C:\Users\sucha\Downloads\portfolio\portfolio\ml-backend\venv\Lib\site-packages\sklearn\linear_model\_logistic.py", line 1423, in predict_proba
    ovr = self.multi_class in ["ovr", "warn"] or (
          ^^^^^^^^^^^^^^^^
AttributeError: 'LogisticRegression' object has no attribute 'multi_class'
2026-05-24 01:57:54 | INFO | prediction_worker | Processing headline: Elon, stop trying to make Grok happen
2026-05-24 01:57:54 | ERROR | prediction_worker | Headline processing failed: 'LogisticRegression' object has no attribute 'multi_class'
Traceback (most recent call last):
  File "C:\Users\sucha\Downloads\portfolio\portfolio\ml-backend\workers\prediction_worker.py", line 66, in process_headline
    prediction = predict_sentiment(
                 ^^^^^^^^^^^^^^^^^^
  File "C:\Users\sucha\Downloads\portfolio\portfolio\ml-backend\model.py", line 55, in predict_sentiment
    probabilities = pipeline.predict_proba([cleaned])[0]
                    ^^^^^^^^^^^^^^^^^^^^^^^^^^^^^^^^^
  File "C:\Users\sucha\Downloads\portfolio\portfolio\ml-backend\venv\Lib\site-packages\sklearn\pipeline.py", line 721, in predict_proba
    return self.steps[-1][1].predict_proba(Xt, **params)
           ^^^^^^^^^^^^^^^^^^^^^^^^^^^^^^^^^^^^^^^^^^^^^
  File "C:\Users\sucha\Downloads\portfolio\portfolio\ml-backend\venv\Lib\site-packages\sklearn\linear_model\_logistic.py", line 1423, in predict_proba
    ovr = self.multi_class in ["ovr", "warn"] or (
          ^^^^^^^^^^^^^^^^
AttributeError: 'LogisticRegression' object has no attribute 'multi_class'
2026-05-24 01:57:54 | INFO | prediction_worker | Processing headline: The best Memorial Day sales you can shop this weekend
2026-05-24 01:57:54 | ERROR | prediction_worker | Headline processing failed: 'LogisticRegression' object has no attribute 'multi_class'
Traceback (most recent call last):
  File "C:\Users\sucha\Downloads\portfolio\portfolio\ml-backend\workers\prediction_worker.py", line 66, in process_headline
    prediction = predict_sentiment(
                 ^^^^^^^^^^^^^^^^^^
  File "C:\Users\sucha\Downloads\portfolio\portfolio\ml-backend\model.py", line 55, in predict_sentiment
    probabilities = pipeline.predict_proba([cleaned])[0]
                    ^^^^^^^^^^^^^^^^^^^^^^^^^^^^^^^^^
  File "C:\Users\sucha\Downloads\portfolio\portfolio\ml-backend\venv\Lib\site-packages\sklearn\pipeline.py", line 721, in predict_proba
    return self.steps[-1][1].predict_proba(Xt, **params)
           ^^^^^^^^^^^^^^^^^^^^^^^^^^^^^^^^^^^^^^^^^^^^^
  File "C:\Users\sucha\Downloads\portfolio\portfolio\ml-backend\venv\Lib\site-packages\sklearn\linear_model\_logistic.py", line 1423, in predict_proba
    ovr = self.multi_class in ["ovr", "warn"] or (
          ^^^^^^^^^^^^^^^^
AttributeError: 'LogisticRegression' object has no attribute 'multi_class'
2026-05-24 01:57:54 | INFO | prediction_worker | Processing headline: Best Power Banks (2026): My Picks After Testing Over 100
2026-05-24 01:57:54 | ERROR | prediction_worker | Headline processing failed: 'LogisticRegression' object has no attribute 'multi_class'
Traceback (most recent call last):
  File "C:\Users\sucha\Downloads\portfolio\portfolio\ml-backend\workers\prediction_worker.py", line 66, in process_headline
    prediction = predict_sentiment(
                 ^^^^^^^^^^^^^^^^^^
  File "C:\Users\sucha\Downloads\portfolio\portfolio\ml-backend\model.py", line 55, in predict_sentiment
    probabilities = pipeline.predict_proba([cleaned])[0]
                    ^^^^^^^^^^^^^^^^^^^^^^^^^^^^^^^^^
  File "C:\Users\sucha\Downloads\portfolio\portfolio\ml-backend\venv\Lib\site-packages\sklearn\pipeline.py", line 721, in predict_proba
    return self.steps[-1][1].predict_proba(Xt, **params)
           ^^^^^^^^^^^^^^^^^^^^^^^^^^^^^^^^^^^^^^^^^^^^^
  File "C:\Users\sucha\Downloads\portfolio\portfolio\ml-backend\venv\Lib\site-packages\sklearn\linear_model\_logistic.py", line 1423, in predict_proba
    ovr = self.multi_class in ["ovr", "warn"] or (
          ^^^^^^^^^^^^^^^^
AttributeError: 'LogisticRegression' object has no attribute 'multi_class'
2026-05-24 01:57:54 | INFO | prediction_worker | Processing headline: Memorial Day Dyson Vacuum Deals: V15 Detect, Gen5Detect, PencilVac On Sale
2026-05-24 01:57:54 | ERROR | prediction_worker | Headline processing failed: 'LogisticRegression' object has no attribute 'multi_class'
Traceback (most recent call last):
  File "C:\Users\sucha\Downloads\portfolio\portfolio\ml-backend\workers\prediction_worker.py", line 66, in process_headline
    prediction = predict_sentiment(
                 ^^^^^^^^^^^^^^^^^^
  File "C:\Users\sucha\Downloads\portfolio\portfolio\ml-backend\model.py", line 55, in predict_sentiment
    probabilities = pipeline.predict_proba([cleaned])[0]
                    ^^^^^^^^^^^^^^^^^^^^^^^^^^^^^^^^^
  File "C:\Users\sucha\Downloads\portfolio\portfolio\ml-backend\venv\Lib\site-packages\sklearn\pipeline.py", line 721, in predict_proba
    return self.steps[-1][1].predict_proba(Xt, **params)
           ^^^^^^^^^^^^^^^^^^^^^^^^^^^^^^^^^^^^^^^^^^^^^
  File "C:\Users\sucha\Downloads\portfolio\portfolio\ml-backend\venv\Lib\site-packages\sklearn\linear_model\_logistic.py", line 1423, in predict_proba
    ovr = self.multi_class in ["ovr", "warn"] or (
          ^^^^^^^^^^^^^^^^
AttributeError: 'LogisticRegression' object has no attribute 'multi_class'
2026-05-24 01:57:54 | INFO | prediction_worker | Processing headline: L.L.Bean's Zip Hunter's Tote Is the Only Carryall You Need
2026-05-24 01:57:54 | ERROR | prediction_worker | Headline processing failed: 'LogisticRegression' object has no attribute 'multi_class'
Traceback (most recent call last):
  File "C:\Users\sucha\Downloads\portfolio\portfolio\ml-backend\workers\prediction_worker.py", line 66, in process_headline
    prediction = predict_sentiment(
                 ^^^^^^^^^^^^^^^^^^
  File "C:\Users\sucha\Downloads\portfolio\portfolio\ml-backend\model.py", line 55, in predict_sentiment
    probabilities = pipeline.predict_proba([cleaned])[0]
                    ^^^^^^^^^^^^^^^^^^^^^^^^^^^^^^^^^
  File "C:\Users\sucha\Downloads\portfolio\portfolio\ml-backend\venv\Lib\site-packages\sklearn\pipeline.py", line 721, in predict_proba
    return self.steps[-1][1].predict_proba(Xt, **params)
           ^^^^^^^^^^^^^^^^^^^^^^^^^^^^^^^^^^^^^^^^^^^^^
  File "C:\Users\sucha\Downloads\portfolio\portfolio\ml-backend\venv\Lib\site-packages\sklearn\linear_model\_logistic.py", line 1423, in predict_proba
    ovr = self.multi_class in ["ovr", "warn"] or (
          ^^^^^^^^^^^^^^^^
AttributeError: 'LogisticRegression' object has no attribute 'multi_class'
2026-05-24 01:57:54 | INFO | prediction_worker | Processing headline: Quantum ‘Jamming’ Could Help Unlock the Mysteries of Causality
2026-05-24 01:57:54 | ERROR | prediction_worker | Headline processing failed: 'LogisticRegression' object has no attribute 'multi_class'
Traceback (most recent call last):
  File "C:\Users\sucha\Downloads\portfolio\portfolio\ml-backend\workers\prediction_worker.py", line 66, in process_headline
    prediction = predict_sentiment(
                 ^^^^^^^^^^^^^^^^^^
  File "C:\Users\sucha\Downloads\portfolio\portfolio\ml-backend\model.py", line 55, in predict_sentiment
    probabilities = pipeline.predict_proba([cleaned])[0]
                    ^^^^^^^^^^^^^^^^^^^^^^^^^^^^^^^^^
  File "C:\Users\sucha\Downloads\portfolio\portfolio\ml-backend\venv\Lib\site-packages\sklearn\pipeline.py", line 721, in predict_proba
    return self.steps[-1][1].predict_proba(Xt, **params)
           ^^^^^^^^^^^^^^^^^^^^^^^^^^^^^^^^^^^^^^^^^^^^^
  File "C:\Users\sucha\Downloads\portfolio\portfolio\ml-backend\venv\Lib\site-packages\sklearn\linear_model\_logistic.py", line 1423, in predict_proba
    ovr = self.multi_class in ["ovr", "warn"] or (
          ^^^^^^^^^^^^^^^^
AttributeError: 'LogisticRegression' object has no attribute 'multi_class'
2026-05-24 01:57:54 | INFO | prediction_worker | Processing headline: The Best Smart Sprinklers and Irrigation Systems: In-Ground Sprinklers, Hose Tim
2026-05-24 01:57:54 | ERROR | prediction_worker | Headline processing failed: 'LogisticRegression' object has no attribute 'multi_class'
Traceback (most recent call last):
  File "C:\Users\sucha\Downloads\portfolio\portfolio\ml-backend\workers\prediction_worker.py", line 66, in process_headline
    prediction = predict_sentiment(
                 ^^^^^^^^^^^^^^^^^^
  File "C:\Users\sucha\Downloads\portfolio\portfolio\ml-backend\model.py", line 55, in predict_sentiment
    probabilities = pipeline.predict_proba([cleaned])[0]
                    ^^^^^^^^^^^^^^^^^^^^^^^^^^^^^^^^^
  File "C:\Users\sucha\Downloads\portfolio\portfolio\ml-backend\venv\Lib\site-packages\sklearn\pipeline.py", line 721, in predict_proba
    return self.steps[-1][1].predict_proba(Xt, **params)
           ^^^^^^^^^^^^^^^^^^^^^^^^^^^^^^^^^^^^^^^^^^^^^
  File "C:\Users\sucha\Downloads\portfolio\portfolio\ml-backend\venv\Lib\site-packages\sklearn\linear_model\_logistic.py", line 1423, in predict_proba
    ovr = self.multi_class in ["ovr", "warn"] or (
          ^^^^^^^^^^^^^^^^
AttributeError: 'LogisticRegression' object has no attribute 'multi_class'
2026-05-24 01:57:54 | INFO | prediction_worker | Processing headline: The FBI Wants ‘Near Real-Time’ Access to US License Plate Readers
2026-05-24 01:57:54 | ERROR | prediction_worker | Headline processing failed: 'LogisticRegression' object has no attribute 'multi_class'
Traceback (most recent call last):
  File "C:\Users\sucha\Downloads\portfolio\portfolio\ml-backend\workers\prediction_worker.py", line 66, in process_headline
    prediction = predict_sentiment(
                 ^^^^^^^^^^^^^^^^^^
  File "C:\Users\sucha\Downloads\portfolio\portfolio\ml-backend\model.py", line 55, in predict_sentiment
    probabilities = pipeline.predict_proba([cleaned])[0]
                    ^^^^^^^^^^^^^^^^^^^^^^^^^^^^^^^^^
  File "C:\Users\sucha\Downloads\portfolio\portfolio\ml-backend\venv\Lib\site-packages\sklearn\pipeline.py", line 721, in predict_proba
    return self.steps[-1][1].predict_proba(Xt, **params)
           ^^^^^^^^^^^^^^^^^^^^^^^^^^^^^^^^^^^^^^^^^^^^^
  File "C:\Users\sucha\Downloads\portfolio\portfolio\ml-backend\venv\Lib\site-packages\sklearn\linear_model\_logistic.py", line 1423, in predict_proba
    ovr = self.multi_class in ["ovr", "warn"] or (
          ^^^^^^^^^^^^^^^^
AttributeError: 'LogisticRegression' object has no attribute 'multi_class'
2026-05-24 01:57:54 | INFO | prediction_worker | Processing headline: Cosmic Voids May Contain the Universe’s Best Secrets
2026-05-24 01:57:54 | ERROR | prediction_worker | Headline processing failed: 'LogisticRegression' object has no attribute 'multi_class'
Traceback (most recent call last):
  File "C:\Users\sucha\Downloads\portfolio\portfolio\ml-backend\workers\prediction_worker.py", line 66, in process_headline
    prediction = predict_sentiment(
                 ^^^^^^^^^^^^^^^^^^
  File "C:\Users\sucha\Downloads\portfolio\portfolio\ml-backend\model.py", line 55, in predict_sentiment
    probabilities = pipeline.predict_proba([cleaned])[0]
                    ^^^^^^^^^^^^^^^^^^^^^^^^^^^^^^^^^
  File "C:\Users\sucha\Downloads\portfolio\portfolio\ml-backend\venv\Lib\site-packages\sklearn\pipeline.py", line 721, in predict_proba
    return self.steps[-1][1].predict_proba(Xt, **params)
           ^^^^^^^^^^^^^^^^^^^^^^^^^^^^^^^^^^^^^^^^^^^^^
  File "C:\Users\sucha\Downloads\portfolio\portfolio\ml-backend\venv\Lib\site-packages\sklearn\linear_model\_logistic.py", line 1423, in predict_proba
    ovr = self.multi_class in ["ovr", "warn"] or (
          ^^^^^^^^^^^^^^^^
AttributeError: 'LogisticRegression' object has no attribute 'multi_class'
2026-05-24 01:57:55 | INFO | prediction_worker | Processing headline: Best Memorial Day Deals: Garmin, Birdfy, Branch (2026)
2026-05-24 01:57:55 | ERROR | prediction_worker | Headline processing failed: 'LogisticRegression' object has no attribute 'multi_class'
Traceback (most recent call last):
  File "C:\Users\sucha\Downloads\portfolio\portfolio\ml-backend\workers\prediction_worker.py", line 66, in process_headline
    prediction = predict_sentiment(
                 ^^^^^^^^^^^^^^^^^^
  File "C:\Users\sucha\Downloads\portfolio\portfolio\ml-backend\model.py", line 55, in predict_sentiment
    probabilities = pipeline.predict_proba([cleaned])[0]
                    ^^^^^^^^^^^^^^^^^^^^^^^^^^^^^^^^^
  File "C:\Users\sucha\Downloads\portfolio\portfolio\ml-backend\venv\Lib\site-packages\sklearn\pipeline.py", line 721, in predict_proba
    return self.steps[-1][1].predict_proba(Xt, **params)
           ^^^^^^^^^^^^^^^^^^^^^^^^^^^^^^^^^^^^^^^^^^^^^
  File "C:\Users\sucha\Downloads\portfolio\portfolio\ml-backend\venv\Lib\site-packages\sklearn\linear_model\_logistic.py", line 1423, in predict_proba
    ovr = self.multi_class in ["ovr", "warn"] or (
          ^^^^^^^^^^^^^^^^
AttributeError: 'LogisticRegression' object has no attribute 'multi_class'
2026-05-24 01:57:55 | INFO | prediction_worker | Processing headline: A 'Golden Orb' on the Ocean Floor Came From a Mysterious Animal
2026-05-24 01:57:55 | ERROR | prediction_worker | Headline processing failed: 'LogisticRegression' object has no attribute 'multi_class'
Traceback (most recent call last):
  File "C:\Users\sucha\Downloads\portfolio\portfolio\ml-backend\workers\prediction_worker.py", line 66, in process_headline
    prediction = predict_sentiment(
                 ^^^^^^^^^^^^^^^^^^
  File "C:\Users\sucha\Downloads\portfolio\portfolio\ml-backend\model.py", line 55, in predict_sentiment
    probabilities = pipeline.predict_proba([cleaned])[0]
                    ^^^^^^^^^^^^^^^^^^^^^^^^^^^^^^^^^
  File "C:\Users\sucha\Downloads\portfolio\portfolio\ml-backend\venv\Lib\site-packages\sklearn\pipeline.py", line 721, in predict_proba
    return self.steps[-1][1].predict_proba(Xt, **params)
           ^^^^^^^^^^^^^^^^^^^^^^^^^^^^^^^^^^^^^^^^^^^^^
  File "C:\Users\sucha\Downloads\portfolio\portfolio\ml-backend\venv\Lib\site-packages\sklearn\linear_model\_logistic.py", line 1423, in predict_proba
    ovr = self.multi_class in ["ovr", "warn"] or (
          ^^^^^^^^^^^^^^^^
AttributeError: 'LogisticRegression' object has no attribute 'multi_class'
2026-05-24 01:57:55 | INFO | prediction_worker | Processing headline: All Vehicles Sold in the EU Must Be Able to Hook Up to a Breathalyzer
2026-05-24 01:57:55 | ERROR | prediction_worker | Headline processing failed: 'LogisticRegression' object has no attribute 'multi_class'
Traceback (most recent call last):
  File "C:\Users\sucha\Downloads\portfolio\portfolio\ml-backend\workers\prediction_worker.py", line 66, in process_headline
    prediction = predict_sentiment(
                 ^^^^^^^^^^^^^^^^^^
  File "C:\Users\sucha\Downloads\portfolio\portfolio\ml-backend\model.py", line 55, in predict_sentiment
    probabilities = pipeline.predict_proba([cleaned])[0]
                    ^^^^^^^^^^^^^^^^^^^^^^^^^^^^^^^^^
  File "C:\Users\sucha\Downloads\portfolio\portfolio\ml-backend\venv\Lib\site-packages\sklearn\pipeline.py", line 721, in predict_proba
    return self.steps[-1][1].predict_proba(Xt, **params)
           ^^^^^^^^^^^^^^^^^^^^^^^^^^^^^^^^^^^^^^^^^^^^^
  File "C:\Users\sucha\Downloads\portfolio\portfolio\ml-backend\venv\Lib\site-packages\sklearn\linear_model\_logistic.py", line 1423, in predict_proba
    ovr = self.multi_class in ["ovr", "warn"] or (
          ^^^^^^^^^^^^^^^^
AttributeError: 'LogisticRegression' object has no attribute 'multi_class'
2026-05-24 01:57:55 | INFO | prediction_worker | Processing headline: SpaceX's Starship V3—still a work in progress—mostly successful on first flight
2026-05-24 01:57:55 | ERROR | prediction_worker | Headline processing failed: 'LogisticRegression' object has no attribute 'multi_class'
Traceback (most recent call last):
  File "C:\Users\sucha\Downloads\portfolio\portfolio\ml-backend\workers\prediction_worker.py", line 66, in process_headline
    prediction = predict_sentiment(
                 ^^^^^^^^^^^^^^^^^^
  File "C:\Users\sucha\Downloads\portfolio\portfolio\ml-backend\model.py", line 55, in predict_sentiment
    probabilities = pipeline.predict_proba([cleaned])[0]
                    ^^^^^^^^^^^^^^^^^^^^^^^^^^^^^^^^^
  File "C:\Users\sucha\Downloads\portfolio\portfolio\ml-backend\venv\Lib\site-packages\sklearn\pipeline.py", line 721, in predict_proba
    return self.steps[-1][1].predict_proba(Xt, **params)
           ^^^^^^^^^^^^^^^^^^^^^^^^^^^^^^^^^^^^^^^^^^^^^
  File "C:\Users\sucha\Downloads\portfolio\portfolio\ml-backend\venv\Lib\site-packages\sklearn\linear_model\_logistic.py", line 1423, in predict_proba
    ovr = self.multi_class in ["ovr", "warn"] or (
          ^^^^^^^^^^^^^^^^
AttributeError: 'LogisticRegression' object has no attribute 'multi_class'
2026-05-24 01:57:55 | INFO | prediction_worker | Processing headline: Two space shuttle-era spacewalkers enter Astronaut Hall of Fame
2026-05-24 01:57:55 | ERROR | prediction_worker | Headline processing failed: 'LogisticRegression' object has no attribute 'multi_class'
Traceback (most recent call last):
  File "C:\Users\sucha\Downloads\portfolio\portfolio\ml-backend\workers\prediction_worker.py", line 66, in process_headline
    prediction = predict_sentiment(
                 ^^^^^^^^^^^^^^^^^^
  File "C:\Users\sucha\Downloads\portfolio\portfolio\ml-backend\model.py", line 55, in predict_sentiment
    probabilities = pipeline.predict_proba([cleaned])[0]
                    ^^^^^^^^^^^^^^^^^^^^^^^^^^^^^^^^^
  File "C:\Users\sucha\Downloads\portfolio\portfolio\ml-backend\venv\Lib\site-packages\sklearn\pipeline.py", line 721, in predict_proba
    return self.steps[-1][1].predict_proba(Xt, **params)
           ^^^^^^^^^^^^^^^^^^^^^^^^^^^^^^^^^^^^^^^^^^^^^
  File "C:\Users\sucha\Downloads\portfolio\portfolio\ml-backend\venv\Lib\site-packages\sklearn\linear_model\_logistic.py", line 1423, in predict_proba
    ovr = self.multi_class in ["ovr", "warn"] or (
          ^^^^^^^^^^^^^^^^
AttributeError: 'LogisticRegression' object has no attribute 'multi_class'
2026-05-24 01:57:55 | INFO | prediction_worker | Processing headline: China’s shark finning could lead to US seafood sanctions
2026-05-24 01:57:55 | ERROR | prediction_worker | Headline processing failed: 'LogisticRegression' object has no attribute 'multi_class'
Traceback (most recent call last):
  File "C:\Users\sucha\Downloads\portfolio\portfolio\ml-backend\workers\prediction_worker.py", line 66, in process_headline
    prediction = predict_sentiment(
                 ^^^^^^^^^^^^^^^^^^
  File "C:\Users\sucha\Downloads\portfolio\portfolio\ml-backend\model.py", line 55, in predict_sentiment
    probabilities = pipeline.predict_proba([cleaned])[0]
                    ^^^^^^^^^^^^^^^^^^^^^^^^^^^^^^^^^
  File "C:\Users\sucha\Downloads\portfolio\portfolio\ml-backend\venv\Lib\site-packages\sklearn\pipeline.py", line 721, in predict_proba
    return self.steps[-1][1].predict_proba(Xt, **params)
           ^^^^^^^^^^^^^^^^^^^^^^^^^^^^^^^^^^^^^^^^^^^^^
  File "C:\Users\sucha\Downloads\portfolio\portfolio\ml-backend\venv\Lib\site-packages\sklearn\linear_model\_logistic.py", line 1423, in predict_proba
    ovr = self.multi_class in ["ovr", "warn"] or (
          ^^^^^^^^^^^^^^^^
AttributeError: 'LogisticRegression' object has no attribute 'multi_class'
2026-05-24 01:57:55 | INFO | prediction_worker | Processing headline: Four Russian satellites are now within striking distance of an ICEYE radarsat
2026-05-24 01:57:55 | ERROR | prediction_worker | Headline processing failed: 'LogisticRegression' object has no attribute 'multi_class'
Traceback (most recent call last):
  File "C:\Users\sucha\Downloads\portfolio\portfolio\ml-backend\workers\prediction_worker.py", line 66, in process_headline
    prediction = predict_sentiment(
                 ^^^^^^^^^^^^^^^^^^
  File "C:\Users\sucha\Downloads\portfolio\portfolio\ml-backend\model.py", line 55, in predict_sentiment
    probabilities = pipeline.predict_proba([cleaned])[0]
                    ^^^^^^^^^^^^^^^^^^^^^^^^^^^^^^^^^
  File "C:\Users\sucha\Downloads\portfolio\portfolio\ml-backend\venv\Lib\site-packages\sklearn\pipeline.py", line 721, in predict_proba
    return self.steps[-1][1].predict_proba(Xt, **params)
           ^^^^^^^^^^^^^^^^^^^^^^^^^^^^^^^^^^^^^^^^^^^^^
  File "C:\Users\sucha\Downloads\portfolio\portfolio\ml-backend\venv\Lib\site-packages\sklearn\linear_model\_logistic.py", line 1423, in predict_proba
    ovr = self.multi_class in ["ovr", "warn"] or (
          ^^^^^^^^^^^^^^^^
AttributeError: 'LogisticRegression' object has no attribute 'multi_class'
2026-05-24 01:57:55 | INFO | prediction_worker | Processing headline: Ebola outbreak now third largest recorded and "spreading rapidly"
2026-05-24 01:57:55 | ERROR | prediction_worker | Headline processing failed: 'LogisticRegression' object has no attribute 'multi_class'
Traceback (most recent call last):
  File "C:\Users\sucha\Downloads\portfolio\portfolio\ml-backend\workers\prediction_worker.py", line 66, in process_headline
    prediction = predict_sentiment(
                 ^^^^^^^^^^^^^^^^^^
  File "C:\Users\sucha\Downloads\portfolio\portfolio\ml-backend\model.py", line 55, in predict_sentiment
    probabilities = pipeline.predict_proba([cleaned])[0]
                    ^^^^^^^^^^^^^^^^^^^^^^^^^^^^^^^^^
  File "C:\Users\sucha\Downloads\portfolio\portfolio\ml-backend\venv\Lib\site-packages\sklearn\pipeline.py", line 721, in predict_proba
    return self.steps[-1][1].predict_proba(Xt, **params)
           ^^^^^^^^^^^^^^^^^^^^^^^^^^^^^^^^^^^^^^^^^^^^^
  File "C:\Users\sucha\Downloads\portfolio\portfolio\ml-backend\venv\Lib\site-packages\sklearn\linear_model\_logistic.py", line 1423, in predict_proba
    ovr = self.multi_class in ["ovr", "warn"] or (
          ^^^^^^^^^^^^^^^^
AttributeError: 'LogisticRegression' object has no attribute 'multi_class'
2026-05-24 01:57:55 | INFO | prediction_worker | Processing headline: First-generation Chromecast users stressed by devices suddenly failing
2026-05-24 01:57:55 | ERROR | prediction_worker | Headline processing failed: 'LogisticRegression' object has no attribute 'multi_class'
Traceback (most recent call last):
  File "C:\Users\sucha\Downloads\portfolio\portfolio\ml-backend\workers\prediction_worker.py", line 66, in process_headline
    prediction = predict_sentiment(
                 ^^^^^^^^^^^^^^^^^^
  File "C:\Users\sucha\Downloads\portfolio\portfolio\ml-backend\model.py", line 55, in predict_sentiment
    probabilities = pipeline.predict_proba([cleaned])[0]
                    ^^^^^^^^^^^^^^^^^^^^^^^^^^^^^^^^^
  File "C:\Users\sucha\Downloads\portfolio\portfolio\ml-backend\venv\Lib\site-packages\sklearn\pipeline.py", line 721, in predict_proba
    return self.steps[-1][1].predict_proba(Xt, **params)
           ^^^^^^^^^^^^^^^^^^^^^^^^^^^^^^^^^^^^^^^^^^^^^
  File "C:\Users\sucha\Downloads\portfolio\portfolio\ml-backend\venv\Lib\site-packages\sklearn\linear_model\_logistic.py", line 1423, in predict_proba
    ovr = self.multi_class in ["ovr", "warn"] or (
          ^^^^^^^^^^^^^^^^
AttributeError: 'LogisticRegression' object has no attribute 'multi_class'
2026-05-24 01:57:55 | INFO | prediction_worker | Processing headline: Trump FCC asks public to comment on whether ABC's The View is a news show
2026-05-24 01:57:55 | ERROR | prediction_worker | Headline processing failed: 'LogisticRegression' object has no attribute 'multi_class'
Traceback (most recent call last):
  File "C:\Users\sucha\Downloads\portfolio\portfolio\ml-backend\workers\prediction_worker.py", line 66, in process_headline
    prediction = predict_sentiment(
                 ^^^^^^^^^^^^^^^^^^
  File "C:\Users\sucha\Downloads\portfolio\portfolio\ml-backend\model.py", line 55, in predict_sentiment
    probabilities = pipeline.predict_proba([cleaned])[0]
                    ^^^^^^^^^^^^^^^^^^^^^^^^^^^^^^^^^
  File "C:\Users\sucha\Downloads\portfolio\portfolio\ml-backend\venv\Lib\site-packages\sklearn\pipeline.py", line 721, in predict_proba
    return self.steps[-1][1].predict_proba(Xt, **params)
           ^^^^^^^^^^^^^^^^^^^^^^^^^^^^^^^^^^^^^^^^^^^^^
  File "C:\Users\sucha\Downloads\portfolio\portfolio\ml-backend\venv\Lib\site-packages\sklearn\linear_model\_logistic.py", line 1423, in predict_proba
    ovr = self.multi_class in ["ovr", "warn"] or (
          ^^^^^^^^^^^^^^^^
AttributeError: 'LogisticRegression' object has no attribute 'multi_class'
2026-05-24 01:57:55 | INFO | prediction_worker | Processing headline: US scrambles to stop Internet users re-creating dead pilots’ voices
2026-05-24 01:57:55 | ERROR | prediction_worker | Headline processing failed: 'LogisticRegression' object has no attribute 'multi_class'
Traceback (most recent call last):
  File "C:\Users\sucha\Downloads\portfolio\portfolio\ml-backend\workers\prediction_worker.py", line 66, in process_headline
    prediction = predict_sentiment(
                 ^^^^^^^^^^^^^^^^^^
  File "C:\Users\sucha\Downloads\portfolio\portfolio\ml-backend\model.py", line 55, in predict_sentiment
    probabilities = pipeline.predict_proba([cleaned])[0]
                    ^^^^^^^^^^^^^^^^^^^^^^^^^^^^^^^^^
  File "C:\Users\sucha\Downloads\portfolio\portfolio\ml-backend\venv\Lib\site-packages\sklearn\pipeline.py", line 721, in predict_proba
    return self.steps[-1][1].predict_proba(Xt, **params)
           ^^^^^^^^^^^^^^^^^^^^^^^^^^^^^^^^^^^^^^^^^^^^^
  File "C:\Users\sucha\Downloads\portfolio\portfolio\ml-backend\venv\Lib\site-packages\sklearn\linear_model\_logistic.py", line 1423, in predict_proba
    ovr = self.multi_class in ["ovr", "warn"] or (
          ^^^^^^^^^^^^^^^^
AttributeError: 'LogisticRegression' object has no attribute 'multi_class'
2026-05-24 01:57:55 | INFO | prediction_worker | Processing headline: The Boys is dead. Long live Vought Rising.
2026-05-24 01:57:55 | ERROR | prediction_worker | Headline processing failed: 'LogisticRegression' object has no attribute 'multi_class'
Traceback (most recent call last):
  File "C:\Users\sucha\Downloads\portfolio\portfolio\ml-backend\workers\prediction_worker.py", line 66, in process_headline
    prediction = predict_sentiment(
                 ^^^^^^^^^^^^^^^^^^
  File "C:\Users\sucha\Downloads\portfolio\portfolio\ml-backend\model.py", line 55, in predict_sentiment
    probabilities = pipeline.predict_proba([cleaned])[0]
                    ^^^^^^^^^^^^^^^^^^^^^^^^^^^^^^^^^
  File "C:\Users\sucha\Downloads\portfolio\portfolio\ml-backend\venv\Lib\site-packages\sklearn\pipeline.py", line 721, in predict_proba
    return self.steps[-1][1].predict_proba(Xt, **params)
           ^^^^^^^^^^^^^^^^^^^^^^^^^^^^^^^^^^^^^^^^^^^^^
  File "C:\Users\sucha\Downloads\portfolio\portfolio\ml-backend\venv\Lib\site-packages\sklearn\linear_model\_logistic.py", line 1423, in predict_proba
    ovr = self.multi_class in ["ovr", "warn"] or (
          ^^^^^^^^^^^^^^^^
AttributeError: 'LogisticRegression' object has no attribute 'multi_class'
2026-05-24 01:57:55 | INFO | prediction_worker | Processing headline: Police boast of hacking VPN where criminals "believed themselves to be safe"
2026-05-24 01:57:55 | ERROR | prediction_worker | Headline processing failed: 'LogisticRegression' object has no attribute 'multi_class'
Traceback (most recent call last):
  File "C:\Users\sucha\Downloads\portfolio\portfolio\ml-backend\workers\prediction_worker.py", line 66, in process_headline
    prediction = predict_sentiment(
                 ^^^^^^^^^^^^^^^^^^
  File "C:\Users\sucha\Downloads\portfolio\portfolio\ml-backend\model.py", line 55, in predict_sentiment
    probabilities = pipeline.predict_proba([cleaned])[0]
                    ^^^^^^^^^^^^^^^^^^^^^^^^^^^^^^^^^
  File "C:\Users\sucha\Downloads\portfolio\portfolio\ml-backend\venv\Lib\site-packages\sklearn\pipeline.py", line 721, in predict_proba
    return self.steps[-1][1].predict_proba(Xt, **params)
           ^^^^^^^^^^^^^^^^^^^^^^^^^^^^^^^^^^^^^^^^^^^^^
  File "C:\Users\sucha\Downloads\portfolio\portfolio\ml-backend\venv\Lib\site-packages\sklearn\linear_model\_logistic.py", line 1423, in predict_proba
    ovr = self.multi_class in ["ovr", "warn"] or (
          ^^^^^^^^^^^^^^^^
AttributeError: 'LogisticRegression' object has no attribute 'multi_class'
2026-05-24 02:01:17 | INFO | prediction_worker | 🚀 Prediction worker started
2026-05-24 02:01:17 | INFO | prediction_worker | ✅ Sentiment model loaded
2026-05-24 02:02:10 | INFO | prediction_worker | Processing headline: SolarSquare in talks to raise up to $60M as India’s rooftop solar market draws m
2026-05-24 02:02:15 | INFO | prediction_worker | Prediction complete → Neutral
2026-05-24 02:02:15 | ERROR | prediction_worker | Supabase insert failed: 'SupabaseService' object has no attribute 'insert_record'
Traceback (most recent call last):
  File "C:\Users\sucha\Downloads\portfolio\portfolio\ml-backend\workers\prediction_worker.py", line 105, in process_headline
    supabase_service.insert_record(
    ^^^^^^^^^^^^^^^^^^^^^^^^^^^^^^
AttributeError: 'SupabaseService' object has no attribute 'insert_record'
2026-05-24 02:02:16 | INFO | prediction_worker | Published prediction event
2026-05-24 02:02:16 | INFO | prediction_worker | Processing headline: These special phone and app features can help protect you from spyware
2026-05-24 02:02:16 | INFO | prediction_worker | Prediction complete → Positive
2026-05-24 02:02:16 | ERROR | prediction_worker | Supabase insert failed: 'SupabaseService' object has no attribute 'insert_record'
Traceback (most recent call last):
  File "C:\Users\sucha\Downloads\portfolio\portfolio\ml-backend\workers\prediction_worker.py", line 105, in process_headline
    supabase_service.insert_record(
    ^^^^^^^^^^^^^^^^^^^^^^^^^^^^^^
AttributeError: 'SupabaseService' object has no attribute 'insert_record'
2026-05-24 02:02:16 | INFO | prediction_worker | Published prediction event
2026-05-24 02:02:16 | INFO | prediction_worker | Processing headline: Ferrari is using IBM’s AI to create F1 superfans
2026-05-24 02:02:16 | INFO | prediction_worker | Prediction complete → Neutral
2026-05-24 02:02:16 | ERROR | prediction_worker | Supabase insert failed: 'SupabaseService' object has no attribute 'insert_record'
Traceback (most recent call last):
  File "C:\Users\sucha\Downloads\portfolio\portfolio\ml-backend\workers\prediction_worker.py", line 105, in process_headline
    supabase_service.insert_record(
    ^^^^^^^^^^^^^^^^^^^^^^^^^^^^^^
AttributeError: 'SupabaseService' object has no attribute 'insert_record'
2026-05-24 02:02:16 | INFO | prediction_worker | Published prediction event
2026-05-24 02:02:16 | INFO | prediction_worker | Processing headline: Nuclear startup Deep Fission says it’s going public, again, and I have questions
2026-05-24 02:02:16 | INFO | prediction_worker | Prediction complete → Neutral
2026-05-24 02:02:16 | ERROR | prediction_worker | Supabase insert failed: 'SupabaseService' object has no attribute 'insert_record'
Traceback (most recent call last):
  File "C:\Users\sucha\Downloads\portfolio\portfolio\ml-backend\workers\prediction_worker.py", line 105, in process_headline
    supabase_service.insert_record(
    ^^^^^^^^^^^^^^^^^^^^^^^^^^^^^^
AttributeError: 'SupabaseService' object has no attribute 'insert_record'
2026-05-24 02:02:16 | INFO | prediction_worker | Published prediction event
2026-05-24 02:02:16 | INFO | prediction_worker | Processing headline: Elon Musk has given up on solar power (on Earth)
2026-05-24 02:02:16 | INFO | prediction_worker | Prediction complete → Neutral
2026-05-24 02:02:16 | ERROR | prediction_worker | Supabase insert failed: 'SupabaseService' object has no attribute 'insert_record'
Traceback (most recent call last):
  File "C:\Users\sucha\Downloads\portfolio\portfolio\ml-backend\workers\prediction_worker.py", line 105, in process_headline
    supabase_service.insert_record(
    ^^^^^^^^^^^^^^^^^^^^^^^^^^^^^^
AttributeError: 'SupabaseService' object has no attribute 'insert_record'
2026-05-24 02:02:16 | INFO | prediction_worker | Published prediction event
2026-05-24 02:02:16 | INFO | prediction_worker | Processing headline: Peec, one of Berlin’s rising startups, more than doubled annualized revenue in m
2026-05-24 02:02:16 | INFO | prediction_worker | Prediction complete → Neutral
2026-05-24 02:02:16 | ERROR | prediction_worker | Supabase insert failed: 'SupabaseService' object has no attribute 'insert_record'
Traceback (most recent call last):
  File "C:\Users\sucha\Downloads\portfolio\portfolio\ml-backend\workers\prediction_worker.py", line 105, in process_headline
    supabase_service.insert_record(
    ^^^^^^^^^^^^^^^^^^^^^^^^^^^^^^
AttributeError: 'SupabaseService' object has no attribute 'insert_record'
2026-05-24 02:02:16 | INFO | prediction_worker | Published prediction event
2026-05-24 02:02:16 | INFO | prediction_worker | Processing headline: AI is being used to resurrect the voices of dead pilots
2026-05-24 02:02:16 | INFO | prediction_worker | Prediction complete → Neutral
2026-05-24 02:02:16 | ERROR | prediction_worker | Supabase insert failed: 'SupabaseService' object has no attribute 'insert_record'
Traceback (most recent call last):
  File "C:\Users\sucha\Downloads\portfolio\portfolio\ml-backend\workers\prediction_worker.py", line 105, in process_headline
    supabase_service.insert_record(
    ^^^^^^^^^^^^^^^^^^^^^^^^^^^^^^
AttributeError: 'SupabaseService' object has no attribute 'insert_record'
2026-05-24 02:02:16 | INFO | prediction_worker | Published prediction event
2026-05-24 02:02:16 | INFO | prediction_worker | Processing headline: SpaceX launches Starship V3 for the first time, but loses booster on return
2026-05-24 02:02:16 | INFO | prediction_worker | Prediction complete → Neutral
2026-05-24 02:02:16 | ERROR | prediction_worker | Supabase insert failed: 'SupabaseService' object has no attribute 'insert_record'
Traceback (most recent call last):
  File "C:\Users\sucha\Downloads\portfolio\portfolio\ml-backend\workers\prediction_worker.py", line 105, in process_headline
    supabase_service.insert_record(
    ^^^^^^^^^^^^^^^^^^^^^^^^^^^^^^
AttributeError: 'SupabaseService' object has no attribute 'insert_record'
2026-05-24 02:02:16 | INFO | prediction_worker | Published prediction event
2026-05-24 02:02:16 | INFO | prediction_worker | Processing headline: Blue Origin cleared to fly New Glenn mega-rocket after April mishap
2026-05-24 02:02:16 | INFO | prediction_worker | Prediction complete → Neutral
2026-05-24 02:02:16 | ERROR | prediction_worker | Supabase insert failed: 'SupabaseService' object has no attribute 'insert_record'
Traceback (most recent call last):
  File "C:\Users\sucha\Downloads\portfolio\portfolio\ml-backend\workers\prediction_worker.py", line 105, in process_headline
    supabase_service.insert_record(
    ^^^^^^^^^^^^^^^^^^^^^^^^^^^^^^
AttributeError: 'SupabaseService' object has no attribute 'insert_record'
2026-05-24 02:02:16 | INFO | prediction_worker | Published prediction event
2026-05-24 02:02:16 | INFO | prediction_worker | Processing headline: Google goes for the glitter with disco-ball icons: ‘Are y’all sure you still wan
2026-05-24 02:02:16 | INFO | prediction_worker | Prediction complete → Neutral
2026-05-24 02:02:16 | ERROR | prediction_worker | Supabase insert failed: 'SupabaseService' object has no attribute 'insert_record'
Traceback (most recent call last):
  File "C:\Users\sucha\Downloads\portfolio\portfolio\ml-backend\workers\prediction_worker.py", line 105, in process_headline
    supabase_service.insert_record(
    ^^^^^^^^^^^^^^^^^^^^^^^^^^^^^^
AttributeError: 'SupabaseService' object has no attribute 'insert_record'
2026-05-24 02:02:16 | INFO | prediction_worker | Published prediction event
2026-05-24 02:02:16 | INFO | prediction_worker | Processing headline: The man behind the legendary MPC, Roger Linn, stays focused with a single browse
2026-05-24 02:02:16 | INFO | prediction_worker | Prediction complete → Neutral
2026-05-24 02:02:16 | ERROR | prediction_worker | Supabase insert failed: 'SupabaseService' object has no attribute 'insert_record'
Traceback (most recent call last):
  File "C:\Users\sucha\Downloads\portfolio\portfolio\ml-backend\workers\prediction_worker.py", line 105, in process_headline
    supabase_service.insert_record(
    ^^^^^^^^^^^^^^^^^^^^^^^^^^^^^^
AttributeError: 'SupabaseService' object has no attribute 'insert_record'
2026-05-24 02:02:17 | INFO | prediction_worker | Published prediction event
2026-05-24 02:02:17 | INFO | prediction_worker | Processing headline: Here are 38 Memorial Day deals we recommend for $50 or less
2026-05-24 02:02:17 | INFO | prediction_worker | Prediction complete → Positive
2026-05-24 02:02:17 | ERROR | prediction_worker | Supabase insert failed: 'SupabaseService' object has no attribute 'insert_record'
Traceback (most recent call last):
  File "C:\Users\sucha\Downloads\portfolio\portfolio\ml-backend\workers\prediction_worker.py", line 105, in process_headline
    supabase_service.insert_record(
    ^^^^^^^^^^^^^^^^^^^^^^^^^^^^^^
AttributeError: 'SupabaseService' object has no attribute 'insert_record'
2026-05-24 02:02:17 | INFO | prediction_worker | Published prediction event
2026-05-24 02:02:17 | INFO | prediction_worker | Processing headline: Hanging out in my favorite virtual coffee shop in Tokyo
2026-05-24 02:02:17 | INFO | prediction_worker | Prediction complete → Positive
2026-05-24 02:02:17 | ERROR | prediction_worker | Supabase insert failed: 'SupabaseService' object has no attribute 'insert_record'
Traceback (most recent call last):
  File "C:\Users\sucha\Downloads\portfolio\portfolio\ml-backend\workers\prediction_worker.py", line 105, in process_headline
    supabase_service.insert_record(
    ^^^^^^^^^^^^^^^^^^^^^^^^^^^^^^
AttributeError: 'SupabaseService' object has no attribute 'insert_record'
2026-05-24 02:02:17 | INFO | prediction_worker | Published prediction event
2026-05-24 02:02:17 | INFO | prediction_worker | Processing headline: I have a new go-to browser
2026-05-24 02:02:17 | INFO | prediction_worker | Prediction complete → Positive
2026-05-24 02:02:17 | ERROR | prediction_worker | Supabase insert failed: 'SupabaseService' object has no attribute 'insert_record'
Traceback (most recent call last):
  File "C:\Users\sucha\Downloads\portfolio\portfolio\ml-backend\workers\prediction_worker.py", line 105, in process_headline
    supabase_service.insert_record(
    ^^^^^^^^^^^^^^^^^^^^^^^^^^^^^^
AttributeError: 'SupabaseService' object has no attribute 'insert_record'
2026-05-24 02:02:17 | INFO | prediction_worker | Published prediction event
2026-05-24 02:02:17 | INFO | prediction_worker | Processing headline: Google’s new anything-to-anything AI model is wild
2026-05-24 02:02:17 | INFO | prediction_worker | Prediction complete → Positive
2026-05-24 02:02:17 | ERROR | prediction_worker | Supabase insert failed: 'SupabaseService' object has no attribute 'insert_record'
Traceback (most recent call last):
  File "C:\Users\sucha\Downloads\portfolio\portfolio\ml-backend\workers\prediction_worker.py", line 105, in process_headline
    supabase_service.insert_record(
    ^^^^^^^^^^^^^^^^^^^^^^^^^^^^^^
AttributeError: 'SupabaseService' object has no attribute 'insert_record'
2026-05-24 02:02:17 | INFO | prediction_worker | Published prediction event
2026-05-24 02:02:17 | INFO | prediction_worker | Processing headline: Google&#8217;s AI search is so broken it can &#8216;disregard&#8217; what you&#8
2026-05-24 02:02:17 | INFO | prediction_worker | Prediction complete → Neutral
2026-05-24 02:02:17 | ERROR | prediction_worker | Supabase insert failed: 'SupabaseService' object has no attribute 'insert_record'
Traceback (most recent call last):
  File "C:\Users\sucha\Downloads\portfolio\portfolio\ml-backend\workers\prediction_worker.py", line 105, in process_headline
    supabase_service.insert_record(
    ^^^^^^^^^^^^^^^^^^^^^^^^^^^^^^
AttributeError: 'SupabaseService' object has no attribute 'insert_record'
2026-05-24 02:02:17 | INFO | prediction_worker | Published prediction event
2026-05-24 02:02:17 | INFO | prediction_worker | Processing headline: Twelve South’s AirFly Pro 2 has hit one of its best prices ahead of summer trave
2026-05-24 02:02:17 | INFO | prediction_worker | Prediction complete → Positive
2026-05-24 02:02:17 | ERROR | prediction_worker | Supabase insert failed: 'SupabaseService' object has no attribute 'insert_record'
Traceback (most recent call last):
  File "C:\Users\sucha\Downloads\portfolio\portfolio\ml-backend\workers\prediction_worker.py", line 105, in process_headline
    supabase_service.insert_record(
    ^^^^^^^^^^^^^^^^^^^^^^^^^^^^^^
AttributeError: 'SupabaseService' object has no attribute 'insert_record'
2026-05-24 02:02:17 | INFO | prediction_worker | Published prediction event
2026-05-24 02:02:17 | INFO | prediction_worker | Processing headline: Meta’s Forum is part Reddit, part Facebook, and part Google AI Overview
2026-05-24 02:02:17 | INFO | prediction_worker | Prediction complete → Neutral
2026-05-24 02:02:17 | ERROR | prediction_worker | Supabase insert failed: 'SupabaseService' object has no attribute 'insert_record'
Traceback (most recent call last):
  File "C:\Users\sucha\Downloads\portfolio\portfolio\ml-backend\workers\prediction_worker.py", line 105, in process_headline
    supabase_service.insert_record(
    ^^^^^^^^^^^^^^^^^^^^^^^^^^^^^^
AttributeError: 'SupabaseService' object has no attribute 'insert_record'
2026-05-24 02:02:17 | INFO | prediction_worker | Published prediction event
2026-05-24 02:02:17 | INFO | prediction_worker | Processing headline: Elon, stop trying to make Grok happen
2026-05-24 02:02:17 | INFO | prediction_worker | Prediction complete → Neutral
2026-05-24 02:02:17 | ERROR | prediction_worker | Supabase insert failed: 'SupabaseService' object has no attribute 'insert_record'
Traceback (most recent call last):
  File "C:\Users\sucha\Downloads\portfolio\portfolio\ml-backend\workers\prediction_worker.py", line 105, in process_headline
    supabase_service.insert_record(
    ^^^^^^^^^^^^^^^^^^^^^^^^^^^^^^
AttributeError: 'SupabaseService' object has no attribute 'insert_record'
2026-05-24 02:02:17 | INFO | prediction_worker | Published prediction event
2026-05-24 02:02:17 | INFO | prediction_worker | Processing headline: The best Memorial Day sales you can shop this weekend
2026-05-24 02:02:17 | INFO | prediction_worker | Prediction complete → Positive
2026-05-24 02:02:17 | ERROR | prediction_worker | Supabase insert failed: 'SupabaseService' object has no attribute 'insert_record'
Traceback (most recent call last):
  File "C:\Users\sucha\Downloads\portfolio\portfolio\ml-backend\workers\prediction_worker.py", line 105, in process_headline
    supabase_service.insert_record(
    ^^^^^^^^^^^^^^^^^^^^^^^^^^^^^^
AttributeError: 'SupabaseService' object has no attribute 'insert_record'
2026-05-24 02:02:17 | INFO | prediction_worker | Published prediction event
2026-05-24 02:02:17 | INFO | prediction_worker | Processing headline: Best Power Banks (2026): My Picks After Testing Over 100
2026-05-24 02:02:17 | INFO | prediction_worker | Prediction complete → Positive
2026-05-24 02:02:17 | ERROR | prediction_worker | Supabase insert failed: 'SupabaseService' object has no attribute 'insert_record'
Traceback (most recent call last):
  File "C:\Users\sucha\Downloads\portfolio\portfolio\ml-backend\workers\prediction_worker.py", line 105, in process_headline
    supabase_service.insert_record(
    ^^^^^^^^^^^^^^^^^^^^^^^^^^^^^^
AttributeError: 'SupabaseService' object has no attribute 'insert_record'
2026-05-24 02:02:17 | INFO | prediction_worker | Published prediction event
2026-05-24 02:02:17 | INFO | prediction_worker | Processing headline: Memorial Day Dyson Vacuum Deals: V15 Detect, Gen5Detect, PencilVac On Sale
2026-05-24 02:02:17 | INFO | prediction_worker | Prediction complete → Positive
2026-05-24 02:02:17 | ERROR | prediction_worker | Supabase insert failed: 'SupabaseService' object has no attribute 'insert_record'
Traceback (most recent call last):
  File "C:\Users\sucha\Downloads\portfolio\portfolio\ml-backend\workers\prediction_worker.py", line 105, in process_headline
    supabase_service.insert_record(
    ^^^^^^^^^^^^^^^^^^^^^^^^^^^^^^
AttributeError: 'SupabaseService' object has no attribute 'insert_record'
2026-05-24 02:02:17 | INFO | prediction_worker | Published prediction event
2026-05-24 02:02:17 | INFO | prediction_worker | Processing headline: L.L.Bean's Zip Hunter's Tote Is the Only Carryall You Need
2026-05-24 02:02:17 | INFO | prediction_worker | Prediction complete → Neutral
2026-05-24 02:02:17 | ERROR | prediction_worker | Supabase insert failed: 'SupabaseService' object has no attribute 'insert_record'
Traceback (most recent call last):
  File "C:\Users\sucha\Downloads\portfolio\portfolio\ml-backend\workers\prediction_worker.py", line 105, in process_headline
    supabase_service.insert_record(
    ^^^^^^^^^^^^^^^^^^^^^^^^^^^^^^
AttributeError: 'SupabaseService' object has no attribute 'insert_record'
2026-05-24 02:02:18 | INFO | prediction_worker | Published prediction event
2026-05-24 02:02:18 | INFO | prediction_worker | Processing headline: Quantum ‘Jamming’ Could Help Unlock the Mysteries of Causality
2026-05-24 02:02:18 | INFO | prediction_worker | Prediction complete → Neutral
2026-05-24 02:02:18 | ERROR | prediction_worker | Supabase insert failed: 'SupabaseService' object has no attribute 'insert_record'
Traceback (most recent call last):
  File "C:\Users\sucha\Downloads\portfolio\portfolio\ml-backend\workers\prediction_worker.py", line 105, in process_headline
    supabase_service.insert_record(
    ^^^^^^^^^^^^^^^^^^^^^^^^^^^^^^
AttributeError: 'SupabaseService' object has no attribute 'insert_record'
2026-05-24 02:02:18 | INFO | prediction_worker | Published prediction event
2026-05-24 02:02:18 | INFO | prediction_worker | Processing headline: The Best Smart Sprinklers and Irrigation Systems: In-Ground Sprinklers, Hose Tim
2026-05-24 02:02:18 | INFO | prediction_worker | Prediction complete → Positive
2026-05-24 02:02:18 | ERROR | prediction_worker | Supabase insert failed: 'SupabaseService' object has no attribute 'insert_record'
Traceback (most recent call last):
  File "C:\Users\sucha\Downloads\portfolio\portfolio\ml-backend\workers\prediction_worker.py", line 105, in process_headline
    supabase_service.insert_record(
    ^^^^^^^^^^^^^^^^^^^^^^^^^^^^^^
AttributeError: 'SupabaseService' object has no attribute 'insert_record'
2026-05-24 02:02:18 | INFO | prediction_worker | Published prediction event
2026-05-24 02:02:18 | INFO | prediction_worker | Processing headline: The FBI Wants ‘Near Real-Time’ Access to US License Plate Readers
2026-05-24 02:02:18 | INFO | prediction_worker | Prediction complete → Neutral
2026-05-24 02:02:18 | ERROR | prediction_worker | Supabase insert failed: 'SupabaseService' object has no attribute 'insert_record'
Traceback (most recent call last):
  File "C:\Users\sucha\Downloads\portfolio\portfolio\ml-backend\workers\prediction_worker.py", line 105, in process_headline
    supabase_service.insert_record(
    ^^^^^^^^^^^^^^^^^^^^^^^^^^^^^^
AttributeError: 'SupabaseService' object has no attribute 'insert_record'
2026-05-24 02:02:18 | INFO | prediction_worker | Published prediction event
2026-05-24 02:02:18 | INFO | prediction_worker | Processing headline: Cosmic Voids May Contain the Universe’s Best Secrets
2026-05-24 02:02:18 | INFO | prediction_worker | Prediction complete → Positive
2026-05-24 02:02:18 | ERROR | prediction_worker | Supabase insert failed: 'SupabaseService' object has no attribute 'insert_record'
Traceback (most recent call last):
  File "C:\Users\sucha\Downloads\portfolio\portfolio\ml-backend\workers\prediction_worker.py", line 105, in process_headline
    supabase_service.insert_record(
    ^^^^^^^^^^^^^^^^^^^^^^^^^^^^^^
AttributeError: 'SupabaseService' object has no attribute 'insert_record'
2026-05-24 02:02:18 | INFO | prediction_worker | Published prediction event
2026-05-24 02:02:18 | INFO | prediction_worker | Processing headline: Best Memorial Day Deals: Garmin, Birdfy, Branch (2026)
2026-05-24 02:02:18 | INFO | prediction_worker | Prediction complete → Positive
2026-05-24 02:02:18 | ERROR | prediction_worker | Supabase insert failed: 'SupabaseService' object has no attribute 'insert_record'
Traceback (most recent call last):
  File "C:\Users\sucha\Downloads\portfolio\portfolio\ml-backend\workers\prediction_worker.py", line 105, in process_headline
    supabase_service.insert_record(
    ^^^^^^^^^^^^^^^^^^^^^^^^^^^^^^
AttributeError: 'SupabaseService' object has no attribute 'insert_record'
2026-05-24 02:02:18 | INFO | prediction_worker | Published prediction event
2026-05-24 02:02:18 | INFO | prediction_worker | Processing headline: A 'Golden Orb' on the Ocean Floor Came From a Mysterious Animal
2026-05-24 02:02:18 | INFO | prediction_worker | Prediction complete → Neutral
2026-05-24 02:02:18 | ERROR | prediction_worker | Supabase insert failed: 'SupabaseService' object has no attribute 'insert_record'
Traceback (most recent call last):
  File "C:\Users\sucha\Downloads\portfolio\portfolio\ml-backend\workers\prediction_worker.py", line 105, in process_headline
    supabase_service.insert_record(
    ^^^^^^^^^^^^^^^^^^^^^^^^^^^^^^
AttributeError: 'SupabaseService' object has no attribute 'insert_record'
2026-05-24 02:02:18 | INFO | prediction_worker | Published prediction event
2026-05-24 02:02:18 | INFO | prediction_worker | Processing headline: All Vehicles Sold in the EU Must Be Able to Hook Up to a Breathalyzer
2026-05-24 02:02:18 | INFO | prediction_worker | Prediction complete → Negative
2026-05-24 02:02:18 | ERROR | prediction_worker | Supabase insert failed: 'SupabaseService' object has no attribute 'insert_record'
Traceback (most recent call last):
  File "C:\Users\sucha\Downloads\portfolio\portfolio\ml-backend\workers\prediction_worker.py", line 105, in process_headline
    supabase_service.insert_record(
    ^^^^^^^^^^^^^^^^^^^^^^^^^^^^^^
AttributeError: 'SupabaseService' object has no attribute 'insert_record'
2026-05-24 02:02:18 | INFO | prediction_worker | Published prediction event
2026-05-24 02:02:18 | INFO | prediction_worker | Processing headline: SpaceX's Starship V3—still a work in progress—mostly successful on first flight
2026-05-24 02:02:18 | INFO | prediction_worker | Prediction complete → Neutral
2026-05-24 02:02:18 | ERROR | prediction_worker | Supabase insert failed: 'SupabaseService' object has no attribute 'insert_record'
Traceback (most recent call last):
  File "C:\Users\sucha\Downloads\portfolio\portfolio\ml-backend\workers\prediction_worker.py", line 105, in process_headline
    supabase_service.insert_record(
    ^^^^^^^^^^^^^^^^^^^^^^^^^^^^^^
AttributeError: 'SupabaseService' object has no attribute 'insert_record'
2026-05-24 02:02:18 | INFO | prediction_worker | Published prediction event
2026-05-24 02:02:18 | INFO | prediction_worker | Processing headline: Two space shuttle-era spacewalkers enter Astronaut Hall of Fame
2026-05-24 02:02:18 | INFO | prediction_worker | Prediction complete → Neutral
2026-05-24 02:02:18 | ERROR | prediction_worker | Supabase insert failed: 'SupabaseService' object has no attribute 'insert_record'
Traceback (most recent call last):
  File "C:\Users\sucha\Downloads\portfolio\portfolio\ml-backend\workers\prediction_worker.py", line 105, in process_headline
    supabase_service.insert_record(
    ^^^^^^^^^^^^^^^^^^^^^^^^^^^^^^
AttributeError: 'SupabaseService' object has no attribute 'insert_record'
2026-05-24 02:02:18 | INFO | prediction_worker | Published prediction event
2026-05-24 02:02:18 | INFO | prediction_worker | Processing headline: China’s shark finning could lead to US seafood sanctions
2026-05-24 02:02:18 | INFO | prediction_worker | Prediction complete → Neutral
2026-05-24 02:02:18 | ERROR | prediction_worker | Supabase insert failed: 'SupabaseService' object has no attribute 'insert_record'
Traceback (most recent call last):
  File "C:\Users\sucha\Downloads\portfolio\portfolio\ml-backend\workers\prediction_worker.py", line 105, in process_headline
    supabase_service.insert_record(
    ^^^^^^^^^^^^^^^^^^^^^^^^^^^^^^
AttributeError: 'SupabaseService' object has no attribute 'insert_record'
2026-05-24 02:02:18 | INFO | prediction_worker | Published prediction event
2026-05-24 02:02:18 | INFO | prediction_worker | Processing headline: Four Russian satellites are now within striking distance of an ICEYE radarsat
2026-05-24 02:02:18 | INFO | prediction_worker | Prediction complete → Neutral
2026-05-24 02:02:18 | ERROR | prediction_worker | Supabase insert failed: 'SupabaseService' object has no attribute 'insert_record'
Traceback (most recent call last):
  File "C:\Users\sucha\Downloads\portfolio\portfolio\ml-backend\workers\prediction_worker.py", line 105, in process_headline
    supabase_service.insert_record(
    ^^^^^^^^^^^^^^^^^^^^^^^^^^^^^^
AttributeError: 'SupabaseService' object has no attribute 'insert_record'
2026-05-24 02:02:18 | INFO | prediction_worker | Published prediction event
2026-05-24 02:02:18 | INFO | prediction_worker | Processing headline: Ebola outbreak now third largest recorded and "spreading rapidly"
2026-05-24 02:02:18 | INFO | prediction_worker | Prediction complete → Negative
2026-05-24 02:02:18 | ERROR | prediction_worker | Supabase insert failed: 'SupabaseService' object has no attribute 'insert_record'
Traceback (most recent call last):
  File "C:\Users\sucha\Downloads\portfolio\portfolio\ml-backend\workers\prediction_worker.py", line 105, in process_headline
    supabase_service.insert_record(
    ^^^^^^^^^^^^^^^^^^^^^^^^^^^^^^
AttributeError: 'SupabaseService' object has no attribute 'insert_record'
2026-05-24 02:02:18 | INFO | prediction_worker | Published prediction event
2026-05-24 02:02:19 | INFO | prediction_worker | Processing headline: First-generation Chromecast users stressed by devices suddenly failing
2026-05-24 02:02:19 | INFO | prediction_worker | Prediction complete → Neutral
2026-05-24 02:02:19 | ERROR | prediction_worker | Supabase insert failed: 'SupabaseService' object has no attribute 'insert_record'
Traceback (most recent call last):
  File "C:\Users\sucha\Downloads\portfolio\portfolio\ml-backend\workers\prediction_worker.py", line 105, in process_headline
    supabase_service.insert_record(
    ^^^^^^^^^^^^^^^^^^^^^^^^^^^^^^
AttributeError: 'SupabaseService' object has no attribute 'insert_record'
2026-05-24 02:02:19 | INFO | prediction_worker | Published prediction event
2026-05-24 02:02:19 | INFO | prediction_worker | Processing headline: Trump FCC asks public to comment on whether ABC's The View is a news show
2026-05-24 02:02:19 | INFO | prediction_worker | Prediction complete → Neutral
2026-05-24 02:02:19 | ERROR | prediction_worker | Supabase insert failed: 'SupabaseService' object has no attribute 'insert_record'
Traceback (most recent call last):
  File "C:\Users\sucha\Downloads\portfolio\portfolio\ml-backend\workers\prediction_worker.py", line 105, in process_headline
    supabase_service.insert_record(
    ^^^^^^^^^^^^^^^^^^^^^^^^^^^^^^
AttributeError: 'SupabaseService' object has no attribute 'insert_record'
2026-05-24 02:02:19 | INFO | prediction_worker | Published prediction event
2026-05-24 02:02:19 | INFO | prediction_worker | Processing headline: US scrambles to stop Internet users re-creating dead pilots’ voices
2026-05-24 02:02:19 | INFO | prediction_worker | Prediction complete → Negative
2026-05-24 02:02:19 | ERROR | prediction_worker | Supabase insert failed: 'SupabaseService' object has no attribute 'insert_record'
Traceback (most recent call last):
  File "C:\Users\sucha\Downloads\portfolio\portfolio\ml-backend\workers\prediction_worker.py", line 105, in process_headline
    supabase_service.insert_record(
    ^^^^^^^^^^^^^^^^^^^^^^^^^^^^^^
AttributeError: 'SupabaseService' object has no attribute 'insert_record'
2026-05-24 02:02:19 | INFO | prediction_worker | Published prediction event
2026-05-24 02:02:19 | INFO | prediction_worker | Processing headline: The Boys is dead. Long live Vought Rising.
2026-05-24 02:02:19 | INFO | prediction_worker | Prediction complete → Positive
2026-05-24 02:02:19 | ERROR | prediction_worker | Supabase insert failed: 'SupabaseService' object has no attribute 'insert_record'
Traceback (most recent call last):
  File "C:\Users\sucha\Downloads\portfolio\portfolio\ml-backend\workers\prediction_worker.py", line 105, in process_headline
    supabase_service.insert_record(
    ^^^^^^^^^^^^^^^^^^^^^^^^^^^^^^
AttributeError: 'SupabaseService' object has no attribute 'insert_record'
2026-05-24 02:02:19 | INFO | prediction_worker | Published prediction event
2026-05-24 02:02:19 | INFO | prediction_worker | Processing headline: Police boast of hacking VPN where criminals "believed themselves to be safe"
2026-05-24 02:02:19 | INFO | prediction_worker | Prediction complete → Negative
2026-05-24 02:02:19 | ERROR | prediction_worker | Supabase insert failed: 'SupabaseService' object has no attribute 'insert_record'
Traceback (most recent call last):
  File "C:\Users\sucha\Downloads\portfolio\portfolio\ml-backend\workers\prediction_worker.py", line 105, in process_headline
    supabase_service.insert_record(
    ^^^^^^^^^^^^^^^^^^^^^^^^^^^^^^
AttributeError: 'SupabaseService' object has no attribute 'insert_record'
2026-05-24 02:02:19 | INFO | prediction_worker | Published prediction event
2026-05-24 02:03:15 | INFO | prediction_worker | Processing headline: SolarSquare in talks to raise up to $60M as India’s rooftop solar market draws m
2026-05-24 02:03:15 | INFO | prediction_worker | Prediction complete → Neutral
2026-05-24 02:03:15 | ERROR | prediction_worker | Supabase insert failed: 'SupabaseService' object has no attribute 'insert_record'
Traceback (most recent call last):
  File "C:\Users\sucha\Downloads\portfolio\portfolio\ml-backend\workers\prediction_worker.py", line 105, in process_headline
    supabase_service.insert_record(
    ^^^^^^^^^^^^^^^^^^^^^^^^^^^^^^
AttributeError: 'SupabaseService' object has no attribute 'insert_record'
2026-05-24 02:03:16 | INFO | prediction_worker | Published prediction event
2026-05-24 02:03:16 | INFO | prediction_worker | Processing headline: These special phone and app features can help protect you from spyware
2026-05-24 02:03:16 | INFO | prediction_worker | Prediction complete → Positive
2026-05-24 02:03:16 | ERROR | prediction_worker | Supabase insert failed: 'SupabaseService' object has no attribute 'insert_record'
Traceback (most recent call last):
  File "C:\Users\sucha\Downloads\portfolio\portfolio\ml-backend\workers\prediction_worker.py", line 105, in process_headline
    supabase_service.insert_record(
    ^^^^^^^^^^^^^^^^^^^^^^^^^^^^^^
AttributeError: 'SupabaseService' object has no attribute 'insert_record'
2026-05-24 02:03:16 | INFO | prediction_worker | Published prediction event
2026-05-24 02:03:16 | INFO | prediction_worker | Processing headline: Ferrari is using IBM’s AI to create F1 superfans
2026-05-24 02:03:16 | INFO | prediction_worker | Prediction complete → Neutral
2026-05-24 02:03:16 | ERROR | prediction_worker | Supabase insert failed: 'SupabaseService' object has no attribute 'insert_record'
Traceback (most recent call last):
  File "C:\Users\sucha\Downloads\portfolio\portfolio\ml-backend\workers\prediction_worker.py", line 105, in process_headline
    supabase_service.insert_record(
    ^^^^^^^^^^^^^^^^^^^^^^^^^^^^^^
AttributeError: 'SupabaseService' object has no attribute 'insert_record'
2026-05-24 02:03:16 | INFO | prediction_worker | Published prediction event
2026-05-24 02:03:16 | INFO | prediction_worker | Processing headline: Nuclear startup Deep Fission says it’s going public, again, and I have questions
2026-05-24 02:03:16 | INFO | prediction_worker | Prediction complete → Neutral
2026-05-24 02:03:16 | ERROR | prediction_worker | Supabase insert failed: 'SupabaseService' object has no attribute 'insert_record'
Traceback (most recent call last):
  File "C:\Users\sucha\Downloads\portfolio\portfolio\ml-backend\workers\prediction_worker.py", line 105, in process_headline
    supabase_service.insert_record(
    ^^^^^^^^^^^^^^^^^^^^^^^^^^^^^^
AttributeError: 'SupabaseService' object has no attribute 'insert_record'
2026-05-24 02:03:16 | INFO | prediction_worker | Published prediction event
2026-05-24 02:03:16 | INFO | prediction_worker | Processing headline: Elon Musk has given up on solar power (on Earth)
2026-05-24 02:03:16 | INFO | prediction_worker | Prediction complete → Neutral
2026-05-24 02:03:16 | ERROR | prediction_worker | Supabase insert failed: 'SupabaseService' object has no attribute 'insert_record'
Traceback (most recent call last):
  File "C:\Users\sucha\Downloads\portfolio\portfolio\ml-backend\workers\prediction_worker.py", line 105, in process_headline
    supabase_service.insert_record(
    ^^^^^^^^^^^^^^^^^^^^^^^^^^^^^^
AttributeError: 'SupabaseService' object has no attribute 'insert_record'
2026-05-24 02:03:16 | INFO | prediction_worker | Published prediction event
2026-05-24 02:03:16 | INFO | prediction_worker | Processing headline: Peec, one of Berlin’s rising startups, more than doubled annualized revenue in m
2026-05-24 02:03:16 | INFO | prediction_worker | Prediction complete → Neutral
2026-05-24 02:03:16 | ERROR | prediction_worker | Supabase insert failed: 'SupabaseService' object has no attribute 'insert_record'
Traceback (most recent call last):
  File "C:\Users\sucha\Downloads\portfolio\portfolio\ml-backend\workers\prediction_worker.py", line 105, in process_headline
    supabase_service.insert_record(
    ^^^^^^^^^^^^^^^^^^^^^^^^^^^^^^
AttributeError: 'SupabaseService' object has no attribute 'insert_record'
2026-05-24 02:03:16 | INFO | prediction_worker | Published prediction event
2026-05-24 02:03:16 | INFO | prediction_worker | Processing headline: AI is being used to resurrect the voices of dead pilots
2026-05-24 02:03:16 | INFO | prediction_worker | Prediction complete → Neutral
2026-05-24 02:03:16 | ERROR | prediction_worker | Supabase insert failed: 'SupabaseService' object has no attribute 'insert_record'
Traceback (most recent call last):
  File "C:\Users\sucha\Downloads\portfolio\portfolio\ml-backend\workers\prediction_worker.py", line 105, in process_headline
    supabase_service.insert_record(
    ^^^^^^^^^^^^^^^^^^^^^^^^^^^^^^
AttributeError: 'SupabaseService' object has no attribute 'insert_record'
2026-05-24 02:03:16 | INFO | prediction_worker | Published prediction event
2026-05-24 02:03:16 | INFO | prediction_worker | Processing headline: SpaceX launches Starship V3 for the first time, but loses booster on return
2026-05-24 02:03:16 | INFO | prediction_worker | Prediction complete → Neutral
2026-05-24 02:03:16 | ERROR | prediction_worker | Supabase insert failed: 'SupabaseService' object has no attribute 'insert_record'
Traceback (most recent call last):
  File "C:\Users\sucha\Downloads\portfolio\portfolio\ml-backend\workers\prediction_worker.py", line 105, in process_headline
    supabase_service.insert_record(
    ^^^^^^^^^^^^^^^^^^^^^^^^^^^^^^
AttributeError: 'SupabaseService' object has no attribute 'insert_record'
2026-05-24 02:03:16 | INFO | prediction_worker | Published prediction event
2026-05-24 02:03:16 | INFO | prediction_worker | Processing headline: Blue Origin cleared to fly New Glenn mega-rocket after April mishap
2026-05-24 02:03:16 | INFO | prediction_worker | Prediction complete → Neutral
2026-05-24 02:03:16 | ERROR | prediction_worker | Supabase insert failed: 'SupabaseService' object has no attribute 'insert_record'
Traceback (most recent call last):
  File "C:\Users\sucha\Downloads\portfolio\portfolio\ml-backend\workers\prediction_worker.py", line 105, in process_headline
    supabase_service.insert_record(
    ^^^^^^^^^^^^^^^^^^^^^^^^^^^^^^
AttributeError: 'SupabaseService' object has no attribute 'insert_record'
2026-05-24 02:03:16 | INFO | prediction_worker | Published prediction event
2026-05-24 02:03:16 | INFO | prediction_worker | Processing headline: Google goes for the glitter with disco-ball icons: ‘Are y’all sure you still wan
2026-05-24 02:03:16 | INFO | prediction_worker | Prediction complete → Neutral
2026-05-24 02:03:16 | ERROR | prediction_worker | Supabase insert failed: 'SupabaseService' object has no attribute 'insert_record'
Traceback (most recent call last):
  File "C:\Users\sucha\Downloads\portfolio\portfolio\ml-backend\workers\prediction_worker.py", line 105, in process_headline
    supabase_service.insert_record(
    ^^^^^^^^^^^^^^^^^^^^^^^^^^^^^^
AttributeError: 'SupabaseService' object has no attribute 'insert_record'
2026-05-24 02:03:16 | INFO | prediction_worker | Published prediction event
2026-05-24 02:03:16 | INFO | prediction_worker | Processing headline: The man behind the legendary MPC, Roger Linn, stays focused with a single browse
2026-05-24 02:03:16 | INFO | prediction_worker | Prediction complete → Neutral
2026-05-24 02:03:16 | ERROR | prediction_worker | Supabase insert failed: 'SupabaseService' object has no attribute 'insert_record'
Traceback (most recent call last):
  File "C:\Users\sucha\Downloads\portfolio\portfolio\ml-backend\workers\prediction_worker.py", line 105, in process_headline
    supabase_service.insert_record(
    ^^^^^^^^^^^^^^^^^^^^^^^^^^^^^^
AttributeError: 'SupabaseService' object has no attribute 'insert_record'
2026-05-24 02:03:16 | INFO | prediction_worker | Published prediction event
2026-05-24 02:03:16 | INFO | prediction_worker | Processing headline: Here are 38 Memorial Day deals we recommend for $50 or less
2026-05-24 02:03:16 | INFO | prediction_worker | Prediction complete → Positive
2026-05-24 02:03:16 | ERROR | prediction_worker | Supabase insert failed: 'SupabaseService' object has no attribute 'insert_record'
Traceback (most recent call last):
  File "C:\Users\sucha\Downloads\portfolio\portfolio\ml-backend\workers\prediction_worker.py", line 105, in process_headline
    supabase_service.insert_record(
    ^^^^^^^^^^^^^^^^^^^^^^^^^^^^^^
AttributeError: 'SupabaseService' object has no attribute 'insert_record'
2026-05-24 02:03:16 | INFO | prediction_worker | Published prediction event
2026-05-24 02:03:16 | INFO | prediction_worker | Processing headline: Hanging out in my favorite virtual coffee shop in Tokyo
2026-05-24 02:03:16 | INFO | prediction_worker | Prediction complete → Positive
2026-05-24 02:03:16 | ERROR | prediction_worker | Supabase insert failed: 'SupabaseService' object has no attribute 'insert_record'
Traceback (most recent call last):
  File "C:\Users\sucha\Downloads\portfolio\portfolio\ml-backend\workers\prediction_worker.py", line 105, in process_headline
    supabase_service.insert_record(
    ^^^^^^^^^^^^^^^^^^^^^^^^^^^^^^
AttributeError: 'SupabaseService' object has no attribute 'insert_record'
2026-05-24 02:03:17 | INFO | prediction_worker | Published prediction event
2026-05-24 02:03:17 | INFO | prediction_worker | Processing headline: I have a new go-to browser
2026-05-24 02:03:17 | INFO | prediction_worker | Prediction complete → Positive
2026-05-24 02:03:17 | ERROR | prediction_worker | Supabase insert failed: 'SupabaseService' object has no attribute 'insert_record'
Traceback (most recent call last):
  File "C:\Users\sucha\Downloads\portfolio\portfolio\ml-backend\workers\prediction_worker.py", line 105, in process_headline
    supabase_service.insert_record(
    ^^^^^^^^^^^^^^^^^^^^^^^^^^^^^^
AttributeError: 'SupabaseService' object has no attribute 'insert_record'
2026-05-24 02:03:17 | INFO | prediction_worker | Published prediction event
2026-05-24 02:03:17 | INFO | prediction_worker | Processing headline: Google’s new anything-to-anything AI model is wild
2026-05-24 02:03:17 | INFO | prediction_worker | Prediction complete → Positive
2026-05-24 02:03:17 | ERROR | prediction_worker | Supabase insert failed: 'SupabaseService' object has no attribute 'insert_record'
Traceback (most recent call last):
  File "C:\Users\sucha\Downloads\portfolio\portfolio\ml-backend\workers\prediction_worker.py", line 105, in process_headline
    supabase_service.insert_record(
    ^^^^^^^^^^^^^^^^^^^^^^^^^^^^^^
AttributeError: 'SupabaseService' object has no attribute 'insert_record'
2026-05-24 02:03:17 | INFO | prediction_worker | Published prediction event
2026-05-24 02:03:17 | INFO | prediction_worker | Processing headline: Google&#8217;s AI search is so broken it can &#8216;disregard&#8217; what you&#8
2026-05-24 02:03:17 | INFO | prediction_worker | Prediction complete → Neutral
2026-05-24 02:03:17 | ERROR | prediction_worker | Supabase insert failed: 'SupabaseService' object has no attribute 'insert_record'
Traceback (most recent call last):
  File "C:\Users\sucha\Downloads\portfolio\portfolio\ml-backend\workers\prediction_worker.py", line 105, in process_headline
    supabase_service.insert_record(
    ^^^^^^^^^^^^^^^^^^^^^^^^^^^^^^
AttributeError: 'SupabaseService' object has no attribute 'insert_record'
2026-05-24 02:03:17 | INFO | prediction_worker | Published prediction event
2026-05-24 02:03:17 | INFO | prediction_worker | Processing headline: Twelve South’s AirFly Pro 2 has hit one of its best prices ahead of summer trave
2026-05-24 02:03:17 | INFO | prediction_worker | Prediction complete → Positive
2026-05-24 02:03:17 | ERROR | prediction_worker | Supabase insert failed: 'SupabaseService' object has no attribute 'insert_record'
Traceback (most recent call last):
  File "C:\Users\sucha\Downloads\portfolio\portfolio\ml-backend\workers\prediction_worker.py", line 105, in process_headline
    supabase_service.insert_record(
    ^^^^^^^^^^^^^^^^^^^^^^^^^^^^^^
AttributeError: 'SupabaseService' object has no attribute 'insert_record'
2026-05-24 02:03:17 | INFO | prediction_worker | Published prediction event
2026-05-24 02:03:17 | INFO | prediction_worker | Processing headline: Meta’s Forum is part Reddit, part Facebook, and part Google AI Overview
2026-05-24 02:03:17 | INFO | prediction_worker | Prediction complete → Neutral
2026-05-24 02:03:17 | ERROR | prediction_worker | Supabase insert failed: 'SupabaseService' object has no attribute 'insert_record'
Traceback (most recent call last):
  File "C:\Users\sucha\Downloads\portfolio\portfolio\ml-backend\workers\prediction_worker.py", line 105, in process_headline
    supabase_service.insert_record(
    ^^^^^^^^^^^^^^^^^^^^^^^^^^^^^^
AttributeError: 'SupabaseService' object has no attribute 'insert_record'
2026-05-24 02:03:17 | INFO | prediction_worker | Published prediction event
2026-05-24 02:03:17 | INFO | prediction_worker | Processing headline: Elon, stop trying to make Grok happen
2026-05-24 02:03:17 | INFO | prediction_worker | Prediction complete → Neutral
2026-05-24 02:03:17 | ERROR | prediction_worker | Supabase insert failed: 'SupabaseService' object has no attribute 'insert_record'
Traceback (most recent call last):
  File "C:\Users\sucha\Downloads\portfolio\portfolio\ml-backend\workers\prediction_worker.py", line 105, in process_headline
    supabase_service.insert_record(
    ^^^^^^^^^^^^^^^^^^^^^^^^^^^^^^
AttributeError: 'SupabaseService' object has no attribute 'insert_record'
2026-05-24 02:03:17 | INFO | prediction_worker | Published prediction event
2026-05-24 02:03:17 | INFO | prediction_worker | Processing headline: The best Memorial Day sales you can shop this weekend
2026-05-24 02:03:17 | INFO | prediction_worker | Prediction complete → Positive
2026-05-24 02:03:17 | ERROR | prediction_worker | Supabase insert failed: 'SupabaseService' object has no attribute 'insert_record'
Traceback (most recent call last):
  File "C:\Users\sucha\Downloads\portfolio\portfolio\ml-backend\workers\prediction_worker.py", line 105, in process_headline
    supabase_service.insert_record(
    ^^^^^^^^^^^^^^^^^^^^^^^^^^^^^^
AttributeError: 'SupabaseService' object has no attribute 'insert_record'
2026-05-24 02:03:17 | INFO | prediction_worker | Published prediction event
2026-05-24 02:03:17 | INFO | prediction_worker | Processing headline: Best Power Banks (2026): My Picks After Testing Over 100
2026-05-24 02:03:17 | INFO | prediction_worker | Prediction complete → Positive
2026-05-24 02:03:17 | ERROR | prediction_worker | Supabase insert failed: 'SupabaseService' object has no attribute 'insert_record'
Traceback (most recent call last):
  File "C:\Users\sucha\Downloads\portfolio\portfolio\ml-backend\workers\prediction_worker.py", line 105, in process_headline
    supabase_service.insert_record(
    ^^^^^^^^^^^^^^^^^^^^^^^^^^^^^^
AttributeError: 'SupabaseService' object has no attribute 'insert_record'
2026-05-24 02:03:17 | INFO | prediction_worker | Published prediction event
2026-05-24 02:03:17 | INFO | prediction_worker | Processing headline: Memorial Day Dyson Vacuum Deals: V15 Detect, Gen5Detect, PencilVac On Sale
2026-05-24 02:03:17 | INFO | prediction_worker | Prediction complete → Positive
2026-05-24 02:03:17 | ERROR | prediction_worker | Supabase insert failed: 'SupabaseService' object has no attribute 'insert_record'
Traceback (most recent call last):
  File "C:\Users\sucha\Downloads\portfolio\portfolio\ml-backend\workers\prediction_worker.py", line 105, in process_headline
    supabase_service.insert_record(
    ^^^^^^^^^^^^^^^^^^^^^^^^^^^^^^
AttributeError: 'SupabaseService' object has no attribute 'insert_record'
2026-05-24 02:03:17 | INFO | prediction_worker | Published prediction event
2026-05-24 02:03:17 | INFO | prediction_worker | Processing headline: L.L.Bean's Zip Hunter's Tote Is the Only Carryall You Need
2026-05-24 02:03:17 | INFO | prediction_worker | Prediction complete → Neutral
2026-05-24 02:03:17 | ERROR | prediction_worker | Supabase insert failed: 'SupabaseService' object has no attribute 'insert_record'
Traceback (most recent call last):
  File "C:\Users\sucha\Downloads\portfolio\portfolio\ml-backend\workers\prediction_worker.py", line 105, in process_headline
    supabase_service.insert_record(
    ^^^^^^^^^^^^^^^^^^^^^^^^^^^^^^
AttributeError: 'SupabaseService' object has no attribute 'insert_record'
2026-05-24 02:03:17 | INFO | prediction_worker | Published prediction event
2026-05-24 02:03:17 | INFO | prediction_worker | Processing headline: Quantum ‘Jamming’ Could Help Unlock the Mysteries of Causality
2026-05-24 02:03:17 | INFO | prediction_worker | Prediction complete → Neutral
2026-05-24 02:03:17 | ERROR | prediction_worker | Supabase insert failed: 'SupabaseService' object has no attribute 'insert_record'
Traceback (most recent call last):
  File "C:\Users\sucha\Downloads\portfolio\portfolio\ml-backend\workers\prediction_worker.py", line 105, in process_headline
    supabase_service.insert_record(
    ^^^^^^^^^^^^^^^^^^^^^^^^^^^^^^
AttributeError: 'SupabaseService' object has no attribute 'insert_record'
2026-05-24 02:03:17 | INFO | prediction_worker | Published prediction event
2026-05-24 02:03:17 | INFO | prediction_worker | Processing headline: The Best Smart Sprinklers and Irrigation Systems: In-Ground Sprinklers, Hose Tim
2026-05-24 02:03:17 | INFO | prediction_worker | Prediction complete → Positive
2026-05-24 02:03:17 | ERROR | prediction_worker | Supabase insert failed: 'SupabaseService' object has no attribute 'insert_record'
Traceback (most recent call last):
  File "C:\Users\sucha\Downloads\portfolio\portfolio\ml-backend\workers\prediction_worker.py", line 105, in process_headline
    supabase_service.insert_record(
    ^^^^^^^^^^^^^^^^^^^^^^^^^^^^^^
AttributeError: 'SupabaseService' object has no attribute 'insert_record'
2026-05-24 02:03:17 | INFO | prediction_worker | Published prediction event
2026-05-24 02:03:18 | INFO | prediction_worker | Processing headline: The FBI Wants ‘Near Real-Time’ Access to US License Plate Readers
2026-05-24 02:03:18 | INFO | prediction_worker | Prediction complete → Neutral
2026-05-24 02:03:18 | ERROR | prediction_worker | Supabase insert failed: 'SupabaseService' object has no attribute 'insert_record'
Traceback (most recent call last):
  File "C:\Users\sucha\Downloads\portfolio\portfolio\ml-backend\workers\prediction_worker.py", line 105, in process_headline
    supabase_service.insert_record(
    ^^^^^^^^^^^^^^^^^^^^^^^^^^^^^^
AttributeError: 'SupabaseService' object has no attribute 'insert_record'
2026-05-24 02:03:18 | INFO | prediction_worker | Published prediction event
2026-05-24 02:03:18 | INFO | prediction_worker | Processing headline: Cosmic Voids May Contain the Universe’s Best Secrets
2026-05-24 02:03:18 | INFO | prediction_worker | Prediction complete → Positive
2026-05-24 02:03:18 | ERROR | prediction_worker | Supabase insert failed: 'SupabaseService' object has no attribute 'insert_record'
Traceback (most recent call last):
  File "C:\Users\sucha\Downloads\portfolio\portfolio\ml-backend\workers\prediction_worker.py", line 105, in process_headline
    supabase_service.insert_record(
    ^^^^^^^^^^^^^^^^^^^^^^^^^^^^^^
AttributeError: 'SupabaseService' object has no attribute 'insert_record'
2026-05-24 02:03:18 | INFO | prediction_worker | Published prediction event
2026-05-24 02:03:18 | INFO | prediction_worker | Processing headline: Best Memorial Day Deals: Garmin, Birdfy, Branch (2026)
2026-05-24 02:03:18 | INFO | prediction_worker | Prediction complete → Positive
2026-05-24 02:03:18 | ERROR | prediction_worker | Supabase insert failed: 'SupabaseService' object has no attribute 'insert_record'
Traceback (most recent call last):
  File "C:\Users\sucha\Downloads\portfolio\portfolio\ml-backend\workers\prediction_worker.py", line 105, in process_headline
    supabase_service.insert_record(
    ^^^^^^^^^^^^^^^^^^^^^^^^^^^^^^
AttributeError: 'SupabaseService' object has no attribute 'insert_record'
2026-05-24 02:03:18 | INFO | prediction_worker | Published prediction event
2026-05-24 02:03:18 | INFO | prediction_worker | Processing headline: A 'Golden Orb' on the Ocean Floor Came From a Mysterious Animal
2026-05-24 02:03:18 | INFO | prediction_worker | Prediction complete → Neutral
2026-05-24 02:03:18 | ERROR | prediction_worker | Supabase insert failed: 'SupabaseService' object has no attribute 'insert_record'
Traceback (most recent call last):
  File "C:\Users\sucha\Downloads\portfolio\portfolio\ml-backend\workers\prediction_worker.py", line 105, in process_headline
    supabase_service.insert_record(
    ^^^^^^^^^^^^^^^^^^^^^^^^^^^^^^
AttributeError: 'SupabaseService' object has no attribute 'insert_record'
2026-05-24 02:03:18 | INFO | prediction_worker | Published prediction event
2026-05-24 02:03:18 | INFO | prediction_worker | Processing headline: All Vehicles Sold in the EU Must Be Able to Hook Up to a Breathalyzer
2026-05-24 02:03:18 | INFO | prediction_worker | Prediction complete → Negative
2026-05-24 02:03:18 | ERROR | prediction_worker | Supabase insert failed: 'SupabaseService' object has no attribute 'insert_record'
Traceback (most recent call last):
  File "C:\Users\sucha\Downloads\portfolio\portfolio\ml-backend\workers\prediction_worker.py", line 105, in process_headline
    supabase_service.insert_record(
    ^^^^^^^^^^^^^^^^^^^^^^^^^^^^^^
AttributeError: 'SupabaseService' object has no attribute 'insert_record'
2026-05-24 02:03:18 | INFO | prediction_worker | Published prediction event
2026-05-24 02:03:18 | INFO | prediction_worker | Processing headline: SpaceX's Starship V3—still a work in progress—mostly successful on first flight
2026-05-24 02:03:18 | INFO | prediction_worker | Prediction complete → Neutral
2026-05-24 02:03:18 | ERROR | prediction_worker | Supabase insert failed: 'SupabaseService' object has no attribute 'insert_record'
Traceback (most recent call last):
  File "C:\Users\sucha\Downloads\portfolio\portfolio\ml-backend\workers\prediction_worker.py", line 105, in process_headline
    supabase_service.insert_record(
    ^^^^^^^^^^^^^^^^^^^^^^^^^^^^^^
AttributeError: 'SupabaseService' object has no attribute 'insert_record'
2026-05-24 02:03:18 | INFO | prediction_worker | Published prediction event
2026-05-24 02:03:18 | INFO | prediction_worker | Processing headline: Two space shuttle-era spacewalkers enter Astronaut Hall of Fame
2026-05-24 02:03:18 | INFO | prediction_worker | Prediction complete → Neutral
2026-05-24 02:03:18 | ERROR | prediction_worker | Supabase insert failed: 'SupabaseService' object has no attribute 'insert_record'
Traceback (most recent call last):
  File "C:\Users\sucha\Downloads\portfolio\portfolio\ml-backend\workers\prediction_worker.py", line 105, in process_headline
    supabase_service.insert_record(
    ^^^^^^^^^^^^^^^^^^^^^^^^^^^^^^
AttributeError: 'SupabaseService' object has no attribute 'insert_record'
2026-05-24 02:03:18 | INFO | prediction_worker | Published prediction event
2026-05-24 02:03:18 | INFO | prediction_worker | Processing headline: China’s shark finning could lead to US seafood sanctions
2026-05-24 02:03:18 | INFO | prediction_worker | Prediction complete → Neutral
2026-05-24 02:03:18 | ERROR | prediction_worker | Supabase insert failed: 'SupabaseService' object has no attribute 'insert_record'
Traceback (most recent call last):
  File "C:\Users\sucha\Downloads\portfolio\portfolio\ml-backend\workers\prediction_worker.py", line 105, in process_headline
    supabase_service.insert_record(
    ^^^^^^^^^^^^^^^^^^^^^^^^^^^^^^
AttributeError: 'SupabaseService' object has no attribute 'insert_record'
2026-05-24 02:03:18 | INFO | prediction_worker | Published prediction event
2026-05-24 02:03:18 | INFO | prediction_worker | Processing headline: Four Russian satellites are now within striking distance of an ICEYE radarsat
2026-05-24 02:03:18 | INFO | prediction_worker | Prediction complete → Neutral
2026-05-24 02:03:18 | ERROR | prediction_worker | Supabase insert failed: 'SupabaseService' object has no attribute 'insert_record'
Traceback (most recent call last):
  File "C:\Users\sucha\Downloads\portfolio\portfolio\ml-backend\workers\prediction_worker.py", line 105, in process_headline
    supabase_service.insert_record(
    ^^^^^^^^^^^^^^^^^^^^^^^^^^^^^^
AttributeError: 'SupabaseService' object has no attribute 'insert_record'
2026-05-24 02:03:18 | INFO | prediction_worker | Published prediction event
2026-05-24 02:03:18 | INFO | prediction_worker | Processing headline: Ebola outbreak now third largest recorded and "spreading rapidly"
2026-05-24 02:03:18 | INFO | prediction_worker | Prediction complete → Negative
2026-05-24 02:03:18 | ERROR | prediction_worker | Supabase insert failed: 'SupabaseService' object has no attribute 'insert_record'
Traceback (most recent call last):
  File "C:\Users\sucha\Downloads\portfolio\portfolio\ml-backend\workers\prediction_worker.py", line 105, in process_headline
    supabase_service.insert_record(
    ^^^^^^^^^^^^^^^^^^^^^^^^^^^^^^
AttributeError: 'SupabaseService' object has no attribute 'insert_record'
2026-05-24 02:03:18 | INFO | prediction_worker | Published prediction event
2026-05-24 02:03:18 | INFO | prediction_worker | Processing headline: First-generation Chromecast users stressed by devices suddenly failing
2026-05-24 02:03:18 | INFO | prediction_worker | Prediction complete → Neutral
2026-05-24 02:03:18 | ERROR | prediction_worker | Supabase insert failed: 'SupabaseService' object has no attribute 'insert_record'
Traceback (most recent call last):
  File "C:\Users\sucha\Downloads\portfolio\portfolio\ml-backend\workers\prediction_worker.py", line 105, in process_headline
    supabase_service.insert_record(
    ^^^^^^^^^^^^^^^^^^^^^^^^^^^^^^
AttributeError: 'SupabaseService' object has no attribute 'insert_record'
2026-05-24 02:03:18 | INFO | prediction_worker | Published prediction event
2026-05-24 02:03:18 | INFO | prediction_worker | Processing headline: Trump FCC asks public to comment on whether ABC's The View is a news show
2026-05-24 02:03:18 | INFO | prediction_worker | Prediction complete → Neutral
2026-05-24 02:03:18 | ERROR | prediction_worker | Supabase insert failed: 'SupabaseService' object has no attribute 'insert_record'
Traceback (most recent call last):
  File "C:\Users\sucha\Downloads\portfolio\portfolio\ml-backend\workers\prediction_worker.py", line 105, in process_headline
    supabase_service.insert_record(
    ^^^^^^^^^^^^^^^^^^^^^^^^^^^^^^
AttributeError: 'SupabaseService' object has no attribute 'insert_record'
2026-05-24 02:03:18 | INFO | prediction_worker | Published prediction event
2026-05-24 02:03:18 | INFO | prediction_worker | Processing headline: US scrambles to stop Internet users re-creating dead pilots’ voices
2026-05-24 02:03:18 | INFO | prediction_worker | Prediction complete → Negative
2026-05-24 02:03:18 | ERROR | prediction_worker | Supabase insert failed: 'SupabaseService' object has no attribute 'insert_record'
Traceback (most recent call last):
  File "C:\Users\sucha\Downloads\portfolio\portfolio\ml-backend\workers\prediction_worker.py", line 105, in process_headline
    supabase_service.insert_record(
    ^^^^^^^^^^^^^^^^^^^^^^^^^^^^^^
AttributeError: 'SupabaseService' object has no attribute 'insert_record'
2026-05-24 02:03:19 | INFO | prediction_worker | Published prediction event
2026-05-24 02:03:19 | INFO | prediction_worker | Processing headline: The Boys is dead. Long live Vought Rising.
2026-05-24 02:03:19 | INFO | prediction_worker | Prediction complete → Positive
2026-05-24 02:03:19 | ERROR | prediction_worker | Supabase insert failed: 'SupabaseService' object has no attribute 'insert_record'
Traceback (most recent call last):
  File "C:\Users\sucha\Downloads\portfolio\portfolio\ml-backend\workers\prediction_worker.py", line 105, in process_headline
    supabase_service.insert_record(
    ^^^^^^^^^^^^^^^^^^^^^^^^^^^^^^
AttributeError: 'SupabaseService' object has no attribute 'insert_record'
2026-05-24 02:03:19 | INFO | prediction_worker | Published prediction event
2026-05-24 02:03:19 | INFO | prediction_worker | Processing headline: Police boast of hacking VPN where criminals "believed themselves to be safe"
2026-05-24 02:03:19 | INFO | prediction_worker | Prediction complete → Negative
2026-05-24 02:03:19 | ERROR | prediction_worker | Supabase insert failed: 'SupabaseService' object has no attribute 'insert_record'
Traceback (most recent call last):
  File "C:\Users\sucha\Downloads\portfolio\portfolio\ml-backend\workers\prediction_worker.py", line 105, in process_headline
    supabase_service.insert_record(
    ^^^^^^^^^^^^^^^^^^^^^^^^^^^^^^
AttributeError: 'SupabaseService' object has no attribute 'insert_record'
2026-05-24 02:03:19 | INFO | prediction_worker | Published prediction event
2026-05-24 02:04:19 | INFO | prediction_worker | Processing headline: SolarSquare in talks to raise up to $60M as India’s rooftop solar market draws m
2026-05-24 02:04:19 | INFO | prediction_worker | Prediction complete → Neutral
2026-05-24 02:04:19 | ERROR | prediction_worker | Supabase insert failed: 'SupabaseService' object has no attribute 'insert_record'
Traceback (most recent call last):
  File "C:\Users\sucha\Downloads\portfolio\portfolio\ml-backend\workers\prediction_worker.py", line 105, in process_headline
    supabase_service.insert_record(
    ^^^^^^^^^^^^^^^^^^^^^^^^^^^^^^
AttributeError: 'SupabaseService' object has no attribute 'insert_record'
2026-05-24 02:04:19 | INFO | prediction_worker | Published prediction event
2026-05-24 02:04:19 | INFO | prediction_worker | Processing headline: These special phone and app features can help protect you from spyware
2026-05-24 02:04:19 | INFO | prediction_worker | Prediction complete → Positive
2026-05-24 02:04:19 | ERROR | prediction_worker | Supabase insert failed: 'SupabaseService' object has no attribute 'insert_record'
Traceback (most recent call last):
  File "C:\Users\sucha\Downloads\portfolio\portfolio\ml-backend\workers\prediction_worker.py", line 105, in process_headline
    supabase_service.insert_record(
    ^^^^^^^^^^^^^^^^^^^^^^^^^^^^^^
AttributeError: 'SupabaseService' object has no attribute 'insert_record'
2026-05-24 02:04:20 | INFO | prediction_worker | Published prediction event
2026-05-24 02:04:20 | INFO | prediction_worker | Processing headline: Ferrari is using IBM’s AI to create F1 superfans
2026-05-24 02:04:20 | INFO | prediction_worker | Prediction complete → Neutral
2026-05-24 02:04:20 | ERROR | prediction_worker | Supabase insert failed: 'SupabaseService' object has no attribute 'insert_record'
Traceback (most recent call last):
  File "C:\Users\sucha\Downloads\portfolio\portfolio\ml-backend\workers\prediction_worker.py", line 105, in process_headline
    supabase_service.insert_record(
    ^^^^^^^^^^^^^^^^^^^^^^^^^^^^^^
AttributeError: 'SupabaseService' object has no attribute 'insert_record'
2026-05-24 02:04:20 | INFO | prediction_worker | Published prediction event
2026-05-24 02:04:20 | INFO | prediction_worker | Processing headline: Nuclear startup Deep Fission says it’s going public, again, and I have questions
2026-05-24 02:04:20 | INFO | prediction_worker | Prediction complete → Neutral
2026-05-24 02:04:20 | ERROR | prediction_worker | Supabase insert failed: 'SupabaseService' object has no attribute 'insert_record'
Traceback (most recent call last):
  File "C:\Users\sucha\Downloads\portfolio\portfolio\ml-backend\workers\prediction_worker.py", line 105, in process_headline
    supabase_service.insert_record(
    ^^^^^^^^^^^^^^^^^^^^^^^^^^^^^^
AttributeError: 'SupabaseService' object has no attribute 'insert_record'
2026-05-24 02:04:20 | INFO | prediction_worker | Published prediction event
2026-05-24 02:04:20 | INFO | prediction_worker | Processing headline: Elon Musk has given up on solar power (on Earth)
2026-05-24 02:04:20 | INFO | prediction_worker | Prediction complete → Neutral
2026-05-24 02:04:20 | ERROR | prediction_worker | Supabase insert failed: 'SupabaseService' object has no attribute 'insert_record'
Traceback (most recent call last):
  File "C:\Users\sucha\Downloads\portfolio\portfolio\ml-backend\workers\prediction_worker.py", line 105, in process_headline
    supabase_service.insert_record(
    ^^^^^^^^^^^^^^^^^^^^^^^^^^^^^^
AttributeError: 'SupabaseService' object has no attribute 'insert_record'
2026-05-24 02:04:20 | INFO | prediction_worker | Published prediction event
2026-05-24 02:04:20 | INFO | prediction_worker | Processing headline: Peec, one of Berlin’s rising startups, more than doubled annualized revenue in m
2026-05-24 02:04:20 | INFO | prediction_worker | Prediction complete → Neutral
2026-05-24 02:04:20 | ERROR | prediction_worker | Supabase insert failed: 'SupabaseService' object has no attribute 'insert_record'
Traceback (most recent call last):
  File "C:\Users\sucha\Downloads\portfolio\portfolio\ml-backend\workers\prediction_worker.py", line 105, in process_headline
    supabase_service.insert_record(
    ^^^^^^^^^^^^^^^^^^^^^^^^^^^^^^
AttributeError: 'SupabaseService' object has no attribute 'insert_record'
2026-05-24 02:04:20 | INFO | prediction_worker | Published prediction event
2026-05-24 02:04:20 | INFO | prediction_worker | Processing headline: AI is being used to resurrect the voices of dead pilots
2026-05-24 02:04:20 | INFO | prediction_worker | Prediction complete → Neutral
2026-05-24 02:04:20 | ERROR | prediction_worker | Supabase insert failed: 'SupabaseService' object has no attribute 'insert_record'
Traceback (most recent call last):
  File "C:\Users\sucha\Downloads\portfolio\portfolio\ml-backend\workers\prediction_worker.py", line 105, in process_headline
    supabase_service.insert_record(
    ^^^^^^^^^^^^^^^^^^^^^^^^^^^^^^
AttributeError: 'SupabaseService' object has no attribute 'insert_record'
2026-05-24 02:04:20 | INFO | prediction_worker | Published prediction event
2026-05-24 02:04:20 | INFO | prediction_worker | Processing headline: SpaceX launches Starship V3 for the first time, but loses booster on return
2026-05-24 02:04:20 | INFO | prediction_worker | Prediction complete → Neutral
2026-05-24 02:04:20 | ERROR | prediction_worker | Supabase insert failed: 'SupabaseService' object has no attribute 'insert_record'
Traceback (most recent call last):
  File "C:\Users\sucha\Downloads\portfolio\portfolio\ml-backend\workers\prediction_worker.py", line 105, in process_headline
    supabase_service.insert_record(
    ^^^^^^^^^^^^^^^^^^^^^^^^^^^^^^
AttributeError: 'SupabaseService' object has no attribute 'insert_record'
2026-05-24 02:04:20 | INFO | prediction_worker | Published prediction event
2026-05-24 02:04:20 | INFO | prediction_worker | Processing headline: Blue Origin cleared to fly New Glenn mega-rocket after April mishap
2026-05-24 02:04:20 | INFO | prediction_worker | Prediction complete → Neutral
2026-05-24 02:04:20 | ERROR | prediction_worker | Supabase insert failed: 'SupabaseService' object has no attribute 'insert_record'
Traceback (most recent call last):
  File "C:\Users\sucha\Downloads\portfolio\portfolio\ml-backend\workers\prediction_worker.py", line 105, in process_headline
    supabase_service.insert_record(
    ^^^^^^^^^^^^^^^^^^^^^^^^^^^^^^
AttributeError: 'SupabaseService' object has no attribute 'insert_record'
2026-05-24 02:04:20 | INFO | prediction_worker | Published prediction event
2026-05-24 02:04:20 | INFO | prediction_worker | Processing headline: Google goes for the glitter with disco-ball icons: ‘Are y’all sure you still wan
2026-05-24 02:04:20 | INFO | prediction_worker | Prediction complete → Neutral
2026-05-24 02:04:20 | ERROR | prediction_worker | Supabase insert failed: 'SupabaseService' object has no attribute 'insert_record'
Traceback (most recent call last):
  File "C:\Users\sucha\Downloads\portfolio\portfolio\ml-backend\workers\prediction_worker.py", line 105, in process_headline
    supabase_service.insert_record(
    ^^^^^^^^^^^^^^^^^^^^^^^^^^^^^^
AttributeError: 'SupabaseService' object has no attribute 'insert_record'
2026-05-24 02:04:20 | INFO | prediction_worker | Published prediction event
2026-05-24 02:04:20 | INFO | prediction_worker | Processing headline: The man behind the legendary MPC, Roger Linn, stays focused with a single browse
2026-05-24 02:04:20 | INFO | prediction_worker | Prediction complete → Neutral
2026-05-24 02:04:20 | ERROR | prediction_worker | Supabase insert failed: 'SupabaseService' object has no attribute 'insert_record'
Traceback (most recent call last):
  File "C:\Users\sucha\Downloads\portfolio\portfolio\ml-backend\workers\prediction_worker.py", line 105, in process_headline
    supabase_service.insert_record(
    ^^^^^^^^^^^^^^^^^^^^^^^^^^^^^^
AttributeError: 'SupabaseService' object has no attribute 'insert_record'
2026-05-24 02:04:20 | INFO | prediction_worker | Published prediction event
2026-05-24 02:04:20 | INFO | prediction_worker | Processing headline: Here are 38 Memorial Day deals we recommend for $50 or less
2026-05-24 02:04:20 | INFO | prediction_worker | Prediction complete → Positive
2026-05-24 02:04:20 | ERROR | prediction_worker | Supabase insert failed: 'SupabaseService' object has no attribute 'insert_record'
Traceback (most recent call last):
  File "C:\Users\sucha\Downloads\portfolio\portfolio\ml-backend\workers\prediction_worker.py", line 105, in process_headline
    supabase_service.insert_record(
    ^^^^^^^^^^^^^^^^^^^^^^^^^^^^^^
AttributeError: 'SupabaseService' object has no attribute 'insert_record'
2026-05-24 02:04:20 | INFO | prediction_worker | Published prediction event
2026-05-24 02:04:20 | INFO | prediction_worker | Processing headline: Hanging out in my favorite virtual coffee shop in Tokyo
2026-05-24 02:04:20 | INFO | prediction_worker | Prediction complete → Positive
2026-05-24 02:04:20 | ERROR | prediction_worker | Supabase insert failed: 'SupabaseService' object has no attribute 'insert_record'
Traceback (most recent call last):
  File "C:\Users\sucha\Downloads\portfolio\portfolio\ml-backend\workers\prediction_worker.py", line 105, in process_headline
    supabase_service.insert_record(
    ^^^^^^^^^^^^^^^^^^^^^^^^^^^^^^
AttributeError: 'SupabaseService' object has no attribute 'insert_record'
2026-05-24 02:04:20 | INFO | prediction_worker | Published prediction event
2026-05-24 02:04:20 | INFO | prediction_worker | Processing headline: I have a new go-to browser
2026-05-24 02:04:20 | INFO | prediction_worker | Prediction complete → Positive
2026-05-24 02:04:20 | ERROR | prediction_worker | Supabase insert failed: 'SupabaseService' object has no attribute 'insert_record'
Traceback (most recent call last):
  File "C:\Users\sucha\Downloads\portfolio\portfolio\ml-backend\workers\prediction_worker.py", line 105, in process_headline
    supabase_service.insert_record(
    ^^^^^^^^^^^^^^^^^^^^^^^^^^^^^^
AttributeError: 'SupabaseService' object has no attribute 'insert_record'
2026-05-24 02:04:20 | INFO | prediction_worker | Published prediction event
2026-05-24 02:04:20 | INFO | prediction_worker | Processing headline: Google’s new anything-to-anything AI model is wild
2026-05-24 02:04:20 | INFO | prediction_worker | Prediction complete → Positive
2026-05-24 02:04:20 | ERROR | prediction_worker | Supabase insert failed: 'SupabaseService' object has no attribute 'insert_record'
Traceback (most recent call last):
  File "C:\Users\sucha\Downloads\portfolio\portfolio\ml-backend\workers\prediction_worker.py", line 105, in process_headline
    supabase_service.insert_record(
    ^^^^^^^^^^^^^^^^^^^^^^^^^^^^^^
AttributeError: 'SupabaseService' object has no attribute 'insert_record'
2026-05-24 02:04:21 | INFO | prediction_worker | Published prediction event
2026-05-24 02:04:21 | INFO | prediction_worker | Processing headline: Google&#8217;s AI search is so broken it can &#8216;disregard&#8217; what you&#8
2026-05-24 02:04:21 | INFO | prediction_worker | Prediction complete → Neutral
2026-05-24 02:04:21 | ERROR | prediction_worker | Supabase insert failed: 'SupabaseService' object has no attribute 'insert_record'
Traceback (most recent call last):
  File "C:\Users\sucha\Downloads\portfolio\portfolio\ml-backend\workers\prediction_worker.py", line 105, in process_headline
    supabase_service.insert_record(
    ^^^^^^^^^^^^^^^^^^^^^^^^^^^^^^
AttributeError: 'SupabaseService' object has no attribute 'insert_record'
2026-05-24 02:04:21 | INFO | prediction_worker | Published prediction event
2026-05-24 02:04:21 | INFO | prediction_worker | Processing headline: Twelve South’s AirFly Pro 2 has hit one of its best prices ahead of summer trave
2026-05-24 02:04:21 | INFO | prediction_worker | Prediction complete → Positive
2026-05-24 02:04:21 | ERROR | prediction_worker | Supabase insert failed: 'SupabaseService' object has no attribute 'insert_record'
Traceback (most recent call last):
  File "C:\Users\sucha\Downloads\portfolio\portfolio\ml-backend\workers\prediction_worker.py", line 105, in process_headline
    supabase_service.insert_record(
    ^^^^^^^^^^^^^^^^^^^^^^^^^^^^^^
AttributeError: 'SupabaseService' object has no attribute 'insert_record'
2026-05-24 02:04:21 | INFO | prediction_worker | Published prediction event
2026-05-24 02:04:21 | INFO | prediction_worker | Processing headline: Meta’s Forum is part Reddit, part Facebook, and part Google AI Overview
2026-05-24 02:04:21 | INFO | prediction_worker | Prediction complete → Neutral
2026-05-24 02:04:21 | ERROR | prediction_worker | Supabase insert failed: 'SupabaseService' object has no attribute 'insert_record'
Traceback (most recent call last):
  File "C:\Users\sucha\Downloads\portfolio\portfolio\ml-backend\workers\prediction_worker.py", line 105, in process_headline
    supabase_service.insert_record(
    ^^^^^^^^^^^^^^^^^^^^^^^^^^^^^^
AttributeError: 'SupabaseService' object has no attribute 'insert_record'
2026-05-24 02:04:21 | INFO | prediction_worker | Published prediction event
2026-05-24 02:04:21 | INFO | prediction_worker | Processing headline: Elon, stop trying to make Grok happen
2026-05-24 02:04:21 | INFO | prediction_worker | Prediction complete → Neutral
2026-05-24 02:04:21 | ERROR | prediction_worker | Supabase insert failed: 'SupabaseService' object has no attribute 'insert_record'
Traceback (most recent call last):
  File "C:\Users\sucha\Downloads\portfolio\portfolio\ml-backend\workers\prediction_worker.py", line 105, in process_headline
    supabase_service.insert_record(
    ^^^^^^^^^^^^^^^^^^^^^^^^^^^^^^
AttributeError: 'SupabaseService' object has no attribute 'insert_record'
2026-05-24 02:04:21 | INFO | prediction_worker | Published prediction event
2026-05-24 02:04:21 | INFO | prediction_worker | Processing headline: The best Memorial Day sales you can shop this weekend
2026-05-24 02:04:21 | INFO | prediction_worker | Prediction complete → Positive
2026-05-24 02:04:21 | ERROR | prediction_worker | Supabase insert failed: 'SupabaseService' object has no attribute 'insert_record'
Traceback (most recent call last):
  File "C:\Users\sucha\Downloads\portfolio\portfolio\ml-backend\workers\prediction_worker.py", line 105, in process_headline
    supabase_service.insert_record(
    ^^^^^^^^^^^^^^^^^^^^^^^^^^^^^^
AttributeError: 'SupabaseService' object has no attribute 'insert_record'
2026-05-24 02:04:21 | INFO | prediction_worker | Published prediction event
2026-05-24 02:04:21 | INFO | prediction_worker | Processing headline: Best Power Banks (2026): My Picks After Testing Over 100
2026-05-24 02:04:21 | INFO | prediction_worker | Prediction complete → Positive
2026-05-24 02:04:21 | ERROR | prediction_worker | Supabase insert failed: 'SupabaseService' object has no attribute 'insert_record'
Traceback (most recent call last):
  File "C:\Users\sucha\Downloads\portfolio\portfolio\ml-backend\workers\prediction_worker.py", line 105, in process_headline
    supabase_service.insert_record(
    ^^^^^^^^^^^^^^^^^^^^^^^^^^^^^^
AttributeError: 'SupabaseService' object has no attribute 'insert_record'
2026-05-24 02:04:21 | INFO | prediction_worker | Published prediction event
2026-05-24 02:04:21 | INFO | prediction_worker | Processing headline: Memorial Day Dyson Vacuum Deals: V15 Detect, Gen5Detect, PencilVac On Sale
2026-05-24 02:04:21 | INFO | prediction_worker | Prediction complete → Positive
2026-05-24 02:04:21 | ERROR | prediction_worker | Supabase insert failed: 'SupabaseService' object has no attribute 'insert_record'
Traceback (most recent call last):
  File "C:\Users\sucha\Downloads\portfolio\portfolio\ml-backend\workers\prediction_worker.py", line 105, in process_headline
    supabase_service.insert_record(
    ^^^^^^^^^^^^^^^^^^^^^^^^^^^^^^
AttributeError: 'SupabaseService' object has no attribute 'insert_record'
2026-05-24 02:04:21 | INFO | prediction_worker | Published prediction event
2026-05-24 02:04:21 | INFO | prediction_worker | Processing headline: L.L.Bean's Zip Hunter's Tote Is the Only Carryall You Need
2026-05-24 02:04:21 | INFO | prediction_worker | Prediction complete → Neutral
2026-05-24 02:04:21 | ERROR | prediction_worker | Supabase insert failed: 'SupabaseService' object has no attribute 'insert_record'
Traceback (most recent call last):
  File "C:\Users\sucha\Downloads\portfolio\portfolio\ml-backend\workers\prediction_worker.py", line 105, in process_headline
    supabase_service.insert_record(
    ^^^^^^^^^^^^^^^^^^^^^^^^^^^^^^
AttributeError: 'SupabaseService' object has no attribute 'insert_record'
2026-05-24 02:04:21 | INFO | prediction_worker | Published prediction event
2026-05-24 02:04:21 | INFO | prediction_worker | Processing headline: Quantum ‘Jamming’ Could Help Unlock the Mysteries of Causality
2026-05-24 02:04:21 | INFO | prediction_worker | Prediction complete → Neutral
2026-05-24 02:04:21 | ERROR | prediction_worker | Supabase insert failed: 'SupabaseService' object has no attribute 'insert_record'
Traceback (most recent call last):
  File "C:\Users\sucha\Downloads\portfolio\portfolio\ml-backend\workers\prediction_worker.py", line 105, in process_headline
    supabase_service.insert_record(
    ^^^^^^^^^^^^^^^^^^^^^^^^^^^^^^
AttributeError: 'SupabaseService' object has no attribute 'insert_record'
2026-05-24 02:04:21 | INFO | prediction_worker | Published prediction event
2026-05-24 02:04:21 | INFO | prediction_worker | Processing headline: The Best Smart Sprinklers and Irrigation Systems: In-Ground Sprinklers, Hose Tim
2026-05-24 02:04:21 | INFO | prediction_worker | Prediction complete → Positive
2026-05-24 02:04:21 | ERROR | prediction_worker | Supabase insert failed: 'SupabaseService' object has no attribute 'insert_record'
Traceback (most recent call last):
  File "C:\Users\sucha\Downloads\portfolio\portfolio\ml-backend\workers\prediction_worker.py", line 105, in process_headline
    supabase_service.insert_record(
    ^^^^^^^^^^^^^^^^^^^^^^^^^^^^^^
AttributeError: 'SupabaseService' object has no attribute 'insert_record'
2026-05-24 02:04:21 | INFO | prediction_worker | Published prediction event
2026-05-24 02:04:21 | INFO | prediction_worker | Processing headline: The FBI Wants ‘Near Real-Time’ Access to US License Plate Readers
2026-05-24 02:04:21 | INFO | prediction_worker | Prediction complete → Neutral
2026-05-24 02:04:21 | ERROR | prediction_worker | Supabase insert failed: 'SupabaseService' object has no attribute 'insert_record'
Traceback (most recent call last):
  File "C:\Users\sucha\Downloads\portfolio\portfolio\ml-backend\workers\prediction_worker.py", line 105, in process_headline
    supabase_service.insert_record(
    ^^^^^^^^^^^^^^^^^^^^^^^^^^^^^^
AttributeError: 'SupabaseService' object has no attribute 'insert_record'
2026-05-24 02:04:21 | INFO | prediction_worker | Published prediction event
2026-05-24 02:04:21 | INFO | prediction_worker | Processing headline: Cosmic Voids May Contain the Universe’s Best Secrets
2026-05-24 02:04:21 | INFO | prediction_worker | Prediction complete → Positive
2026-05-24 02:04:21 | ERROR | prediction_worker | Supabase insert failed: 'SupabaseService' object has no attribute 'insert_record'
Traceback (most recent call last):
  File "C:\Users\sucha\Downloads\portfolio\portfolio\ml-backend\workers\prediction_worker.py", line 105, in process_headline
    supabase_service.insert_record(
    ^^^^^^^^^^^^^^^^^^^^^^^^^^^^^^
AttributeError: 'SupabaseService' object has no attribute 'insert_record'
2026-05-24 02:04:21 | INFO | prediction_worker | Published prediction event
2026-05-24 02:04:22 | INFO | prediction_worker | Processing headline: Best Memorial Day Deals: Garmin, Birdfy, Branch (2026)
2026-05-24 02:04:22 | INFO | prediction_worker | Prediction complete → Positive
2026-05-24 02:04:22 | ERROR | prediction_worker | Supabase insert failed: 'SupabaseService' object has no attribute 'insert_record'
Traceback (most recent call last):
  File "C:\Users\sucha\Downloads\portfolio\portfolio\ml-backend\workers\prediction_worker.py", line 105, in process_headline
    supabase_service.insert_record(
    ^^^^^^^^^^^^^^^^^^^^^^^^^^^^^^
AttributeError: 'SupabaseService' object has no attribute 'insert_record'
2026-05-24 02:04:22 | INFO | prediction_worker | Published prediction event
2026-05-24 02:04:22 | INFO | prediction_worker | Processing headline: A 'Golden Orb' on the Ocean Floor Came From a Mysterious Animal
2026-05-24 02:04:22 | INFO | prediction_worker | Prediction complete → Neutral
2026-05-24 02:04:22 | ERROR | prediction_worker | Supabase insert failed: 'SupabaseService' object has no attribute 'insert_record'
Traceback (most recent call last):
  File "C:\Users\sucha\Downloads\portfolio\portfolio\ml-backend\workers\prediction_worker.py", line 105, in process_headline
    supabase_service.insert_record(
    ^^^^^^^^^^^^^^^^^^^^^^^^^^^^^^
AttributeError: 'SupabaseService' object has no attribute 'insert_record'
2026-05-24 02:04:22 | INFO | prediction_worker | Published prediction event
2026-05-24 02:04:22 | INFO | prediction_worker | Processing headline: All Vehicles Sold in the EU Must Be Able to Hook Up to a Breathalyzer
2026-05-24 02:04:22 | INFO | prediction_worker | Prediction complete → Negative
2026-05-24 02:04:22 | ERROR | prediction_worker | Supabase insert failed: 'SupabaseService' object has no attribute 'insert_record'
Traceback (most recent call last):
  File "C:\Users\sucha\Downloads\portfolio\portfolio\ml-backend\workers\prediction_worker.py", line 105, in process_headline
    supabase_service.insert_record(
    ^^^^^^^^^^^^^^^^^^^^^^^^^^^^^^
AttributeError: 'SupabaseService' object has no attribute 'insert_record'
2026-05-24 02:04:22 | INFO | prediction_worker | Published prediction event
2026-05-24 02:04:22 | INFO | prediction_worker | Processing headline: SpaceX's Starship V3—still a work in progress—mostly successful on first flight
2026-05-24 02:04:22 | INFO | prediction_worker | Prediction complete → Neutral
2026-05-24 02:04:22 | ERROR | prediction_worker | Supabase insert failed: 'SupabaseService' object has no attribute 'insert_record'
Traceback (most recent call last):
  File "C:\Users\sucha\Downloads\portfolio\portfolio\ml-backend\workers\prediction_worker.py", line 105, in process_headline
    supabase_service.insert_record(
    ^^^^^^^^^^^^^^^^^^^^^^^^^^^^^^
AttributeError: 'SupabaseService' object has no attribute 'insert_record'
2026-05-24 02:04:22 | INFO | prediction_worker | Published prediction event
2026-05-24 02:04:22 | INFO | prediction_worker | Processing headline: Two space shuttle-era spacewalkers enter Astronaut Hall of Fame
2026-05-24 02:04:22 | INFO | prediction_worker | Prediction complete → Neutral
2026-05-24 02:04:22 | ERROR | prediction_worker | Supabase insert failed: 'SupabaseService' object has no attribute 'insert_record'
Traceback (most recent call last):
  File "C:\Users\sucha\Downloads\portfolio\portfolio\ml-backend\workers\prediction_worker.py", line 105, in process_headline
    supabase_service.insert_record(
    ^^^^^^^^^^^^^^^^^^^^^^^^^^^^^^
AttributeError: 'SupabaseService' object has no attribute 'insert_record'
2026-05-24 02:04:22 | INFO | prediction_worker | Published prediction event
2026-05-24 02:04:22 | INFO | prediction_worker | Processing headline: China’s shark finning could lead to US seafood sanctions
2026-05-24 02:04:22 | INFO | prediction_worker | Prediction complete → Neutral
2026-05-24 02:04:22 | ERROR | prediction_worker | Supabase insert failed: 'SupabaseService' object has no attribute 'insert_record'
Traceback (most recent call last):
  File "C:\Users\sucha\Downloads\portfolio\portfolio\ml-backend\workers\prediction_worker.py", line 105, in process_headline
    supabase_service.insert_record(
    ^^^^^^^^^^^^^^^^^^^^^^^^^^^^^^
AttributeError: 'SupabaseService' object has no attribute 'insert_record'
2026-05-24 02:04:22 | INFO | prediction_worker | Published prediction event
2026-05-24 02:04:22 | INFO | prediction_worker | Processing headline: Four Russian satellites are now within striking distance of an ICEYE radarsat
2026-05-24 02:04:22 | INFO | prediction_worker | Prediction complete → Neutral
2026-05-24 02:04:22 | ERROR | prediction_worker | Supabase insert failed: 'SupabaseService' object has no attribute 'insert_record'
Traceback (most recent call last):
  File "C:\Users\sucha\Downloads\portfolio\portfolio\ml-backend\workers\prediction_worker.py", line 105, in process_headline
    supabase_service.insert_record(
    ^^^^^^^^^^^^^^^^^^^^^^^^^^^^^^
AttributeError: 'SupabaseService' object has no attribute 'insert_record'
2026-05-24 02:04:22 | INFO | prediction_worker | Published prediction event
2026-05-24 02:04:22 | INFO | prediction_worker | Processing headline: Ebola outbreak now third largest recorded and "spreading rapidly"
2026-05-24 02:04:22 | INFO | prediction_worker | Prediction complete → Negative
2026-05-24 02:04:22 | ERROR | prediction_worker | Supabase insert failed: 'SupabaseService' object has no attribute 'insert_record'
Traceback (most recent call last):
  File "C:\Users\sucha\Downloads\portfolio\portfolio\ml-backend\workers\prediction_worker.py", line 105, in process_headline
    supabase_service.insert_record(
    ^^^^^^^^^^^^^^^^^^^^^^^^^^^^^^
AttributeError: 'SupabaseService' object has no attribute 'insert_record'
2026-05-24 02:04:22 | INFO | prediction_worker | Published prediction event
2026-05-24 02:04:22 | INFO | prediction_worker | Processing headline: First-generation Chromecast users stressed by devices suddenly failing
2026-05-24 02:04:22 | INFO | prediction_worker | Prediction complete → Neutral
2026-05-24 02:04:22 | ERROR | prediction_worker | Supabase insert failed: 'SupabaseService' object has no attribute 'insert_record'
Traceback (most recent call last):
  File "C:\Users\sucha\Downloads\portfolio\portfolio\ml-backend\workers\prediction_worker.py", line 105, in process_headline
    supabase_service.insert_record(
    ^^^^^^^^^^^^^^^^^^^^^^^^^^^^^^
AttributeError: 'SupabaseService' object has no attribute 'insert_record'
2026-05-24 02:04:22 | INFO | prediction_worker | Published prediction event
2026-05-24 02:04:22 | INFO | prediction_worker | Processing headline: Trump FCC asks public to comment on whether ABC's The View is a news show
2026-05-24 02:04:22 | INFO | prediction_worker | Prediction complete → Neutral
2026-05-24 02:04:22 | ERROR | prediction_worker | Supabase insert failed: 'SupabaseService' object has no attribute 'insert_record'
Traceback (most recent call last):
  File "C:\Users\sucha\Downloads\portfolio\portfolio\ml-backend\workers\prediction_worker.py", line 105, in process_headline
    supabase_service.insert_record(
    ^^^^^^^^^^^^^^^^^^^^^^^^^^^^^^
AttributeError: 'SupabaseService' object has no attribute 'insert_record'
2026-05-24 02:04:22 | INFO | prediction_worker | Published prediction event
2026-05-24 02:04:22 | INFO | prediction_worker | Processing headline: US scrambles to stop Internet users re-creating dead pilots’ voices
2026-05-24 02:04:22 | INFO | prediction_worker | Prediction complete → Negative
2026-05-24 02:04:22 | ERROR | prediction_worker | Supabase insert failed: 'SupabaseService' object has no attribute 'insert_record'
Traceback (most recent call last):
  File "C:\Users\sucha\Downloads\portfolio\portfolio\ml-backend\workers\prediction_worker.py", line 105, in process_headline
    supabase_service.insert_record(
    ^^^^^^^^^^^^^^^^^^^^^^^^^^^^^^
AttributeError: 'SupabaseService' object has no attribute 'insert_record'
2026-05-24 02:04:22 | INFO | prediction_worker | Published prediction event
2026-05-24 02:04:22 | INFO | prediction_worker | Processing headline: The Boys is dead. Long live Vought Rising.
2026-05-24 02:04:22 | INFO | prediction_worker | Prediction complete → Positive
2026-05-24 02:04:22 | ERROR | prediction_worker | Supabase insert failed: 'SupabaseService' object has no attribute 'insert_record'
Traceback (most recent call last):
  File "C:\Users\sucha\Downloads\portfolio\portfolio\ml-backend\workers\prediction_worker.py", line 105, in process_headline
    supabase_service.insert_record(
    ^^^^^^^^^^^^^^^^^^^^^^^^^^^^^^
AttributeError: 'SupabaseService' object has no attribute 'insert_record'
2026-05-24 02:04:22 | INFO | prediction_worker | Published prediction event
2026-05-24 02:04:22 | INFO | prediction_worker | Processing headline: Police boast of hacking VPN where criminals "believed themselves to be safe"
2026-05-24 02:04:23 | INFO | prediction_worker | Prediction complete → Negative
2026-05-24 02:04:23 | ERROR | prediction_worker | Supabase insert failed: 'SupabaseService' object has no attribute 'insert_record'
Traceback (most recent call last):
  File "C:\Users\sucha\Downloads\portfolio\portfolio\ml-backend\workers\prediction_worker.py", line 105, in process_headline
    supabase_service.insert_record(
    ^^^^^^^^^^^^^^^^^^^^^^^^^^^^^^
AttributeError: 'SupabaseService' object has no attribute 'insert_record'
2026-05-24 02:04:23 | INFO | prediction_worker | Published prediction event
2026-05-24 02:09:42 | INFO | prediction_worker | 🚀 Prediction worker started
2026-05-24 02:09:42 | INFO | prediction_worker | ✅ Sentiment model loaded
2026-05-24 02:09:42 | INFO | prediction_worker | Processing headline: I have a new go-to browser
2026-05-24 02:09:45 | INFO | prediction_worker | Prediction complete → Positive
2026-05-24 02:09:45 | ERROR | prediction_worker | Supabase insert failed: 'SupabaseService' object has no attribute 'insert_record'
Traceback (most recent call last):
  File "C:\Users\sucha\Downloads\portfolio\portfolio\ml-backend\workers\prediction_worker.py", line 105, in process_headline
    supabase_service.insert_record(
    ^^^^^^^^^^^^^^^^^^^^^^^^^^^^^^
AttributeError: 'SupabaseService' object has no attribute 'insert_record'
2026-05-24 02:09:45 | INFO | prediction_worker | Published prediction event
2026-05-24 02:09:45 | INFO | prediction_worker | Processing headline: Google’s new anything-to-anything AI model is wild
2026-05-24 02:09:45 | INFO | prediction_worker | Prediction complete → Positive
2026-05-24 02:09:45 | ERROR | prediction_worker | Supabase insert failed: 'SupabaseService' object has no attribute 'insert_record'
Traceback (most recent call last):
  File "C:\Users\sucha\Downloads\portfolio\portfolio\ml-backend\workers\prediction_worker.py", line 105, in process_headline
    supabase_service.insert_record(
    ^^^^^^^^^^^^^^^^^^^^^^^^^^^^^^
AttributeError: 'SupabaseService' object has no attribute 'insert_record'
2026-05-24 02:09:45 | INFO | prediction_worker | Published prediction event
2026-05-24 02:09:45 | INFO | prediction_worker | Processing headline: Google&#8217;s AI search is so broken it can &#8216;disregard&#8217; what you&#8
2026-05-24 02:09:45 | INFO | prediction_worker | Prediction complete → Neutral
2026-05-24 02:09:45 | ERROR | prediction_worker | Supabase insert failed: 'SupabaseService' object has no attribute 'insert_record'
Traceback (most recent call last):
  File "C:\Users\sucha\Downloads\portfolio\portfolio\ml-backend\workers\prediction_worker.py", line 105, in process_headline
    supabase_service.insert_record(
    ^^^^^^^^^^^^^^^^^^^^^^^^^^^^^^
AttributeError: 'SupabaseService' object has no attribute 'insert_record'
2026-05-24 02:09:46 | INFO | prediction_worker | Published prediction event
2026-05-24 02:09:46 | INFO | prediction_worker | Processing headline: Twelve South’s AirFly Pro 2 has hit one of its best prices ahead of summer trave
2026-05-24 02:09:46 | INFO | prediction_worker | Prediction complete → Positive
2026-05-24 02:09:46 | ERROR | prediction_worker | Supabase insert failed: 'SupabaseService' object has no attribute 'insert_record'
Traceback (most recent call last):
  File "C:\Users\sucha\Downloads\portfolio\portfolio\ml-backend\workers\prediction_worker.py", line 105, in process_headline
    supabase_service.insert_record(
    ^^^^^^^^^^^^^^^^^^^^^^^^^^^^^^
AttributeError: 'SupabaseService' object has no attribute 'insert_record'
2026-05-24 02:09:46 | INFO | prediction_worker | Published prediction event
2026-05-24 02:09:46 | INFO | prediction_worker | Processing headline: Meta’s Forum is part Reddit, part Facebook, and part Google AI Overview
2026-05-24 02:09:46 | INFO | prediction_worker | Prediction complete → Neutral
2026-05-24 02:09:46 | ERROR | prediction_worker | Supabase insert failed: 'SupabaseService' object has no attribute 'insert_record'
Traceback (most recent call last):
  File "C:\Users\sucha\Downloads\portfolio\portfolio\ml-backend\workers\prediction_worker.py", line 105, in process_headline
    supabase_service.insert_record(
    ^^^^^^^^^^^^^^^^^^^^^^^^^^^^^^
AttributeError: 'SupabaseService' object has no attribute 'insert_record'
2026-05-24 02:09:46 | INFO | prediction_worker | Published prediction event
2026-05-24 02:09:46 | INFO | prediction_worker | Processing headline: Elon, stop trying to make Grok happen
2026-05-24 02:09:46 | INFO | prediction_worker | Prediction complete → Neutral
2026-05-24 02:09:46 | ERROR | prediction_worker | Supabase insert failed: 'SupabaseService' object has no attribute 'insert_record'
Traceback (most recent call last):
  File "C:\Users\sucha\Downloads\portfolio\portfolio\ml-backend\workers\prediction_worker.py", line 105, in process_headline
    supabase_service.insert_record(
    ^^^^^^^^^^^^^^^^^^^^^^^^^^^^^^
AttributeError: 'SupabaseService' object has no attribute 'insert_record'
2026-05-24 02:09:46 | INFO | prediction_worker | Published prediction event
2026-05-24 02:09:46 | INFO | prediction_worker | Processing headline: The best Memorial Day sales you can shop this weekend
2026-05-24 02:09:46 | INFO | prediction_worker | Prediction complete → Positive
2026-05-24 02:09:46 | ERROR | prediction_worker | Supabase insert failed: 'SupabaseService' object has no attribute 'insert_record'
Traceback (most recent call last):
  File "C:\Users\sucha\Downloads\portfolio\portfolio\ml-backend\workers\prediction_worker.py", line 105, in process_headline
    supabase_service.insert_record(
    ^^^^^^^^^^^^^^^^^^^^^^^^^^^^^^
AttributeError: 'SupabaseService' object has no attribute 'insert_record'
2026-05-24 02:09:46 | INFO | prediction_worker | Published prediction event
2026-05-24 02:09:46 | INFO | prediction_worker | Processing headline: Best Power Banks (2026): My Picks After Testing Over 100
2026-05-24 02:09:46 | INFO | prediction_worker | Prediction complete → Positive
2026-05-24 02:09:46 | ERROR | prediction_worker | Supabase insert failed: 'SupabaseService' object has no attribute 'insert_record'
Traceback (most recent call last):
  File "C:\Users\sucha\Downloads\portfolio\portfolio\ml-backend\workers\prediction_worker.py", line 105, in process_headline
    supabase_service.insert_record(
    ^^^^^^^^^^^^^^^^^^^^^^^^^^^^^^
AttributeError: 'SupabaseService' object has no attribute 'insert_record'
2026-05-24 02:09:46 | INFO | prediction_worker | Published prediction event
2026-05-24 02:09:46 | INFO | prediction_worker | Processing headline: Memorial Day Dyson Vacuum Deals: V15 Detect, Gen5Detect, PencilVac On Sale
2026-05-24 02:09:46 | INFO | prediction_worker | Prediction complete → Positive
2026-05-24 02:09:46 | ERROR | prediction_worker | Supabase insert failed: 'SupabaseService' object has no attribute 'insert_record'
Traceback (most recent call last):
  File "C:\Users\sucha\Downloads\portfolio\portfolio\ml-backend\workers\prediction_worker.py", line 105, in process_headline
    supabase_service.insert_record(
    ^^^^^^^^^^^^^^^^^^^^^^^^^^^^^^
AttributeError: 'SupabaseService' object has no attribute 'insert_record'
2026-05-24 02:09:46 | INFO | prediction_worker | Published prediction event
2026-05-24 02:09:46 | INFO | prediction_worker | Processing headline: L.L.Bean's Zip Hunter's Tote Is the Only Carryall You Need
2026-05-24 02:09:46 | INFO | prediction_worker | Prediction complete → Neutral
2026-05-24 02:09:46 | ERROR | prediction_worker | Supabase insert failed: 'SupabaseService' object has no attribute 'insert_record'
Traceback (most recent call last):
  File "C:\Users\sucha\Downloads\portfolio\portfolio\ml-backend\workers\prediction_worker.py", line 105, in process_headline
    supabase_service.insert_record(
    ^^^^^^^^^^^^^^^^^^^^^^^^^^^^^^
AttributeError: 'SupabaseService' object has no attribute 'insert_record'
2026-05-24 02:09:46 | INFO | prediction_worker | Published prediction event
2026-05-24 02:09:46 | INFO | prediction_worker | Processing headline: Quantum ‘Jamming’ Could Help Unlock the Mysteries of Causality
2026-05-24 02:09:46 | INFO | prediction_worker | Prediction complete → Neutral
2026-05-24 02:09:46 | ERROR | prediction_worker | Supabase insert failed: 'SupabaseService' object has no attribute 'insert_record'
Traceback (most recent call last):
  File "C:\Users\sucha\Downloads\portfolio\portfolio\ml-backend\workers\prediction_worker.py", line 105, in process_headline
    supabase_service.insert_record(
    ^^^^^^^^^^^^^^^^^^^^^^^^^^^^^^
AttributeError: 'SupabaseService' object has no attribute 'insert_record'
2026-05-24 02:09:46 | INFO | prediction_worker | Published prediction event
2026-05-24 02:09:46 | INFO | prediction_worker | Processing headline: The Best Smart Sprinklers and Irrigation Systems: In-Ground Sprinklers, Hose Tim
2026-05-24 02:09:46 | INFO | prediction_worker | Prediction complete → Positive
2026-05-24 02:09:46 | ERROR | prediction_worker | Supabase insert failed: 'SupabaseService' object has no attribute 'insert_record'
Traceback (most recent call last):
  File "C:\Users\sucha\Downloads\portfolio\portfolio\ml-backend\workers\prediction_worker.py", line 105, in process_headline
    supabase_service.insert_record(
    ^^^^^^^^^^^^^^^^^^^^^^^^^^^^^^
AttributeError: 'SupabaseService' object has no attribute 'insert_record'
2026-05-24 02:09:46 | INFO | prediction_worker | Published prediction event
2026-05-24 02:09:46 | INFO | prediction_worker | Processing headline: The FBI Wants ‘Near Real-Time’ Access to US License Plate Readers
2026-05-24 02:09:46 | INFO | prediction_worker | Prediction complete → Neutral
2026-05-24 02:09:46 | ERROR | prediction_worker | Supabase insert failed: 'SupabaseService' object has no attribute 'insert_record'
Traceback (most recent call last):
  File "C:\Users\sucha\Downloads\portfolio\portfolio\ml-backend\workers\prediction_worker.py", line 105, in process_headline
    supabase_service.insert_record(
    ^^^^^^^^^^^^^^^^^^^^^^^^^^^^^^
AttributeError: 'SupabaseService' object has no attribute 'insert_record'
2026-05-24 02:09:46 | INFO | prediction_worker | Published prediction event
2026-05-24 02:09:46 | INFO | prediction_worker | Processing headline: Cosmic Voids May Contain the Universe’s Best Secrets
2026-05-24 02:09:46 | INFO | prediction_worker | Prediction complete → Positive
2026-05-24 02:09:46 | ERROR | prediction_worker | Supabase insert failed: 'SupabaseService' object has no attribute 'insert_record'
Traceback (most recent call last):
  File "C:\Users\sucha\Downloads\portfolio\portfolio\ml-backend\workers\prediction_worker.py", line 105, in process_headline
    supabase_service.insert_record(
    ^^^^^^^^^^^^^^^^^^^^^^^^^^^^^^
AttributeError: 'SupabaseService' object has no attribute 'insert_record'
2026-05-24 02:09:46 | INFO | prediction_worker | Published prediction event
2026-05-24 02:09:46 | INFO | prediction_worker | Processing headline: Best Memorial Day Deals: Garmin, Birdfy, Branch (2026)
2026-05-24 02:09:46 | INFO | prediction_worker | Prediction complete → Positive
2026-05-24 02:09:46 | ERROR | prediction_worker | Supabase insert failed: 'SupabaseService' object has no attribute 'insert_record'
Traceback (most recent call last):
  File "C:\Users\sucha\Downloads\portfolio\portfolio\ml-backend\workers\prediction_worker.py", line 105, in process_headline
    supabase_service.insert_record(
    ^^^^^^^^^^^^^^^^^^^^^^^^^^^^^^
AttributeError: 'SupabaseService' object has no attribute 'insert_record'
2026-05-24 02:09:46 | INFO | prediction_worker | Published prediction event
2026-05-24 02:09:46 | INFO | prediction_worker | Processing headline: A 'Golden Orb' on the Ocean Floor Came From a Mysterious Animal
2026-05-24 02:09:46 | INFO | prediction_worker | Prediction complete → Neutral
2026-05-24 02:09:46 | ERROR | prediction_worker | Supabase insert failed: 'SupabaseService' object has no attribute 'insert_record'
Traceback (most recent call last):
  File "C:\Users\sucha\Downloads\portfolio\portfolio\ml-backend\workers\prediction_worker.py", line 105, in process_headline
    supabase_service.insert_record(
    ^^^^^^^^^^^^^^^^^^^^^^^^^^^^^^
AttributeError: 'SupabaseService' object has no attribute 'insert_record'
2026-05-24 02:09:47 | INFO | prediction_worker | Published prediction event
2026-05-24 02:09:47 | INFO | prediction_worker | Processing headline: All Vehicles Sold in the EU Must Be Able to Hook Up to a Breathalyzer
2026-05-24 02:09:47 | INFO | prediction_worker | Prediction complete → Negative
2026-05-24 02:09:47 | ERROR | prediction_worker | Supabase insert failed: 'SupabaseService' object has no attribute 'insert_record'
Traceback (most recent call last):
  File "C:\Users\sucha\Downloads\portfolio\portfolio\ml-backend\workers\prediction_worker.py", line 105, in process_headline
    supabase_service.insert_record(
    ^^^^^^^^^^^^^^^^^^^^^^^^^^^^^^
AttributeError: 'SupabaseService' object has no attribute 'insert_record'
2026-05-24 02:09:47 | INFO | prediction_worker | Published prediction event
2026-05-24 02:09:47 | INFO | prediction_worker | Processing headline: SpaceX's Starship V3—still a work in progress—mostly successful on first flight
2026-05-24 02:09:47 | INFO | prediction_worker | Prediction complete → Neutral
2026-05-24 02:09:47 | ERROR | prediction_worker | Supabase insert failed: 'SupabaseService' object has no attribute 'insert_record'
Traceback (most recent call last):
  File "C:\Users\sucha\Downloads\portfolio\portfolio\ml-backend\workers\prediction_worker.py", line 105, in process_headline
    supabase_service.insert_record(
    ^^^^^^^^^^^^^^^^^^^^^^^^^^^^^^
AttributeError: 'SupabaseService' object has no attribute 'insert_record'
2026-05-24 02:09:47 | INFO | prediction_worker | Published prediction event
2026-05-24 02:09:47 | INFO | prediction_worker | Processing headline: Two space shuttle-era spacewalkers enter Astronaut Hall of Fame
2026-05-24 02:09:47 | INFO | prediction_worker | Prediction complete → Neutral
2026-05-24 02:09:47 | ERROR | prediction_worker | Supabase insert failed: 'SupabaseService' object has no attribute 'insert_record'
Traceback (most recent call last):
  File "C:\Users\sucha\Downloads\portfolio\portfolio\ml-backend\workers\prediction_worker.py", line 105, in process_headline
    supabase_service.insert_record(
    ^^^^^^^^^^^^^^^^^^^^^^^^^^^^^^
AttributeError: 'SupabaseService' object has no attribute 'insert_record'
2026-05-24 02:09:47 | INFO | prediction_worker | Published prediction event
2026-05-24 02:09:47 | INFO | prediction_worker | Processing headline: China’s shark finning could lead to US seafood sanctions
2026-05-24 02:09:47 | INFO | prediction_worker | Prediction complete → Neutral
2026-05-24 02:09:47 | ERROR | prediction_worker | Supabase insert failed: 'SupabaseService' object has no attribute 'insert_record'
Traceback (most recent call last):
  File "C:\Users\sucha\Downloads\portfolio\portfolio\ml-backend\workers\prediction_worker.py", line 105, in process_headline
    supabase_service.insert_record(
    ^^^^^^^^^^^^^^^^^^^^^^^^^^^^^^
AttributeError: 'SupabaseService' object has no attribute 'insert_record'
2026-05-24 02:09:47 | INFO | prediction_worker | Published prediction event
2026-05-24 02:09:47 | INFO | prediction_worker | Processing headline: Four Russian satellites are now within striking distance of an ICEYE radarsat
2026-05-24 02:09:47 | INFO | prediction_worker | Prediction complete → Neutral
2026-05-24 02:09:47 | ERROR | prediction_worker | Supabase insert failed: 'SupabaseService' object has no attribute 'insert_record'
Traceback (most recent call last):
  File "C:\Users\sucha\Downloads\portfolio\portfolio\ml-backend\workers\prediction_worker.py", line 105, in process_headline
    supabase_service.insert_record(
    ^^^^^^^^^^^^^^^^^^^^^^^^^^^^^^
AttributeError: 'SupabaseService' object has no attribute 'insert_record'
2026-05-24 02:09:47 | INFO | prediction_worker | Published prediction event
2026-05-24 02:09:47 | INFO | prediction_worker | Processing headline: Ebola outbreak now third largest recorded and "spreading rapidly"
2026-05-24 02:09:47 | INFO | prediction_worker | Prediction complete → Negative
2026-05-24 02:09:47 | ERROR | prediction_worker | Supabase insert failed: 'SupabaseService' object has no attribute 'insert_record'
Traceback (most recent call last):
  File "C:\Users\sucha\Downloads\portfolio\portfolio\ml-backend\workers\prediction_worker.py", line 105, in process_headline
    supabase_service.insert_record(
    ^^^^^^^^^^^^^^^^^^^^^^^^^^^^^^
AttributeError: 'SupabaseService' object has no attribute 'insert_record'
2026-05-24 02:09:47 | INFO | prediction_worker | Published prediction event
2026-05-24 02:09:47 | INFO | prediction_worker | Processing headline: First-generation Chromecast users stressed by devices suddenly failing
2026-05-24 02:09:47 | INFO | prediction_worker | Prediction complete → Neutral
2026-05-24 02:09:47 | ERROR | prediction_worker | Supabase insert failed: 'SupabaseService' object has no attribute 'insert_record'
Traceback (most recent call last):
  File "C:\Users\sucha\Downloads\portfolio\portfolio\ml-backend\workers\prediction_worker.py", line 105, in process_headline
    supabase_service.insert_record(
    ^^^^^^^^^^^^^^^^^^^^^^^^^^^^^^
AttributeError: 'SupabaseService' object has no attribute 'insert_record'
2026-05-24 02:09:47 | INFO | prediction_worker | Published prediction event
2026-05-24 02:09:47 | INFO | prediction_worker | Processing headline: Trump FCC asks public to comment on whether ABC's The View is a news show
2026-05-24 02:09:47 | INFO | prediction_worker | Prediction complete → Neutral
2026-05-24 02:09:47 | ERROR | prediction_worker | Supabase insert failed: 'SupabaseService' object has no attribute 'insert_record'
Traceback (most recent call last):
  File "C:\Users\sucha\Downloads\portfolio\portfolio\ml-backend\workers\prediction_worker.py", line 105, in process_headline
    supabase_service.insert_record(
    ^^^^^^^^^^^^^^^^^^^^^^^^^^^^^^
AttributeError: 'SupabaseService' object has no attribute 'insert_record'
2026-05-24 02:09:47 | INFO | prediction_worker | Published prediction event
2026-05-24 02:09:47 | INFO | prediction_worker | Processing headline: US scrambles to stop Internet users re-creating dead pilots’ voices
2026-05-24 02:09:47 | INFO | prediction_worker | Prediction complete → Negative
2026-05-24 02:09:47 | ERROR | prediction_worker | Supabase insert failed: 'SupabaseService' object has no attribute 'insert_record'
Traceback (most recent call last):
  File "C:\Users\sucha\Downloads\portfolio\portfolio\ml-backend\workers\prediction_worker.py", line 105, in process_headline
    supabase_service.insert_record(
    ^^^^^^^^^^^^^^^^^^^^^^^^^^^^^^
AttributeError: 'SupabaseService' object has no attribute 'insert_record'
2026-05-24 02:09:47 | INFO | prediction_worker | Published prediction event
2026-05-24 02:09:47 | INFO | prediction_worker | Processing headline: The Boys is dead. Long live Vought Rising.
2026-05-24 02:09:47 | INFO | prediction_worker | Prediction complete → Positive
2026-05-24 02:09:47 | ERROR | prediction_worker | Supabase insert failed: 'SupabaseService' object has no attribute 'insert_record'
Traceback (most recent call last):
  File "C:\Users\sucha\Downloads\portfolio\portfolio\ml-backend\workers\prediction_worker.py", line 105, in process_headline
    supabase_service.insert_record(
    ^^^^^^^^^^^^^^^^^^^^^^^^^^^^^^
AttributeError: 'SupabaseService' object has no attribute 'insert_record'
2026-05-24 02:09:47 | INFO | prediction_worker | Published prediction event
2026-05-24 02:09:47 | INFO | prediction_worker | Processing headline: Police boast of hacking VPN where criminals "believed themselves to be safe"
2026-05-24 02:09:47 | INFO | prediction_worker | Prediction complete → Negative
2026-05-24 02:09:47 | ERROR | prediction_worker | Supabase insert failed: 'SupabaseService' object has no attribute 'insert_record'
Traceback (most recent call last):
  File "C:\Users\sucha\Downloads\portfolio\portfolio\ml-backend\workers\prediction_worker.py", line 105, in process_headline
    supabase_service.insert_record(
    ^^^^^^^^^^^^^^^^^^^^^^^^^^^^^^
AttributeError: 'SupabaseService' object has no attribute 'insert_record'
2026-05-24 02:09:47 | INFO | prediction_worker | Published prediction event
2026-05-24 02:10:47 | INFO | prediction_worker | Processing headline: SolarSquare in talks to raise up to $60M as India’s rooftop solar market draws m
2026-05-24 02:10:47 | INFO | prediction_worker | Prediction complete → Neutral
2026-05-24 02:10:47 | ERROR | prediction_worker | Supabase insert failed: 'SupabaseService' object has no attribute 'insert_record'
Traceback (most recent call last):
  File "C:\Users\sucha\Downloads\portfolio\portfolio\ml-backend\workers\prediction_worker.py", line 105, in process_headline
    supabase_service.insert_record(
    ^^^^^^^^^^^^^^^^^^^^^^^^^^^^^^
AttributeError: 'SupabaseService' object has no attribute 'insert_record'
2026-05-24 02:10:47 | INFO | prediction_worker | Published prediction event
2026-05-24 02:10:47 | INFO | prediction_worker | Processing headline: These special phone and app features can help protect you from spyware
2026-05-24 02:10:47 | INFO | prediction_worker | Prediction complete → Positive
2026-05-24 02:10:47 | ERROR | prediction_worker | Supabase insert failed: 'SupabaseService' object has no attribute 'insert_record'
Traceback (most recent call last):
  File "C:\Users\sucha\Downloads\portfolio\portfolio\ml-backend\workers\prediction_worker.py", line 105, in process_headline
    supabase_service.insert_record(
    ^^^^^^^^^^^^^^^^^^^^^^^^^^^^^^
AttributeError: 'SupabaseService' object has no attribute 'insert_record'
2026-05-24 02:10:47 | INFO | prediction_worker | Published prediction event
2026-05-24 02:10:47 | INFO | prediction_worker | Processing headline: Ferrari is using IBM’s AI to create F1 superfans
2026-05-24 02:10:47 | INFO | prediction_worker | Prediction complete → Neutral
2026-05-24 02:10:47 | ERROR | prediction_worker | Supabase insert failed: 'SupabaseService' object has no attribute 'insert_record'
Traceback (most recent call last):
  File "C:\Users\sucha\Downloads\portfolio\portfolio\ml-backend\workers\prediction_worker.py", line 105, in process_headline
    supabase_service.insert_record(
    ^^^^^^^^^^^^^^^^^^^^^^^^^^^^^^
AttributeError: 'SupabaseService' object has no attribute 'insert_record'
2026-05-24 02:10:47 | INFO | prediction_worker | Published prediction event
2026-05-24 02:10:47 | INFO | prediction_worker | Processing headline: Nuclear startup Deep Fission says it’s going public, again, and I have questions
2026-05-24 02:10:47 | INFO | prediction_worker | Prediction complete → Neutral
2026-05-24 02:10:47 | ERROR | prediction_worker | Supabase insert failed: 'SupabaseService' object has no attribute 'insert_record'
Traceback (most recent call last):
  File "C:\Users\sucha\Downloads\portfolio\portfolio\ml-backend\workers\prediction_worker.py", line 105, in process_headline
    supabase_service.insert_record(
    ^^^^^^^^^^^^^^^^^^^^^^^^^^^^^^
AttributeError: 'SupabaseService' object has no attribute 'insert_record'
2026-05-24 02:10:47 | INFO | prediction_worker | Published prediction event
2026-05-24 02:10:47 | INFO | prediction_worker | Processing headline: Elon Musk has given up on solar power (on Earth)
2026-05-24 02:10:47 | INFO | prediction_worker | Prediction complete → Neutral
2026-05-24 02:10:47 | ERROR | prediction_worker | Supabase insert failed: 'SupabaseService' object has no attribute 'insert_record'
Traceback (most recent call last):
  File "C:\Users\sucha\Downloads\portfolio\portfolio\ml-backend\workers\prediction_worker.py", line 105, in process_headline
    supabase_service.insert_record(
    ^^^^^^^^^^^^^^^^^^^^^^^^^^^^^^
AttributeError: 'SupabaseService' object has no attribute 'insert_record'
2026-05-24 02:10:47 | INFO | prediction_worker | Published prediction event
2026-05-24 02:10:47 | INFO | prediction_worker | Processing headline: Peec, one of Berlin’s rising startups, more than doubled annualized revenue in m
2026-05-24 02:10:47 | INFO | prediction_worker | Prediction complete → Neutral
2026-05-24 02:10:47 | ERROR | prediction_worker | Supabase insert failed: 'SupabaseService' object has no attribute 'insert_record'
Traceback (most recent call last):
  File "C:\Users\sucha\Downloads\portfolio\portfolio\ml-backend\workers\prediction_worker.py", line 105, in process_headline
    supabase_service.insert_record(
    ^^^^^^^^^^^^^^^^^^^^^^^^^^^^^^
AttributeError: 'SupabaseService' object has no attribute 'insert_record'
2026-05-24 02:10:47 | INFO | prediction_worker | Published prediction event
2026-05-24 02:10:47 | INFO | prediction_worker | Processing headline: AI is being used to resurrect the voices of dead pilots
2026-05-24 02:10:47 | INFO | prediction_worker | Prediction complete → Neutral
2026-05-24 02:10:47 | ERROR | prediction_worker | Supabase insert failed: 'SupabaseService' object has no attribute 'insert_record'
Traceback (most recent call last):
  File "C:\Users\sucha\Downloads\portfolio\portfolio\ml-backend\workers\prediction_worker.py", line 105, in process_headline
    supabase_service.insert_record(
    ^^^^^^^^^^^^^^^^^^^^^^^^^^^^^^
AttributeError: 'SupabaseService' object has no attribute 'insert_record'
2026-05-24 02:10:47 | INFO | prediction_worker | Published prediction event
2026-05-24 02:10:47 | INFO | prediction_worker | Processing headline: SpaceX launches Starship V3 for the first time, but loses booster on return
2026-05-24 02:10:47 | INFO | prediction_worker | Prediction complete → Neutral
2026-05-24 02:10:47 | ERROR | prediction_worker | Supabase insert failed: 'SupabaseService' object has no attribute 'insert_record'
Traceback (most recent call last):
  File "C:\Users\sucha\Downloads\portfolio\portfolio\ml-backend\workers\prediction_worker.py", line 105, in process_headline
    supabase_service.insert_record(
    ^^^^^^^^^^^^^^^^^^^^^^^^^^^^^^
AttributeError: 'SupabaseService' object has no attribute 'insert_record'
2026-05-24 02:10:48 | INFO | prediction_worker | Published prediction event
2026-05-24 02:10:48 | INFO | prediction_worker | Processing headline: Blue Origin cleared to fly New Glenn mega-rocket after April mishap
2026-05-24 02:10:48 | INFO | prediction_worker | Prediction complete → Neutral
2026-05-24 02:10:48 | ERROR | prediction_worker | Supabase insert failed: 'SupabaseService' object has no attribute 'insert_record'
Traceback (most recent call last):
  File "C:\Users\sucha\Downloads\portfolio\portfolio\ml-backend\workers\prediction_worker.py", line 105, in process_headline
    supabase_service.insert_record(
    ^^^^^^^^^^^^^^^^^^^^^^^^^^^^^^
AttributeError: 'SupabaseService' object has no attribute 'insert_record'
2026-05-24 02:10:48 | INFO | prediction_worker | Published prediction event
2026-05-24 02:10:48 | INFO | prediction_worker | Processing headline: Google goes for the glitter with disco-ball icons: ‘Are y’all sure you still wan
2026-05-24 02:10:48 | INFO | prediction_worker | Prediction complete → Neutral
2026-05-24 02:10:48 | ERROR | prediction_worker | Supabase insert failed: 'SupabaseService' object has no attribute 'insert_record'
Traceback (most recent call last):
  File "C:\Users\sucha\Downloads\portfolio\portfolio\ml-backend\workers\prediction_worker.py", line 105, in process_headline
    supabase_service.insert_record(
    ^^^^^^^^^^^^^^^^^^^^^^^^^^^^^^
AttributeError: 'SupabaseService' object has no attribute 'insert_record'
2026-05-24 02:10:48 | INFO | prediction_worker | Published prediction event
2026-05-24 02:10:48 | INFO | prediction_worker | Processing headline: The man behind the legendary MPC, Roger Linn, stays focused with a single browse
2026-05-24 02:10:48 | INFO | prediction_worker | Prediction complete → Neutral
2026-05-24 02:10:48 | ERROR | prediction_worker | Supabase insert failed: 'SupabaseService' object has no attribute 'insert_record'
Traceback (most recent call last):
  File "C:\Users\sucha\Downloads\portfolio\portfolio\ml-backend\workers\prediction_worker.py", line 105, in process_headline
    supabase_service.insert_record(
    ^^^^^^^^^^^^^^^^^^^^^^^^^^^^^^
AttributeError: 'SupabaseService' object has no attribute 'insert_record'
2026-05-24 02:10:48 | INFO | prediction_worker | Published prediction event
2026-05-24 02:10:48 | INFO | prediction_worker | Processing headline: Here are 38 Memorial Day deals we recommend for $50 or less
2026-05-24 02:10:48 | INFO | prediction_worker | Prediction complete → Positive
2026-05-24 02:10:48 | ERROR | prediction_worker | Supabase insert failed: 'SupabaseService' object has no attribute 'insert_record'
Traceback (most recent call last):
  File "C:\Users\sucha\Downloads\portfolio\portfolio\ml-backend\workers\prediction_worker.py", line 105, in process_headline
    supabase_service.insert_record(
    ^^^^^^^^^^^^^^^^^^^^^^^^^^^^^^
AttributeError: 'SupabaseService' object has no attribute 'insert_record'
2026-05-24 02:10:48 | INFO | prediction_worker | Published prediction event
2026-05-24 02:10:48 | INFO | prediction_worker | Processing headline: Hanging out in my favorite virtual coffee shop in Tokyo
2026-05-24 02:10:48 | INFO | prediction_worker | Prediction complete → Positive
2026-05-24 02:10:48 | ERROR | prediction_worker | Supabase insert failed: 'SupabaseService' object has no attribute 'insert_record'
Traceback (most recent call last):
  File "C:\Users\sucha\Downloads\portfolio\portfolio\ml-backend\workers\prediction_worker.py", line 105, in process_headline
    supabase_service.insert_record(
    ^^^^^^^^^^^^^^^^^^^^^^^^^^^^^^
AttributeError: 'SupabaseService' object has no attribute 'insert_record'
2026-05-24 02:10:48 | INFO | prediction_worker | Published prediction event
2026-05-24 02:10:48 | INFO | prediction_worker | Processing headline: I have a new go-to browser
2026-05-24 02:10:48 | INFO | prediction_worker | Prediction complete → Positive
2026-05-24 02:10:48 | ERROR | prediction_worker | Supabase insert failed: 'SupabaseService' object has no attribute 'insert_record'
Traceback (most recent call last):
  File "C:\Users\sucha\Downloads\portfolio\portfolio\ml-backend\workers\prediction_worker.py", line 105, in process_headline
    supabase_service.insert_record(
    ^^^^^^^^^^^^^^^^^^^^^^^^^^^^^^
AttributeError: 'SupabaseService' object has no attribute 'insert_record'
2026-05-24 02:10:48 | INFO | prediction_worker | Published prediction event
2026-05-24 02:10:48 | INFO | prediction_worker | Processing headline: Google’s new anything-to-anything AI model is wild
2026-05-24 02:10:48 | INFO | prediction_worker | Prediction complete → Positive
2026-05-24 02:10:48 | ERROR | prediction_worker | Supabase insert failed: 'SupabaseService' object has no attribute 'insert_record'
Traceback (most recent call last):
  File "C:\Users\sucha\Downloads\portfolio\portfolio\ml-backend\workers\prediction_worker.py", line 105, in process_headline
    supabase_service.insert_record(
    ^^^^^^^^^^^^^^^^^^^^^^^^^^^^^^
AttributeError: 'SupabaseService' object has no attribute 'insert_record'
2026-05-24 02:10:48 | INFO | prediction_worker | Published prediction event
2026-05-24 02:10:48 | INFO | prediction_worker | Processing headline: Google&#8217;s AI search is so broken it can &#8216;disregard&#8217; what you&#8
2026-05-24 02:10:48 | INFO | prediction_worker | Prediction complete → Neutral
2026-05-24 02:10:48 | ERROR | prediction_worker | Supabase insert failed: 'SupabaseService' object has no attribute 'insert_record'
Traceback (most recent call last):
  File "C:\Users\sucha\Downloads\portfolio\portfolio\ml-backend\workers\prediction_worker.py", line 105, in process_headline
    supabase_service.insert_record(
    ^^^^^^^^^^^^^^^^^^^^^^^^^^^^^^
AttributeError: 'SupabaseService' object has no attribute 'insert_record'
2026-05-24 02:10:48 | INFO | prediction_worker | Published prediction event
2026-05-24 02:10:48 | INFO | prediction_worker | Processing headline: Twelve South’s AirFly Pro 2 has hit one of its best prices ahead of summer trave
2026-05-24 02:10:48 | INFO | prediction_worker | Prediction complete → Positive
2026-05-24 02:10:48 | ERROR | prediction_worker | Supabase insert failed: 'SupabaseService' object has no attribute 'insert_record'
Traceback (most recent call last):
  File "C:\Users\sucha\Downloads\portfolio\portfolio\ml-backend\workers\prediction_worker.py", line 105, in process_headline
    supabase_service.insert_record(
    ^^^^^^^^^^^^^^^^^^^^^^^^^^^^^^
AttributeError: 'SupabaseService' object has no attribute 'insert_record'
2026-05-24 02:10:48 | INFO | prediction_worker | Published prediction event
2026-05-24 02:10:48 | INFO | prediction_worker | Processing headline: Meta’s Forum is part Reddit, part Facebook, and part Google AI Overview
2026-05-24 02:10:48 | INFO | prediction_worker | Prediction complete → Neutral
2026-05-24 02:10:48 | ERROR | prediction_worker | Supabase insert failed: 'SupabaseService' object has no attribute 'insert_record'
Traceback (most recent call last):
  File "C:\Users\sucha\Downloads\portfolio\portfolio\ml-backend\workers\prediction_worker.py", line 105, in process_headline
    supabase_service.insert_record(
    ^^^^^^^^^^^^^^^^^^^^^^^^^^^^^^
AttributeError: 'SupabaseService' object has no attribute 'insert_record'
2026-05-24 02:10:48 | INFO | prediction_worker | Published prediction event
2026-05-24 02:10:48 | INFO | prediction_worker | Processing headline: Elon, stop trying to make Grok happen
2026-05-24 02:10:48 | INFO | prediction_worker | Prediction complete → Neutral
2026-05-24 02:10:48 | ERROR | prediction_worker | Supabase insert failed: 'SupabaseService' object has no attribute 'insert_record'
Traceback (most recent call last):
  File "C:\Users\sucha\Downloads\portfolio\portfolio\ml-backend\workers\prediction_worker.py", line 105, in process_headline
    supabase_service.insert_record(
    ^^^^^^^^^^^^^^^^^^^^^^^^^^^^^^
AttributeError: 'SupabaseService' object has no attribute 'insert_record'
2026-05-24 02:10:49 | INFO | prediction_worker | Published prediction event
2026-05-24 02:10:49 | INFO | prediction_worker | Processing headline: The best Memorial Day sales you can shop this weekend
2026-05-24 02:10:49 | INFO | prediction_worker | Prediction complete → Positive
2026-05-24 02:10:49 | ERROR | prediction_worker | Supabase insert failed: 'SupabaseService' object has no attribute 'insert_record'
Traceback (most recent call last):
  File "C:\Users\sucha\Downloads\portfolio\portfolio\ml-backend\workers\prediction_worker.py", line 105, in process_headline
    supabase_service.insert_record(
    ^^^^^^^^^^^^^^^^^^^^^^^^^^^^^^
AttributeError: 'SupabaseService' object has no attribute 'insert_record'
2026-05-24 02:10:49 | INFO | prediction_worker | Published prediction event
2026-05-24 02:10:49 | INFO | prediction_worker | Processing headline: Best Power Banks (2026): My Picks After Testing Over 100
2026-05-24 02:10:49 | INFO | prediction_worker | Prediction complete → Positive
2026-05-24 02:10:49 | ERROR | prediction_worker | Supabase insert failed: 'SupabaseService' object has no attribute 'insert_record'
Traceback (most recent call last):
  File "C:\Users\sucha\Downloads\portfolio\portfolio\ml-backend\workers\prediction_worker.py", line 105, in process_headline
    supabase_service.insert_record(
    ^^^^^^^^^^^^^^^^^^^^^^^^^^^^^^
AttributeError: 'SupabaseService' object has no attribute 'insert_record'
2026-05-24 02:10:49 | INFO | prediction_worker | Published prediction event
2026-05-24 02:10:49 | INFO | prediction_worker | Processing headline: Memorial Day Dyson Vacuum Deals: V15 Detect, Gen5Detect, PencilVac On Sale
2026-05-24 02:10:49 | INFO | prediction_worker | Prediction complete → Positive
2026-05-24 02:10:49 | ERROR | prediction_worker | Supabase insert failed: 'SupabaseService' object has no attribute 'insert_record'
Traceback (most recent call last):
  File "C:\Users\sucha\Downloads\portfolio\portfolio\ml-backend\workers\prediction_worker.py", line 105, in process_headline
    supabase_service.insert_record(
    ^^^^^^^^^^^^^^^^^^^^^^^^^^^^^^
AttributeError: 'SupabaseService' object has no attribute 'insert_record'
2026-05-24 02:10:49 | INFO | prediction_worker | Published prediction event
2026-05-24 02:10:49 | INFO | prediction_worker | Processing headline: L.L.Bean's Zip Hunter's Tote Is the Only Carryall You Need
2026-05-24 02:10:49 | INFO | prediction_worker | Prediction complete → Neutral
2026-05-24 02:10:49 | ERROR | prediction_worker | Supabase insert failed: 'SupabaseService' object has no attribute 'insert_record'
Traceback (most recent call last):
  File "C:\Users\sucha\Downloads\portfolio\portfolio\ml-backend\workers\prediction_worker.py", line 105, in process_headline
    supabase_service.insert_record(
    ^^^^^^^^^^^^^^^^^^^^^^^^^^^^^^
AttributeError: 'SupabaseService' object has no attribute 'insert_record'
2026-05-24 02:10:49 | INFO | prediction_worker | Published prediction event
2026-05-24 02:10:49 | INFO | prediction_worker | Processing headline: Quantum ‘Jamming’ Could Help Unlock the Mysteries of Causality
2026-05-24 02:10:49 | INFO | prediction_worker | Prediction complete → Neutral
2026-05-24 02:10:49 | ERROR | prediction_worker | Supabase insert failed: 'SupabaseService' object has no attribute 'insert_record'
Traceback (most recent call last):
  File "C:\Users\sucha\Downloads\portfolio\portfolio\ml-backend\workers\prediction_worker.py", line 105, in process_headline
    supabase_service.insert_record(
    ^^^^^^^^^^^^^^^^^^^^^^^^^^^^^^
AttributeError: 'SupabaseService' object has no attribute 'insert_record'
2026-05-24 02:10:49 | INFO | prediction_worker | Published prediction event
2026-05-24 02:10:49 | INFO | prediction_worker | Processing headline: The Best Smart Sprinklers and Irrigation Systems: In-Ground Sprinklers, Hose Tim
2026-05-24 02:10:49 | INFO | prediction_worker | Prediction complete → Positive
2026-05-24 02:10:49 | ERROR | prediction_worker | Supabase insert failed: 'SupabaseService' object has no attribute 'insert_record'
Traceback (most recent call last):
  File "C:\Users\sucha\Downloads\portfolio\portfolio\ml-backend\workers\prediction_worker.py", line 105, in process_headline
    supabase_service.insert_record(
    ^^^^^^^^^^^^^^^^^^^^^^^^^^^^^^
AttributeError: 'SupabaseService' object has no attribute 'insert_record'
2026-05-24 02:10:49 | INFO | prediction_worker | Published prediction event
2026-05-24 02:10:49 | INFO | prediction_worker | Processing headline: The FBI Wants ‘Near Real-Time’ Access to US License Plate Readers
2026-05-24 02:10:49 | INFO | prediction_worker | Prediction complete → Neutral
2026-05-24 02:10:49 | ERROR | prediction_worker | Supabase insert failed: 'SupabaseService' object has no attribute 'insert_record'
Traceback (most recent call last):
  File "C:\Users\sucha\Downloads\portfolio\portfolio\ml-backend\workers\prediction_worker.py", line 105, in process_headline
    supabase_service.insert_record(
    ^^^^^^^^^^^^^^^^^^^^^^^^^^^^^^
AttributeError: 'SupabaseService' object has no attribute 'insert_record'
2026-05-24 02:10:49 | INFO | prediction_worker | Published prediction event
2026-05-24 02:10:49 | INFO | prediction_worker | Processing headline: Cosmic Voids May Contain the Universe’s Best Secrets
2026-05-24 02:10:49 | INFO | prediction_worker | Prediction complete → Positive
2026-05-24 02:10:49 | ERROR | prediction_worker | Supabase insert failed: 'SupabaseService' object has no attribute 'insert_record'
Traceback (most recent call last):
  File "C:\Users\sucha\Downloads\portfolio\portfolio\ml-backend\workers\prediction_worker.py", line 105, in process_headline
    supabase_service.insert_record(
    ^^^^^^^^^^^^^^^^^^^^^^^^^^^^^^
AttributeError: 'SupabaseService' object has no attribute 'insert_record'
2026-05-24 02:10:49 | INFO | prediction_worker | Published prediction event
2026-05-24 02:10:49 | INFO | prediction_worker | Processing headline: Best Memorial Day Deals: Garmin, Birdfy, Branch (2026)
2026-05-24 02:10:49 | INFO | prediction_worker | Prediction complete → Positive
2026-05-24 02:10:49 | ERROR | prediction_worker | Supabase insert failed: 'SupabaseService' object has no attribute 'insert_record'
Traceback (most recent call last):
  File "C:\Users\sucha\Downloads\portfolio\portfolio\ml-backend\workers\prediction_worker.py", line 105, in process_headline
    supabase_service.insert_record(
    ^^^^^^^^^^^^^^^^^^^^^^^^^^^^^^
AttributeError: 'SupabaseService' object has no attribute 'insert_record'
2026-05-24 02:10:49 | INFO | prediction_worker | Published prediction event
2026-05-24 02:10:49 | INFO | prediction_worker | Processing headline: A 'Golden Orb' on the Ocean Floor Came From a Mysterious Animal
2026-05-24 02:10:49 | INFO | prediction_worker | Prediction complete → Neutral
2026-05-24 02:10:49 | ERROR | prediction_worker | Supabase insert failed: 'SupabaseService' object has no attribute 'insert_record'
Traceback (most recent call last):
  File "C:\Users\sucha\Downloads\portfolio\portfolio\ml-backend\workers\prediction_worker.py", line 105, in process_headline
    supabase_service.insert_record(
    ^^^^^^^^^^^^^^^^^^^^^^^^^^^^^^
AttributeError: 'SupabaseService' object has no attribute 'insert_record'
2026-05-24 02:10:49 | INFO | prediction_worker | Published prediction event
2026-05-24 02:10:49 | INFO | prediction_worker | Processing headline: All Vehicles Sold in the EU Must Be Able to Hook Up to a Breathalyzer
2026-05-24 02:10:49 | INFO | prediction_worker | Prediction complete → Negative
2026-05-24 02:10:49 | ERROR | prediction_worker | Supabase insert failed: 'SupabaseService' object has no attribute 'insert_record'
Traceback (most recent call last):
  File "C:\Users\sucha\Downloads\portfolio\portfolio\ml-backend\workers\prediction_worker.py", line 105, in process_headline
    supabase_service.insert_record(
    ^^^^^^^^^^^^^^^^^^^^^^^^^^^^^^
AttributeError: 'SupabaseService' object has no attribute 'insert_record'
2026-05-24 02:10:49 | INFO | prediction_worker | Published prediction event
2026-05-24 02:10:49 | INFO | prediction_worker | Processing headline: SpaceX's Starship V3—still a work in progress—mostly successful on first flight
2026-05-24 02:10:49 | INFO | prediction_worker | Prediction complete → Neutral
2026-05-24 02:10:49 | ERROR | prediction_worker | Supabase insert failed: 'SupabaseService' object has no attribute 'insert_record'
Traceback (most recent call last):
  File "C:\Users\sucha\Downloads\portfolio\portfolio\ml-backend\workers\prediction_worker.py", line 105, in process_headline
    supabase_service.insert_record(
    ^^^^^^^^^^^^^^^^^^^^^^^^^^^^^^
AttributeError: 'SupabaseService' object has no attribute 'insert_record'
2026-05-24 02:10:49 | INFO | prediction_worker | Published prediction event
2026-05-24 02:10:50 | INFO | prediction_worker | Processing headline: Two space shuttle-era spacewalkers enter Astronaut Hall of Fame
2026-05-24 02:10:50 | INFO | prediction_worker | Prediction complete → Neutral
2026-05-24 02:10:50 | ERROR | prediction_worker | Supabase insert failed: 'SupabaseService' object has no attribute 'insert_record'
Traceback (most recent call last):
  File "C:\Users\sucha\Downloads\portfolio\portfolio\ml-backend\workers\prediction_worker.py", line 105, in process_headline
    supabase_service.insert_record(
    ^^^^^^^^^^^^^^^^^^^^^^^^^^^^^^
AttributeError: 'SupabaseService' object has no attribute 'insert_record'
2026-05-24 02:10:50 | INFO | prediction_worker | Published prediction event
2026-05-24 02:10:50 | INFO | prediction_worker | Processing headline: China’s shark finning could lead to US seafood sanctions
2026-05-24 02:10:50 | INFO | prediction_worker | Prediction complete → Neutral
2026-05-24 02:10:50 | ERROR | prediction_worker | Supabase insert failed: 'SupabaseService' object has no attribute 'insert_record'
Traceback (most recent call last):
  File "C:\Users\sucha\Downloads\portfolio\portfolio\ml-backend\workers\prediction_worker.py", line 105, in process_headline
    supabase_service.insert_record(
    ^^^^^^^^^^^^^^^^^^^^^^^^^^^^^^
AttributeError: 'SupabaseService' object has no attribute 'insert_record'
2026-05-24 02:10:50 | INFO | prediction_worker | Published prediction event
2026-05-24 02:10:50 | INFO | prediction_worker | Processing headline: Four Russian satellites are now within striking distance of an ICEYE radarsat
2026-05-24 02:10:50 | INFO | prediction_worker | Prediction complete → Neutral
2026-05-24 02:10:50 | ERROR | prediction_worker | Supabase insert failed: 'SupabaseService' object has no attribute 'insert_record'
Traceback (most recent call last):
  File "C:\Users\sucha\Downloads\portfolio\portfolio\ml-backend\workers\prediction_worker.py", line 105, in process_headline
    supabase_service.insert_record(
    ^^^^^^^^^^^^^^^^^^^^^^^^^^^^^^
AttributeError: 'SupabaseService' object has no attribute 'insert_record'
2026-05-24 02:10:50 | INFO | prediction_worker | Published prediction event
2026-05-24 02:10:50 | INFO | prediction_worker | Processing headline: Ebola outbreak now third largest recorded and "spreading rapidly"
2026-05-24 02:10:50 | INFO | prediction_worker | Prediction complete → Negative
2026-05-24 02:10:50 | ERROR | prediction_worker | Supabase insert failed: 'SupabaseService' object has no attribute 'insert_record'
Traceback (most recent call last):
  File "C:\Users\sucha\Downloads\portfolio\portfolio\ml-backend\workers\prediction_worker.py", line 105, in process_headline
    supabase_service.insert_record(
    ^^^^^^^^^^^^^^^^^^^^^^^^^^^^^^
AttributeError: 'SupabaseService' object has no attribute 'insert_record'
2026-05-24 02:10:50 | INFO | prediction_worker | Published prediction event
2026-05-24 02:10:50 | INFO | prediction_worker | Processing headline: First-generation Chromecast users stressed by devices suddenly failing
2026-05-24 02:10:50 | INFO | prediction_worker | Prediction complete → Neutral
2026-05-24 02:10:50 | ERROR | prediction_worker | Supabase insert failed: 'SupabaseService' object has no attribute 'insert_record'
Traceback (most recent call last):
  File "C:\Users\sucha\Downloads\portfolio\portfolio\ml-backend\workers\prediction_worker.py", line 105, in process_headline
    supabase_service.insert_record(
    ^^^^^^^^^^^^^^^^^^^^^^^^^^^^^^
AttributeError: 'SupabaseService' object has no attribute 'insert_record'
2026-05-24 02:10:50 | INFO | prediction_worker | Published prediction event
2026-05-24 02:10:50 | INFO | prediction_worker | Processing headline: Trump FCC asks public to comment on whether ABC's The View is a news show
2026-05-24 02:10:50 | INFO | prediction_worker | Prediction complete → Neutral
2026-05-24 02:10:50 | ERROR | prediction_worker | Supabase insert failed: 'SupabaseService' object has no attribute 'insert_record'
Traceback (most recent call last):
  File "C:\Users\sucha\Downloads\portfolio\portfolio\ml-backend\workers\prediction_worker.py", line 105, in process_headline
    supabase_service.insert_record(
    ^^^^^^^^^^^^^^^^^^^^^^^^^^^^^^
AttributeError: 'SupabaseService' object has no attribute 'insert_record'
2026-05-24 02:10:50 | INFO | prediction_worker | Published prediction event
2026-05-24 02:10:50 | INFO | prediction_worker | Processing headline: US scrambles to stop Internet users re-creating dead pilots’ voices
2026-05-24 02:10:50 | INFO | prediction_worker | Prediction complete → Negative
2026-05-24 02:10:50 | ERROR | prediction_worker | Supabase insert failed: 'SupabaseService' object has no attribute 'insert_record'
Traceback (most recent call last):
  File "C:\Users\sucha\Downloads\portfolio\portfolio\ml-backend\workers\prediction_worker.py", line 105, in process_headline
    supabase_service.insert_record(
    ^^^^^^^^^^^^^^^^^^^^^^^^^^^^^^
AttributeError: 'SupabaseService' object has no attribute 'insert_record'
2026-05-24 02:10:50 | INFO | prediction_worker | Published prediction event
2026-05-24 02:10:50 | INFO | prediction_worker | Processing headline: The Boys is dead. Long live Vought Rising.
2026-05-24 02:10:50 | INFO | prediction_worker | Prediction complete → Positive
2026-05-24 02:10:50 | ERROR | prediction_worker | Supabase insert failed: 'SupabaseService' object has no attribute 'insert_record'
Traceback (most recent call last):
  File "C:\Users\sucha\Downloads\portfolio\portfolio\ml-backend\workers\prediction_worker.py", line 105, in process_headline
    supabase_service.insert_record(
    ^^^^^^^^^^^^^^^^^^^^^^^^^^^^^^
AttributeError: 'SupabaseService' object has no attribute 'insert_record'
2026-05-24 02:10:50 | INFO | prediction_worker | Published prediction event
2026-05-24 02:10:50 | INFO | prediction_worker | Processing headline: Police boast of hacking VPN where criminals "believed themselves to be safe"
2026-05-24 02:10:50 | INFO | prediction_worker | Prediction complete → Negative
2026-05-24 02:10:50 | ERROR | prediction_worker | Supabase insert failed: 'SupabaseService' object has no attribute 'insert_record'
Traceback (most recent call last):
  File "C:\Users\sucha\Downloads\portfolio\portfolio\ml-backend\workers\prediction_worker.py", line 105, in process_headline
    supabase_service.insert_record(
    ^^^^^^^^^^^^^^^^^^^^^^^^^^^^^^
AttributeError: 'SupabaseService' object has no attribute 'insert_record'
2026-05-24 02:10:50 | INFO | prediction_worker | Published prediction event
2026-05-24 02:11:52 | INFO | prediction_worker | Processing headline: SolarSquare in talks to raise up to $60M as India’s rooftop solar market draws m
2026-05-24 02:11:52 | INFO | prediction_worker | Prediction complete → Neutral
2026-05-24 02:11:52 | ERROR | prediction_worker | Supabase insert failed: 'SupabaseService' object has no attribute 'insert_record'
Traceback (most recent call last):
  File "C:\Users\sucha\Downloads\portfolio\portfolio\ml-backend\workers\prediction_worker.py", line 105, in process_headline
    supabase_service.insert_record(
    ^^^^^^^^^^^^^^^^^^^^^^^^^^^^^^
AttributeError: 'SupabaseService' object has no attribute 'insert_record'
2026-05-24 02:11:52 | INFO | prediction_worker | Published prediction event
2026-05-24 02:11:52 | INFO | prediction_worker | Processing headline: These special phone and app features can help protect you from spyware
2026-05-24 02:11:52 | INFO | prediction_worker | Prediction complete → Positive
2026-05-24 02:11:52 | ERROR | prediction_worker | Supabase insert failed: 'SupabaseService' object has no attribute 'insert_record'
Traceback (most recent call last):
  File "C:\Users\sucha\Downloads\portfolio\portfolio\ml-backend\workers\prediction_worker.py", line 105, in process_headline
    supabase_service.insert_record(
    ^^^^^^^^^^^^^^^^^^^^^^^^^^^^^^
AttributeError: 'SupabaseService' object has no attribute 'insert_record'
2026-05-24 02:11:52 | INFO | prediction_worker | Published prediction event
2026-05-24 02:11:52 | INFO | prediction_worker | Processing headline: Ferrari is using IBM’s AI to create F1 superfans
2026-05-24 02:11:52 | INFO | prediction_worker | Prediction complete → Neutral
2026-05-24 02:11:52 | ERROR | prediction_worker | Supabase insert failed: 'SupabaseService' object has no attribute 'insert_record'
Traceback (most recent call last):
  File "C:\Users\sucha\Downloads\portfolio\portfolio\ml-backend\workers\prediction_worker.py", line 105, in process_headline
    supabase_service.insert_record(
    ^^^^^^^^^^^^^^^^^^^^^^^^^^^^^^
AttributeError: 'SupabaseService' object has no attribute 'insert_record'
2026-05-24 02:11:53 | INFO | prediction_worker | Published prediction event
2026-05-24 02:11:53 | INFO | prediction_worker | Processing headline: Nuclear startup Deep Fission says it’s going public, again, and I have questions
2026-05-24 02:11:53 | INFO | prediction_worker | Prediction complete → Neutral
2026-05-24 02:11:53 | ERROR | prediction_worker | Supabase insert failed: 'SupabaseService' object has no attribute 'insert_record'
Traceback (most recent call last):
  File "C:\Users\sucha\Downloads\portfolio\portfolio\ml-backend\workers\prediction_worker.py", line 105, in process_headline
    supabase_service.insert_record(
    ^^^^^^^^^^^^^^^^^^^^^^^^^^^^^^
AttributeError: 'SupabaseService' object has no attribute 'insert_record'
2026-05-24 02:11:53 | INFO | prediction_worker | Published prediction event
2026-05-24 02:11:53 | INFO | prediction_worker | Processing headline: Elon Musk has given up on solar power (on Earth)
2026-05-24 02:11:53 | INFO | prediction_worker | Prediction complete → Neutral
2026-05-24 02:11:53 | ERROR | prediction_worker | Supabase insert failed: 'SupabaseService' object has no attribute 'insert_record'
Traceback (most recent call last):
  File "C:\Users\sucha\Downloads\portfolio\portfolio\ml-backend\workers\prediction_worker.py", line 105, in process_headline
    supabase_service.insert_record(
    ^^^^^^^^^^^^^^^^^^^^^^^^^^^^^^
AttributeError: 'SupabaseService' object has no attribute 'insert_record'
2026-05-24 02:11:53 | INFO | prediction_worker | Published prediction event
2026-05-24 02:11:53 | INFO | prediction_worker | Processing headline: Peec, one of Berlin’s rising startups, more than doubled annualized revenue in m
2026-05-24 02:11:53 | INFO | prediction_worker | Prediction complete → Neutral
2026-05-24 02:11:53 | ERROR | prediction_worker | Supabase insert failed: 'SupabaseService' object has no attribute 'insert_record'
Traceback (most recent call last):
  File "C:\Users\sucha\Downloads\portfolio\portfolio\ml-backend\workers\prediction_worker.py", line 105, in process_headline
    supabase_service.insert_record(
    ^^^^^^^^^^^^^^^^^^^^^^^^^^^^^^
AttributeError: 'SupabaseService' object has no attribute 'insert_record'
2026-05-24 02:11:53 | INFO | prediction_worker | Published prediction event
2026-05-24 02:11:53 | INFO | prediction_worker | Processing headline: AI is being used to resurrect the voices of dead pilots
2026-05-24 02:11:53 | INFO | prediction_worker | Prediction complete → Neutral
2026-05-24 02:11:53 | ERROR | prediction_worker | Supabase insert failed: 'SupabaseService' object has no attribute 'insert_record'
Traceback (most recent call last):
  File "C:\Users\sucha\Downloads\portfolio\portfolio\ml-backend\workers\prediction_worker.py", line 105, in process_headline
    supabase_service.insert_record(
    ^^^^^^^^^^^^^^^^^^^^^^^^^^^^^^
AttributeError: 'SupabaseService' object has no attribute 'insert_record'
2026-05-24 02:11:53 | INFO | prediction_worker | Published prediction event
2026-05-24 02:11:53 | INFO | prediction_worker | Processing headline: SpaceX launches Starship V3 for the first time, but loses booster on return
2026-05-24 02:11:53 | INFO | prediction_worker | Prediction complete → Neutral
2026-05-24 02:11:53 | ERROR | prediction_worker | Supabase insert failed: 'SupabaseService' object has no attribute 'insert_record'
Traceback (most recent call last):
  File "C:\Users\sucha\Downloads\portfolio\portfolio\ml-backend\workers\prediction_worker.py", line 105, in process_headline
    supabase_service.insert_record(
    ^^^^^^^^^^^^^^^^^^^^^^^^^^^^^^
AttributeError: 'SupabaseService' object has no attribute 'insert_record'
2026-05-24 02:11:53 | INFO | prediction_worker | Published prediction event
2026-05-24 02:11:53 | INFO | prediction_worker | Processing headline: Blue Origin cleared to fly New Glenn mega-rocket after April mishap
2026-05-24 02:11:53 | INFO | prediction_worker | Prediction complete → Neutral
2026-05-24 02:11:53 | ERROR | prediction_worker | Supabase insert failed: 'SupabaseService' object has no attribute 'insert_record'
Traceback (most recent call last):
  File "C:\Users\sucha\Downloads\portfolio\portfolio\ml-backend\workers\prediction_worker.py", line 105, in process_headline
    supabase_service.insert_record(
    ^^^^^^^^^^^^^^^^^^^^^^^^^^^^^^
AttributeError: 'SupabaseService' object has no attribute 'insert_record'
2026-05-24 02:11:53 | INFO | prediction_worker | Published prediction event
2026-05-24 02:11:53 | INFO | prediction_worker | Processing headline: Google goes for the glitter with disco-ball icons: ‘Are y’all sure you still wan
2026-05-24 02:11:53 | INFO | prediction_worker | Prediction complete → Neutral
2026-05-24 02:11:53 | ERROR | prediction_worker | Supabase insert failed: 'SupabaseService' object has no attribute 'insert_record'
Traceback (most recent call last):
  File "C:\Users\sucha\Downloads\portfolio\portfolio\ml-backend\workers\prediction_worker.py", line 105, in process_headline
    supabase_service.insert_record(
    ^^^^^^^^^^^^^^^^^^^^^^^^^^^^^^
AttributeError: 'SupabaseService' object has no attribute 'insert_record'
2026-05-24 02:11:53 | INFO | prediction_worker | Published prediction event
2026-05-24 02:11:53 | INFO | prediction_worker | Processing headline: The man behind the legendary MPC, Roger Linn, stays focused with a single browse
2026-05-24 02:11:53 | INFO | prediction_worker | Prediction complete → Neutral
2026-05-24 02:11:53 | ERROR | prediction_worker | Supabase insert failed: 'SupabaseService' object has no attribute 'insert_record'
Traceback (most recent call last):
  File "C:\Users\sucha\Downloads\portfolio\portfolio\ml-backend\workers\prediction_worker.py", line 105, in process_headline
    supabase_service.insert_record(
    ^^^^^^^^^^^^^^^^^^^^^^^^^^^^^^
AttributeError: 'SupabaseService' object has no attribute 'insert_record'
2026-05-24 02:11:53 | INFO | prediction_worker | Published prediction event
2026-05-24 02:11:53 | INFO | prediction_worker | Processing headline: Here are 38 Memorial Day deals we recommend for $50 or less
2026-05-24 02:11:53 | INFO | prediction_worker | Prediction complete → Positive
2026-05-24 02:11:53 | ERROR | prediction_worker | Supabase insert failed: 'SupabaseService' object has no attribute 'insert_record'
Traceback (most recent call last):
  File "C:\Users\sucha\Downloads\portfolio\portfolio\ml-backend\workers\prediction_worker.py", line 105, in process_headline
    supabase_service.insert_record(
    ^^^^^^^^^^^^^^^^^^^^^^^^^^^^^^
AttributeError: 'SupabaseService' object has no attribute 'insert_record'
2026-05-24 02:11:53 | INFO | prediction_worker | Published prediction event
2026-05-24 02:11:53 | INFO | prediction_worker | Processing headline: Hanging out in my favorite virtual coffee shop in Tokyo
2026-05-24 02:11:53 | INFO | prediction_worker | Prediction complete → Positive
2026-05-24 02:11:53 | ERROR | prediction_worker | Supabase insert failed: 'SupabaseService' object has no attribute 'insert_record'
Traceback (most recent call last):
  File "C:\Users\sucha\Downloads\portfolio\portfolio\ml-backend\workers\prediction_worker.py", line 105, in process_headline
    supabase_service.insert_record(
    ^^^^^^^^^^^^^^^^^^^^^^^^^^^^^^
AttributeError: 'SupabaseService' object has no attribute 'insert_record'
2026-05-24 02:11:53 | INFO | prediction_worker | Published prediction event
2026-05-24 02:11:53 | INFO | prediction_worker | Processing headline: I have a new go-to browser
2026-05-24 02:11:53 | INFO | prediction_worker | Prediction complete → Positive
2026-05-24 02:11:53 | ERROR | prediction_worker | Supabase insert failed: 'SupabaseService' object has no attribute 'insert_record'
Traceback (most recent call last):
  File "C:\Users\sucha\Downloads\portfolio\portfolio\ml-backend\workers\prediction_worker.py", line 105, in process_headline
    supabase_service.insert_record(
    ^^^^^^^^^^^^^^^^^^^^^^^^^^^^^^
AttributeError: 'SupabaseService' object has no attribute 'insert_record'
2026-05-24 02:11:53 | INFO | prediction_worker | Published prediction event
2026-05-24 02:11:53 | INFO | prediction_worker | Processing headline: Google’s new anything-to-anything AI model is wild
2026-05-24 02:11:54 | INFO | prediction_worker | Prediction complete → Positive
2026-05-24 02:11:54 | ERROR | prediction_worker | Supabase insert failed: 'SupabaseService' object has no attribute 'insert_record'
Traceback (most recent call last):
  File "C:\Users\sucha\Downloads\portfolio\portfolio\ml-backend\workers\prediction_worker.py", line 105, in process_headline
    supabase_service.insert_record(
    ^^^^^^^^^^^^^^^^^^^^^^^^^^^^^^
AttributeError: 'SupabaseService' object has no attribute 'insert_record'
2026-05-24 02:11:54 | INFO | prediction_worker | Published prediction event
2026-05-24 02:11:54 | INFO | prediction_worker | Processing headline: Google&#8217;s AI search is so broken it can &#8216;disregard&#8217; what you&#8
2026-05-24 02:11:54 | INFO | prediction_worker | Prediction complete → Neutral
2026-05-24 02:11:54 | ERROR | prediction_worker | Supabase insert failed: 'SupabaseService' object has no attribute 'insert_record'
Traceback (most recent call last):
  File "C:\Users\sucha\Downloads\portfolio\portfolio\ml-backend\workers\prediction_worker.py", line 105, in process_headline
    supabase_service.insert_record(
    ^^^^^^^^^^^^^^^^^^^^^^^^^^^^^^
AttributeError: 'SupabaseService' object has no attribute 'insert_record'
2026-05-24 02:11:54 | INFO | prediction_worker | Published prediction event
2026-05-24 02:11:54 | INFO | prediction_worker | Processing headline: Twelve South’s AirFly Pro 2 has hit one of its best prices ahead of summer trave
2026-05-24 02:11:54 | INFO | prediction_worker | Prediction complete → Positive
2026-05-24 02:11:54 | ERROR | prediction_worker | Supabase insert failed: 'SupabaseService' object has no attribute 'insert_record'
Traceback (most recent call last):
  File "C:\Users\sucha\Downloads\portfolio\portfolio\ml-backend\workers\prediction_worker.py", line 105, in process_headline
    supabase_service.insert_record(
    ^^^^^^^^^^^^^^^^^^^^^^^^^^^^^^
AttributeError: 'SupabaseService' object has no attribute 'insert_record'
2026-05-24 02:11:54 | INFO | prediction_worker | Published prediction event
2026-05-24 02:11:54 | INFO | prediction_worker | Processing headline: Meta’s Forum is part Reddit, part Facebook, and part Google AI Overview
2026-05-24 02:11:54 | INFO | prediction_worker | Prediction complete → Neutral
2026-05-24 02:11:54 | ERROR | prediction_worker | Supabase insert failed: 'SupabaseService' object has no attribute 'insert_record'
Traceback (most recent call last):
  File "C:\Users\sucha\Downloads\portfolio\portfolio\ml-backend\workers\prediction_worker.py", line 105, in process_headline
    supabase_service.insert_record(
    ^^^^^^^^^^^^^^^^^^^^^^^^^^^^^^
AttributeError: 'SupabaseService' object has no attribute 'insert_record'
2026-05-24 02:11:54 | INFO | prediction_worker | Published prediction event
2026-05-24 02:11:54 | INFO | prediction_worker | Processing headline: Elon, stop trying to make Grok happen
2026-05-24 02:11:54 | INFO | prediction_worker | Prediction complete → Neutral
2026-05-24 02:11:54 | ERROR | prediction_worker | Supabase insert failed: 'SupabaseService' object has no attribute 'insert_record'
Traceback (most recent call last):
  File "C:\Users\sucha\Downloads\portfolio\portfolio\ml-backend\workers\prediction_worker.py", line 105, in process_headline
    supabase_service.insert_record(
    ^^^^^^^^^^^^^^^^^^^^^^^^^^^^^^
AttributeError: 'SupabaseService' object has no attribute 'insert_record'
2026-05-24 02:11:54 | INFO | prediction_worker | Published prediction event
2026-05-24 02:11:54 | INFO | prediction_worker | Processing headline: The best Memorial Day sales you can shop this weekend
2026-05-24 02:11:54 | INFO | prediction_worker | Prediction complete → Positive
2026-05-24 02:11:54 | ERROR | prediction_worker | Supabase insert failed: 'SupabaseService' object has no attribute 'insert_record'
Traceback (most recent call last):
  File "C:\Users\sucha\Downloads\portfolio\portfolio\ml-backend\workers\prediction_worker.py", line 105, in process_headline
    supabase_service.insert_record(
    ^^^^^^^^^^^^^^^^^^^^^^^^^^^^^^
AttributeError: 'SupabaseService' object has no attribute 'insert_record'
2026-05-24 02:11:54 | INFO | prediction_worker | Published prediction event
2026-05-24 02:11:54 | INFO | prediction_worker | Processing headline: Best Power Banks (2026): My Picks After Testing Over 100
2026-05-24 02:11:54 | INFO | prediction_worker | Prediction complete → Positive
2026-05-24 02:11:54 | ERROR | prediction_worker | Supabase insert failed: 'SupabaseService' object has no attribute 'insert_record'
Traceback (most recent call last):
  File "C:\Users\sucha\Downloads\portfolio\portfolio\ml-backend\workers\prediction_worker.py", line 105, in process_headline
    supabase_service.insert_record(
    ^^^^^^^^^^^^^^^^^^^^^^^^^^^^^^
AttributeError: 'SupabaseService' object has no attribute 'insert_record'
2026-05-24 02:11:54 | INFO | prediction_worker | Published prediction event
2026-05-24 02:11:54 | INFO | prediction_worker | Processing headline: Memorial Day Dyson Vacuum Deals: V15 Detect, Gen5Detect, PencilVac On Sale
2026-05-24 02:11:54 | INFO | prediction_worker | Prediction complete → Positive
2026-05-24 02:11:54 | ERROR | prediction_worker | Supabase insert failed: 'SupabaseService' object has no attribute 'insert_record'
Traceback (most recent call last):
  File "C:\Users\sucha\Downloads\portfolio\portfolio\ml-backend\workers\prediction_worker.py", line 105, in process_headline
    supabase_service.insert_record(
    ^^^^^^^^^^^^^^^^^^^^^^^^^^^^^^
AttributeError: 'SupabaseService' object has no attribute 'insert_record'
2026-05-24 02:11:54 | INFO | prediction_worker | Published prediction event
2026-05-24 02:11:54 | INFO | prediction_worker | Processing headline: L.L.Bean's Zip Hunter's Tote Is the Only Carryall You Need
2026-05-24 02:11:54 | INFO | prediction_worker | Prediction complete → Neutral
2026-05-24 02:11:54 | ERROR | prediction_worker | Supabase insert failed: 'SupabaseService' object has no attribute 'insert_record'
Traceback (most recent call last):
  File "C:\Users\sucha\Downloads\portfolio\portfolio\ml-backend\workers\prediction_worker.py", line 105, in process_headline
    supabase_service.insert_record(
    ^^^^^^^^^^^^^^^^^^^^^^^^^^^^^^
AttributeError: 'SupabaseService' object has no attribute 'insert_record'
2026-05-24 02:11:54 | INFO | prediction_worker | Published prediction event
2026-05-24 02:11:54 | INFO | prediction_worker | Processing headline: Quantum ‘Jamming’ Could Help Unlock the Mysteries of Causality
2026-05-24 02:11:54 | INFO | prediction_worker | Prediction complete → Neutral
2026-05-24 02:11:54 | ERROR | prediction_worker | Supabase insert failed: 'SupabaseService' object has no attribute 'insert_record'
Traceback (most recent call last):
  File "C:\Users\sucha\Downloads\portfolio\portfolio\ml-backend\workers\prediction_worker.py", line 105, in process_headline
    supabase_service.insert_record(
    ^^^^^^^^^^^^^^^^^^^^^^^^^^^^^^
AttributeError: 'SupabaseService' object has no attribute 'insert_record'
2026-05-24 02:11:54 | INFO | prediction_worker | Published prediction event
2026-05-24 02:11:54 | INFO | prediction_worker | Processing headline: The Best Smart Sprinklers and Irrigation Systems: In-Ground Sprinklers, Hose Tim
2026-05-24 02:11:54 | INFO | prediction_worker | Prediction complete → Positive
2026-05-24 02:11:54 | ERROR | prediction_worker | Supabase insert failed: 'SupabaseService' object has no attribute 'insert_record'
Traceback (most recent call last):
  File "C:\Users\sucha\Downloads\portfolio\portfolio\ml-backend\workers\prediction_worker.py", line 105, in process_headline
    supabase_service.insert_record(
    ^^^^^^^^^^^^^^^^^^^^^^^^^^^^^^
AttributeError: 'SupabaseService' object has no attribute 'insert_record'
2026-05-24 02:11:54 | INFO | prediction_worker | Published prediction event
2026-05-24 02:11:54 | INFO | prediction_worker | Processing headline: The FBI Wants ‘Near Real-Time’ Access to US License Plate Readers
2026-05-24 02:11:54 | INFO | prediction_worker | Prediction complete → Neutral
2026-05-24 02:11:54 | ERROR | prediction_worker | Supabase insert failed: 'SupabaseService' object has no attribute 'insert_record'
Traceback (most recent call last):
  File "C:\Users\sucha\Downloads\portfolio\portfolio\ml-backend\workers\prediction_worker.py", line 105, in process_headline
    supabase_service.insert_record(
    ^^^^^^^^^^^^^^^^^^^^^^^^^^^^^^
AttributeError: 'SupabaseService' object has no attribute 'insert_record'
2026-05-24 02:11:55 | INFO | prediction_worker | Published prediction event
2026-05-24 02:11:55 | INFO | prediction_worker | Processing headline: Cosmic Voids May Contain the Universe’s Best Secrets
2026-05-24 02:11:55 | INFO | prediction_worker | Prediction complete → Positive
2026-05-24 02:11:55 | ERROR | prediction_worker | Supabase insert failed: 'SupabaseService' object has no attribute 'insert_record'
Traceback (most recent call last):
  File "C:\Users\sucha\Downloads\portfolio\portfolio\ml-backend\workers\prediction_worker.py", line 105, in process_headline
    supabase_service.insert_record(
    ^^^^^^^^^^^^^^^^^^^^^^^^^^^^^^
AttributeError: 'SupabaseService' object has no attribute 'insert_record'
2026-05-24 02:11:55 | INFO | prediction_worker | Published prediction event
2026-05-24 02:11:55 | INFO | prediction_worker | Processing headline: Best Memorial Day Deals: Garmin, Birdfy, Branch (2026)
2026-05-24 02:11:55 | INFO | prediction_worker | Prediction complete → Positive
2026-05-24 02:11:55 | ERROR | prediction_worker | Supabase insert failed: 'SupabaseService' object has no attribute 'insert_record'
Traceback (most recent call last):
  File "C:\Users\sucha\Downloads\portfolio\portfolio\ml-backend\workers\prediction_worker.py", line 105, in process_headline
    supabase_service.insert_record(
    ^^^^^^^^^^^^^^^^^^^^^^^^^^^^^^
AttributeError: 'SupabaseService' object has no attribute 'insert_record'
2026-05-24 02:11:55 | INFO | prediction_worker | Published prediction event
2026-05-24 02:11:55 | INFO | prediction_worker | Processing headline: A 'Golden Orb' on the Ocean Floor Came From a Mysterious Animal
2026-05-24 02:11:55 | INFO | prediction_worker | Prediction complete → Neutral
2026-05-24 02:11:55 | ERROR | prediction_worker | Supabase insert failed: 'SupabaseService' object has no attribute 'insert_record'
Traceback (most recent call last):
  File "C:\Users\sucha\Downloads\portfolio\portfolio\ml-backend\workers\prediction_worker.py", line 105, in process_headline
    supabase_service.insert_record(
    ^^^^^^^^^^^^^^^^^^^^^^^^^^^^^^
AttributeError: 'SupabaseService' object has no attribute 'insert_record'
2026-05-24 02:11:55 | INFO | prediction_worker | Published prediction event
2026-05-24 02:11:55 | INFO | prediction_worker | Processing headline: All Vehicles Sold in the EU Must Be Able to Hook Up to a Breathalyzer
2026-05-24 02:11:55 | INFO | prediction_worker | Prediction complete → Negative
2026-05-24 02:11:55 | ERROR | prediction_worker | Supabase insert failed: 'SupabaseService' object has no attribute 'insert_record'
Traceback (most recent call last):
  File "C:\Users\sucha\Downloads\portfolio\portfolio\ml-backend\workers\prediction_worker.py", line 105, in process_headline
    supabase_service.insert_record(
    ^^^^^^^^^^^^^^^^^^^^^^^^^^^^^^
AttributeError: 'SupabaseService' object has no attribute 'insert_record'
2026-05-24 02:11:55 | INFO | prediction_worker | Published prediction event
2026-05-24 02:11:55 | INFO | prediction_worker | Processing headline: SpaceX's Starship V3—still a work in progress—mostly successful on first flight
2026-05-24 02:11:55 | INFO | prediction_worker | Prediction complete → Neutral
2026-05-24 02:11:55 | ERROR | prediction_worker | Supabase insert failed: 'SupabaseService' object has no attribute 'insert_record'
Traceback (most recent call last):
  File "C:\Users\sucha\Downloads\portfolio\portfolio\ml-backend\workers\prediction_worker.py", line 105, in process_headline
    supabase_service.insert_record(
    ^^^^^^^^^^^^^^^^^^^^^^^^^^^^^^
AttributeError: 'SupabaseService' object has no attribute 'insert_record'
2026-05-24 02:11:55 | INFO | prediction_worker | Published prediction event
2026-05-24 02:11:55 | INFO | prediction_worker | Processing headline: Two space shuttle-era spacewalkers enter Astronaut Hall of Fame
2026-05-24 02:11:55 | INFO | prediction_worker | Prediction complete → Neutral
2026-05-24 02:11:55 | ERROR | prediction_worker | Supabase insert failed: 'SupabaseService' object has no attribute 'insert_record'
Traceback (most recent call last):
  File "C:\Users\sucha\Downloads\portfolio\portfolio\ml-backend\workers\prediction_worker.py", line 105, in process_headline
    supabase_service.insert_record(
    ^^^^^^^^^^^^^^^^^^^^^^^^^^^^^^
AttributeError: 'SupabaseService' object has no attribute 'insert_record'
2026-05-24 02:11:55 | INFO | prediction_worker | Published prediction event
2026-05-24 02:11:55 | INFO | prediction_worker | Processing headline: China’s shark finning could lead to US seafood sanctions
2026-05-24 02:11:55 | INFO | prediction_worker | Prediction complete → Neutral
2026-05-24 02:11:55 | ERROR | prediction_worker | Supabase insert failed: 'SupabaseService' object has no attribute 'insert_record'
Traceback (most recent call last):
  File "C:\Users\sucha\Downloads\portfolio\portfolio\ml-backend\workers\prediction_worker.py", line 105, in process_headline
    supabase_service.insert_record(
    ^^^^^^^^^^^^^^^^^^^^^^^^^^^^^^
AttributeError: 'SupabaseService' object has no attribute 'insert_record'
2026-05-24 02:11:55 | INFO | prediction_worker | Published prediction event
2026-05-24 02:11:55 | INFO | prediction_worker | Processing headline: Four Russian satellites are now within striking distance of an ICEYE radarsat
2026-05-24 02:11:55 | INFO | prediction_worker | Prediction complete → Neutral
2026-05-24 02:11:55 | ERROR | prediction_worker | Supabase insert failed: 'SupabaseService' object has no attribute 'insert_record'
Traceback (most recent call last):
  File "C:\Users\sucha\Downloads\portfolio\portfolio\ml-backend\workers\prediction_worker.py", line 105, in process_headline
    supabase_service.insert_record(
    ^^^^^^^^^^^^^^^^^^^^^^^^^^^^^^
AttributeError: 'SupabaseService' object has no attribute 'insert_record'
2026-05-24 02:11:55 | INFO | prediction_worker | Published prediction event
2026-05-24 02:11:55 | INFO | prediction_worker | Processing headline: Ebola outbreak now third largest recorded and "spreading rapidly"
2026-05-24 02:11:55 | INFO | prediction_worker | Prediction complete → Negative
2026-05-24 02:11:55 | ERROR | prediction_worker | Supabase insert failed: 'SupabaseService' object has no attribute 'insert_record'
Traceback (most recent call last):
  File "C:\Users\sucha\Downloads\portfolio\portfolio\ml-backend\workers\prediction_worker.py", line 105, in process_headline
    supabase_service.insert_record(
    ^^^^^^^^^^^^^^^^^^^^^^^^^^^^^^
AttributeError: 'SupabaseService' object has no attribute 'insert_record'
2026-05-24 02:11:55 | INFO | prediction_worker | Published prediction event
2026-05-24 02:11:55 | INFO | prediction_worker | Processing headline: First-generation Chromecast users stressed by devices suddenly failing
2026-05-24 02:11:55 | INFO | prediction_worker | Prediction complete → Neutral
2026-05-24 02:11:55 | ERROR | prediction_worker | Supabase insert failed: 'SupabaseService' object has no attribute 'insert_record'
Traceback (most recent call last):
  File "C:\Users\sucha\Downloads\portfolio\portfolio\ml-backend\workers\prediction_worker.py", line 105, in process_headline
    supabase_service.insert_record(
    ^^^^^^^^^^^^^^^^^^^^^^^^^^^^^^
AttributeError: 'SupabaseService' object has no attribute 'insert_record'
2026-05-24 02:11:55 | INFO | prediction_worker | Published prediction event
2026-05-24 02:11:55 | INFO | prediction_worker | Processing headline: Trump FCC asks public to comment on whether ABC's The View is a news show
2026-05-24 02:11:55 | INFO | prediction_worker | Prediction complete → Neutral
2026-05-24 02:11:55 | ERROR | prediction_worker | Supabase insert failed: 'SupabaseService' object has no attribute 'insert_record'
Traceback (most recent call last):
  File "C:\Users\sucha\Downloads\portfolio\portfolio\ml-backend\workers\prediction_worker.py", line 105, in process_headline
    supabase_service.insert_record(
    ^^^^^^^^^^^^^^^^^^^^^^^^^^^^^^
AttributeError: 'SupabaseService' object has no attribute 'insert_record'
2026-05-24 02:11:55 | INFO | prediction_worker | Published prediction event
2026-05-24 02:11:55 | INFO | prediction_worker | Processing headline: US scrambles to stop Internet users re-creating dead pilots’ voices
2026-05-24 02:11:55 | INFO | prediction_worker | Prediction complete → Negative
2026-05-24 02:11:55 | ERROR | prediction_worker | Supabase insert failed: 'SupabaseService' object has no attribute 'insert_record'
Traceback (most recent call last):
  File "C:\Users\sucha\Downloads\portfolio\portfolio\ml-backend\workers\prediction_worker.py", line 105, in process_headline
    supabase_service.insert_record(
    ^^^^^^^^^^^^^^^^^^^^^^^^^^^^^^
AttributeError: 'SupabaseService' object has no attribute 'insert_record'
2026-05-24 02:11:56 | INFO | prediction_worker | Published prediction event
2026-05-24 02:11:56 | INFO | prediction_worker | Processing headline: The Boys is dead. Long live Vought Rising.
2026-05-24 02:11:56 | INFO | prediction_worker | Prediction complete → Positive
2026-05-24 02:11:56 | ERROR | prediction_worker | Supabase insert failed: 'SupabaseService' object has no attribute 'insert_record'
Traceback (most recent call last):
  File "C:\Users\sucha\Downloads\portfolio\portfolio\ml-backend\workers\prediction_worker.py", line 105, in process_headline
    supabase_service.insert_record(
    ^^^^^^^^^^^^^^^^^^^^^^^^^^^^^^
AttributeError: 'SupabaseService' object has no attribute 'insert_record'
2026-05-24 02:11:56 | INFO | prediction_worker | Published prediction event
2026-05-24 02:11:56 | INFO | prediction_worker | Processing headline: Police boast of hacking VPN where criminals "believed themselves to be safe"
2026-05-24 02:11:56 | INFO | prediction_worker | Prediction complete → Negative
2026-05-24 02:11:56 | ERROR | prediction_worker | Supabase insert failed: 'SupabaseService' object has no attribute 'insert_record'
Traceback (most recent call last):
  File "C:\Users\sucha\Downloads\portfolio\portfolio\ml-backend\workers\prediction_worker.py", line 105, in process_headline
    supabase_service.insert_record(
    ^^^^^^^^^^^^^^^^^^^^^^^^^^^^^^
AttributeError: 'SupabaseService' object has no attribute 'insert_record'
2026-05-24 02:11:56 | INFO | prediction_worker | Published prediction event
2026-05-24 02:12:57 | INFO | prediction_worker | Processing headline: SolarSquare in talks to raise up to $60M as India’s rooftop solar market draws m
2026-05-24 02:12:57 | INFO | prediction_worker | Prediction complete → Neutral
2026-05-24 02:12:57 | ERROR | prediction_worker | Supabase insert failed: 'SupabaseService' object has no attribute 'insert_record'
Traceback (most recent call last):
  File "C:\Users\sucha\Downloads\portfolio\portfolio\ml-backend\workers\prediction_worker.py", line 105, in process_headline
    supabase_service.insert_record(
    ^^^^^^^^^^^^^^^^^^^^^^^^^^^^^^
AttributeError: 'SupabaseService' object has no attribute 'insert_record'
2026-05-24 02:12:57 | INFO | prediction_worker | Published prediction event
2026-05-24 02:12:57 | INFO | prediction_worker | Processing headline: These special phone and app features can help protect you from spyware
2026-05-24 02:12:57 | INFO | prediction_worker | Prediction complete → Positive
2026-05-24 02:12:57 | ERROR | prediction_worker | Supabase insert failed: 'SupabaseService' object has no attribute 'insert_record'
Traceback (most recent call last):
  File "C:\Users\sucha\Downloads\portfolio\portfolio\ml-backend\workers\prediction_worker.py", line 105, in process_headline
    supabase_service.insert_record(
    ^^^^^^^^^^^^^^^^^^^^^^^^^^^^^^
AttributeError: 'SupabaseService' object has no attribute 'insert_record'
2026-05-24 02:12:58 | INFO | prediction_worker | Published prediction event
2026-05-24 02:12:58 | INFO | prediction_worker | Processing headline: Ferrari is using IBM’s AI to create F1 superfans
2026-05-24 02:12:58 | INFO | prediction_worker | Prediction complete → Neutral
2026-05-24 02:12:58 | ERROR | prediction_worker | Supabase insert failed: 'SupabaseService' object has no attribute 'insert_record'
Traceback (most recent call last):
  File "C:\Users\sucha\Downloads\portfolio\portfolio\ml-backend\workers\prediction_worker.py", line 105, in process_headline
    supabase_service.insert_record(
    ^^^^^^^^^^^^^^^^^^^^^^^^^^^^^^
AttributeError: 'SupabaseService' object has no attribute 'insert_record'
2026-05-24 02:12:58 | INFO | prediction_worker | Published prediction event
2026-05-24 02:12:58 | INFO | prediction_worker | Processing headline: Nuclear startup Deep Fission says it’s going public, again, and I have questions
2026-05-24 02:12:58 | INFO | prediction_worker | Prediction complete → Neutral
2026-05-24 02:12:58 | ERROR | prediction_worker | Supabase insert failed: 'SupabaseService' object has no attribute 'insert_record'
Traceback (most recent call last):
  File "C:\Users\sucha\Downloads\portfolio\portfolio\ml-backend\workers\prediction_worker.py", line 105, in process_headline
    supabase_service.insert_record(
    ^^^^^^^^^^^^^^^^^^^^^^^^^^^^^^
AttributeError: 'SupabaseService' object has no attribute 'insert_record'
2026-05-24 02:12:58 | INFO | prediction_worker | Published prediction event
2026-05-24 02:12:58 | INFO | prediction_worker | Processing headline: Elon Musk has given up on solar power (on Earth)
2026-05-24 02:12:58 | INFO | prediction_worker | Prediction complete → Neutral
2026-05-24 02:12:58 | ERROR | prediction_worker | Supabase insert failed: 'SupabaseService' object has no attribute 'insert_record'
Traceback (most recent call last):
  File "C:\Users\sucha\Downloads\portfolio\portfolio\ml-backend\workers\prediction_worker.py", line 105, in process_headline
    supabase_service.insert_record(
    ^^^^^^^^^^^^^^^^^^^^^^^^^^^^^^
AttributeError: 'SupabaseService' object has no attribute 'insert_record'
2026-05-24 02:12:58 | INFO | prediction_worker | Published prediction event
2026-05-24 02:12:58 | INFO | prediction_worker | Processing headline: Peec, one of Berlin’s rising startups, more than doubled annualized revenue in m
2026-05-24 02:12:58 | INFO | prediction_worker | Prediction complete → Neutral
2026-05-24 02:12:58 | ERROR | prediction_worker | Supabase insert failed: 'SupabaseService' object has no attribute 'insert_record'
Traceback (most recent call last):
  File "C:\Users\sucha\Downloads\portfolio\portfolio\ml-backend\workers\prediction_worker.py", line 105, in process_headline
    supabase_service.insert_record(
    ^^^^^^^^^^^^^^^^^^^^^^^^^^^^^^
AttributeError: 'SupabaseService' object has no attribute 'insert_record'
2026-05-24 02:12:58 | INFO | prediction_worker | Published prediction event
2026-05-24 02:12:58 | INFO | prediction_worker | Processing headline: AI is being used to resurrect the voices of dead pilots
2026-05-24 02:12:58 | INFO | prediction_worker | Prediction complete → Neutral
2026-05-24 02:12:58 | ERROR | prediction_worker | Supabase insert failed: 'SupabaseService' object has no attribute 'insert_record'
Traceback (most recent call last):
  File "C:\Users\sucha\Downloads\portfolio\portfolio\ml-backend\workers\prediction_worker.py", line 105, in process_headline
    supabase_service.insert_record(
    ^^^^^^^^^^^^^^^^^^^^^^^^^^^^^^
AttributeError: 'SupabaseService' object has no attribute 'insert_record'
2026-05-24 02:12:58 | INFO | prediction_worker | Published prediction event
2026-05-24 02:12:58 | INFO | prediction_worker | Processing headline: SpaceX launches Starship V3 for the first time, but loses booster on return
2026-05-24 02:12:58 | INFO | prediction_worker | Prediction complete → Neutral
2026-05-24 02:12:58 | ERROR | prediction_worker | Supabase insert failed: 'SupabaseService' object has no attribute 'insert_record'
Traceback (most recent call last):
  File "C:\Users\sucha\Downloads\portfolio\portfolio\ml-backend\workers\prediction_worker.py", line 105, in process_headline
    supabase_service.insert_record(
    ^^^^^^^^^^^^^^^^^^^^^^^^^^^^^^
AttributeError: 'SupabaseService' object has no attribute 'insert_record'
2026-05-24 02:12:58 | INFO | prediction_worker | Published prediction event
2026-05-24 02:12:58 | INFO | prediction_worker | Processing headline: Blue Origin cleared to fly New Glenn mega-rocket after April mishap
2026-05-24 02:12:58 | INFO | prediction_worker | Prediction complete → Neutral
2026-05-24 02:12:58 | ERROR | prediction_worker | Supabase insert failed: 'SupabaseService' object has no attribute 'insert_record'
Traceback (most recent call last):
  File "C:\Users\sucha\Downloads\portfolio\portfolio\ml-backend\workers\prediction_worker.py", line 105, in process_headline
    supabase_service.insert_record(
    ^^^^^^^^^^^^^^^^^^^^^^^^^^^^^^
AttributeError: 'SupabaseService' object has no attribute 'insert_record'
2026-05-24 02:12:58 | INFO | prediction_worker | Published prediction event
2026-05-24 02:12:58 | INFO | prediction_worker | Processing headline: Google goes for the glitter with disco-ball icons: ‘Are y’all sure you still wan
2026-05-24 02:12:58 | INFO | prediction_worker | Prediction complete → Neutral
2026-05-24 02:12:58 | ERROR | prediction_worker | Supabase insert failed: 'SupabaseService' object has no attribute 'insert_record'
Traceback (most recent call last):
  File "C:\Users\sucha\Downloads\portfolio\portfolio\ml-backend\workers\prediction_worker.py", line 105, in process_headline
    supabase_service.insert_record(
    ^^^^^^^^^^^^^^^^^^^^^^^^^^^^^^
AttributeError: 'SupabaseService' object has no attribute 'insert_record'
2026-05-24 02:12:58 | INFO | prediction_worker | Published prediction event
2026-05-24 02:12:58 | INFO | prediction_worker | Processing headline: The man behind the legendary MPC, Roger Linn, stays focused with a single browse
2026-05-24 02:12:58 | INFO | prediction_worker | Prediction complete → Neutral
2026-05-24 02:12:58 | ERROR | prediction_worker | Supabase insert failed: 'SupabaseService' object has no attribute 'insert_record'
Traceback (most recent call last):
  File "C:\Users\sucha\Downloads\portfolio\portfolio\ml-backend\workers\prediction_worker.py", line 105, in process_headline
    supabase_service.insert_record(
    ^^^^^^^^^^^^^^^^^^^^^^^^^^^^^^
AttributeError: 'SupabaseService' object has no attribute 'insert_record'
2026-05-24 02:12:58 | INFO | prediction_worker | Published prediction event
2026-05-24 02:12:58 | INFO | prediction_worker | Processing headline: Here are 38 Memorial Day deals we recommend for $50 or less
2026-05-24 02:12:58 | INFO | prediction_worker | Prediction complete → Positive
2026-05-24 02:12:58 | ERROR | prediction_worker | Supabase insert failed: 'SupabaseService' object has no attribute 'insert_record'
Traceback (most recent call last):
  File "C:\Users\sucha\Downloads\portfolio\portfolio\ml-backend\workers\prediction_worker.py", line 105, in process_headline
    supabase_service.insert_record(
    ^^^^^^^^^^^^^^^^^^^^^^^^^^^^^^
AttributeError: 'SupabaseService' object has no attribute 'insert_record'
2026-05-24 02:12:58 | INFO | prediction_worker | Published prediction event
2026-05-24 02:12:58 | INFO | prediction_worker | Processing headline: Hanging out in my favorite virtual coffee shop in Tokyo
2026-05-24 02:12:58 | INFO | prediction_worker | Prediction complete → Positive
2026-05-24 02:12:58 | ERROR | prediction_worker | Supabase insert failed: 'SupabaseService' object has no attribute 'insert_record'
Traceback (most recent call last):
  File "C:\Users\sucha\Downloads\portfolio\portfolio\ml-backend\workers\prediction_worker.py", line 105, in process_headline
    supabase_service.insert_record(
    ^^^^^^^^^^^^^^^^^^^^^^^^^^^^^^
AttributeError: 'SupabaseService' object has no attribute 'insert_record'
2026-05-24 02:12:58 | INFO | prediction_worker | Published prediction event
2026-05-24 02:12:58 | INFO | prediction_worker | Processing headline: I have a new go-to browser
2026-05-24 02:12:58 | INFO | prediction_worker | Prediction complete → Positive
2026-05-24 02:12:58 | ERROR | prediction_worker | Supabase insert failed: 'SupabaseService' object has no attribute 'insert_record'
Traceback (most recent call last):
  File "C:\Users\sucha\Downloads\portfolio\portfolio\ml-backend\workers\prediction_worker.py", line 105, in process_headline
    supabase_service.insert_record(
    ^^^^^^^^^^^^^^^^^^^^^^^^^^^^^^
AttributeError: 'SupabaseService' object has no attribute 'insert_record'
2026-05-24 02:12:58 | INFO | prediction_worker | Published prediction event
2026-05-24 02:12:58 | INFO | prediction_worker | Processing headline: Google’s new anything-to-anything AI model is wild
2026-05-24 02:12:58 | INFO | prediction_worker | Prediction complete → Positive
2026-05-24 02:12:58 | ERROR | prediction_worker | Supabase insert failed: 'SupabaseService' object has no attribute 'insert_record'
Traceback (most recent call last):
  File "C:\Users\sucha\Downloads\portfolio\portfolio\ml-backend\workers\prediction_worker.py", line 105, in process_headline
    supabase_service.insert(
AttributeError: 'SupabaseService' object has no attribute 'insert_record'
2026-05-24 02:12:58 | INFO | prediction_worker | Published prediction event
2026-05-24 02:12:59 | INFO | prediction_worker | Processing headline: Google&#8217;s AI search is so broken it can &#8216;disregard&#8217; what you&#8
2026-05-24 02:12:59 | INFO | prediction_worker | Prediction complete → Neutral
2026-05-24 02:12:59 | ERROR | prediction_worker | Supabase insert failed: 'SupabaseService' object has no attribute 'insert_record'
Traceback (most recent call last):
  File "C:\Users\sucha\Downloads\portfolio\portfolio\ml-backend\workers\prediction_worker.py", line 105, in process_headline
    supabase_service.insert(
AttributeError: 'SupabaseService' object has no attribute 'insert_record'
2026-05-24 02:12:59 | INFO | prediction_worker | Published prediction event
2026-05-24 02:12:59 | INFO | prediction_worker | Processing headline: Twelve South’s AirFly Pro 2 has hit one of its best prices ahead of summer trave
2026-05-24 02:12:59 | INFO | prediction_worker | Prediction complete → Positive
2026-05-24 02:12:59 | ERROR | prediction_worker | Supabase insert failed: 'SupabaseService' object has no attribute 'insert_record'
Traceback (most recent call last):
  File "C:\Users\sucha\Downloads\portfolio\portfolio\ml-backend\workers\prediction_worker.py", line 105, in process_headline
    supabase_service.insert(
AttributeError: 'SupabaseService' object has no attribute 'insert_record'
2026-05-24 02:12:59 | INFO | prediction_worker | Published prediction event
2026-05-24 02:12:59 | INFO | prediction_worker | Processing headline: Meta’s Forum is part Reddit, part Facebook, and part Google AI Overview
2026-05-24 02:12:59 | INFO | prediction_worker | Prediction complete → Neutral
2026-05-24 02:12:59 | ERROR | prediction_worker | Supabase insert failed: 'SupabaseService' object has no attribute 'insert_record'
Traceback (most recent call last):
  File "C:\Users\sucha\Downloads\portfolio\portfolio\ml-backend\workers\prediction_worker.py", line 105, in process_headline
    supabase_service.insert(
AttributeError: 'SupabaseService' object has no attribute 'insert_record'
2026-05-24 02:12:59 | INFO | prediction_worker | Published prediction event
2026-05-24 02:12:59 | INFO | prediction_worker | Processing headline: Elon, stop trying to make Grok happen
2026-05-24 02:12:59 | INFO | prediction_worker | Prediction complete → Neutral
2026-05-24 02:12:59 | ERROR | prediction_worker | Supabase insert failed: 'SupabaseService' object has no attribute 'insert_record'
Traceback (most recent call last):
  File "C:\Users\sucha\Downloads\portfolio\portfolio\ml-backend\workers\prediction_worker.py", line 105, in process_headline
    supabase_service.insert(
AttributeError: 'SupabaseService' object has no attribute 'insert_record'
2026-05-24 02:12:59 | INFO | prediction_worker | Published prediction event
2026-05-24 02:12:59 | INFO | prediction_worker | Processing headline: The best Memorial Day sales you can shop this weekend
2026-05-24 02:12:59 | INFO | prediction_worker | Prediction complete → Positive
2026-05-24 02:12:59 | ERROR | prediction_worker | Supabase insert failed: 'SupabaseService' object has no attribute 'insert_record'
Traceback (most recent call last):
  File "C:\Users\sucha\Downloads\portfolio\portfolio\ml-backend\workers\prediction_worker.py", line 105, in process_headline
    supabase_service.insert(
AttributeError: 'SupabaseService' object has no attribute 'insert_record'
2026-05-24 02:12:59 | INFO | prediction_worker | Published prediction event
2026-05-24 02:12:59 | INFO | prediction_worker | Processing headline: Best Power Banks (2026): My Picks After Testing Over 100
2026-05-24 02:12:59 | INFO | prediction_worker | Prediction complete → Positive
2026-05-24 02:12:59 | ERROR | prediction_worker | Supabase insert failed: 'SupabaseService' object has no attribute 'insert_record'
Traceback (most recent call last):
  File "C:\Users\sucha\Downloads\portfolio\portfolio\ml-backend\workers\prediction_worker.py", line 105, in process_headline
    supabase_service.insert(
AttributeError: 'SupabaseService' object has no attribute 'insert_record'
2026-05-24 02:12:59 | INFO | prediction_worker | Published prediction event
2026-05-24 02:12:59 | INFO | prediction_worker | Processing headline: Memorial Day Dyson Vacuum Deals: V15 Detect, Gen5Detect, PencilVac On Sale
2026-05-24 02:12:59 | INFO | prediction_worker | Prediction complete → Positive
2026-05-24 02:12:59 | ERROR | prediction_worker | Supabase insert failed: 'SupabaseService' object has no attribute 'insert_record'
Traceback (most recent call last):
  File "C:\Users\sucha\Downloads\portfolio\portfolio\ml-backend\workers\prediction_worker.py", line 105, in process_headline
    supabase_service.insert(
AttributeError: 'SupabaseService' object has no attribute 'insert_record'
2026-05-24 02:12:59 | INFO | prediction_worker | Published prediction event
2026-05-24 02:12:59 | INFO | prediction_worker | Processing headline: L.L.Bean's Zip Hunter's Tote Is the Only Carryall You Need
2026-05-24 02:12:59 | INFO | prediction_worker | Prediction complete → Neutral
2026-05-24 02:12:59 | ERROR | prediction_worker | Supabase insert failed: 'SupabaseService' object has no attribute 'insert_record'
Traceback (most recent call last):
  File "C:\Users\sucha\Downloads\portfolio\portfolio\ml-backend\workers\prediction_worker.py", line 105, in process_headline
    supabase_service.insert(
AttributeError: 'SupabaseService' object has no attribute 'insert_record'
2026-05-24 02:12:59 | INFO | prediction_worker | Published prediction event
2026-05-24 02:12:59 | INFO | prediction_worker | Processing headline: Quantum ‘Jamming’ Could Help Unlock the Mysteries of Causality
2026-05-24 02:12:59 | INFO | prediction_worker | Prediction complete → Neutral
2026-05-24 02:12:59 | ERROR | prediction_worker | Supabase insert failed: 'SupabaseService' object has no attribute 'insert_record'
Traceback (most recent call last):
  File "C:\Users\sucha\Downloads\portfolio\portfolio\ml-backend\workers\prediction_worker.py", line 105, in process_headline
    supabase_service.insert(
AttributeError: 'SupabaseService' object has no attribute 'insert_record'
2026-05-24 02:12:59 | INFO | prediction_worker | Published prediction event
2026-05-24 02:12:59 | INFO | prediction_worker | Processing headline: The Best Smart Sprinklers and Irrigation Systems: In-Ground Sprinklers, Hose Tim
2026-05-24 02:12:59 | INFO | prediction_worker | Prediction complete → Positive
2026-05-24 02:12:59 | ERROR | prediction_worker | Supabase insert failed: 'SupabaseService' object has no attribute 'insert_record'
Traceback (most recent call last):
  File "C:\Users\sucha\Downloads\portfolio\portfolio\ml-backend\workers\prediction_worker.py", line 105, in process_headline
    supabase_service.insert(
AttributeError: 'SupabaseService' object has no attribute 'insert_record'
2026-05-24 02:12:59 | INFO | prediction_worker | Published prediction event
2026-05-24 02:12:59 | INFO | prediction_worker | Processing headline: The FBI Wants ‘Near Real-Time’ Access to US License Plate Readers
2026-05-24 02:12:59 | INFO | prediction_worker | Prediction complete → Neutral
2026-05-24 02:12:59 | ERROR | prediction_worker | Supabase insert failed: 'SupabaseService' object has no attribute 'insert_record'
Traceback (most recent call last):
  File "C:\Users\sucha\Downloads\portfolio\portfolio\ml-backend\workers\prediction_worker.py", line 105, in process_headline
    supabase_service.insert(
AttributeError: 'SupabaseService' object has no attribute 'insert_record'
2026-05-24 02:12:59 | INFO | prediction_worker | Published prediction event
2026-05-24 02:12:59 | INFO | prediction_worker | Processing headline: Cosmic Voids May Contain the Universe’s Best Secrets
2026-05-24 02:12:59 | INFO | prediction_worker | Prediction complete → Positive
2026-05-24 02:12:59 | ERROR | prediction_worker | Supabase insert failed: 'SupabaseService' object has no attribute 'insert_record'
Traceback (most recent call last):
  File "C:\Users\sucha\Downloads\portfolio\portfolio\ml-backend\workers\prediction_worker.py", line 105, in process_headline
    supabase_service.insert(
AttributeError: 'SupabaseService' object has no attribute 'insert_record'
2026-05-24 02:12:59 | INFO | prediction_worker | Published prediction event
2026-05-24 02:12:59 | INFO | prediction_worker | Processing headline: Best Memorial Day Deals: Garmin, Birdfy, Branch (2026)
2026-05-24 02:12:59 | INFO | prediction_worker | Prediction complete → Positive
2026-05-24 02:12:59 | ERROR | prediction_worker | Supabase insert failed: 'SupabaseService' object has no attribute 'insert_record'
Traceback (most recent call last):
  File "C:\Users\sucha\Downloads\portfolio\portfolio\ml-backend\workers\prediction_worker.py", line 105, in process_headline
    supabase_service.insert(
AttributeError: 'SupabaseService' object has no attribute 'insert_record'
2026-05-24 02:12:59 | INFO | prediction_worker | Published prediction event
2026-05-24 02:12:59 | INFO | prediction_worker | Processing headline: A 'Golden Orb' on the Ocean Floor Came From a Mysterious Animal
2026-05-24 02:12:59 | INFO | prediction_worker | Prediction complete → Neutral
2026-05-24 02:12:59 | ERROR | prediction_worker | Supabase insert failed: 'SupabaseService' object has no attribute 'insert_record'
Traceback (most recent call last):
  File "C:\Users\sucha\Downloads\portfolio\portfolio\ml-backend\workers\prediction_worker.py", line 105, in process_headline
    supabase_service.insert(
AttributeError: 'SupabaseService' object has no attribute 'insert_record'
2026-05-24 02:13:00 | INFO | prediction_worker | Published prediction event
2026-05-24 02:13:00 | INFO | prediction_worker | Processing headline: All Vehicles Sold in the EU Must Be Able to Hook Up to a Breathalyzer
2026-05-24 02:13:00 | INFO | prediction_worker | Prediction complete → Negative
2026-05-24 02:13:00 | ERROR | prediction_worker | Supabase insert failed: 'SupabaseService' object has no attribute 'insert_record'
Traceback (most recent call last):
  File "C:\Users\sucha\Downloads\portfolio\portfolio\ml-backend\workers\prediction_worker.py", line 105, in process_headline
    supabase_service.insert(
AttributeError: 'SupabaseService' object has no attribute 'insert_record'
2026-05-24 02:13:00 | INFO | prediction_worker | Published prediction event
2026-05-24 02:13:00 | INFO | prediction_worker | Processing headline: SpaceX's Starship V3—still a work in progress—mostly successful on first flight
2026-05-24 02:13:00 | INFO | prediction_worker | Prediction complete → Neutral
2026-05-24 02:13:00 | ERROR | prediction_worker | Supabase insert failed: 'SupabaseService' object has no attribute 'insert_record'
Traceback (most recent call last):
  File "C:\Users\sucha\Downloads\portfolio\portfolio\ml-backend\workers\prediction_worker.py", line 105, in process_headline
    supabase_service.insert(
AttributeError: 'SupabaseService' object has no attribute 'insert_record'
2026-05-24 02:13:00 | INFO | prediction_worker | Published prediction event
2026-05-24 02:13:00 | INFO | prediction_worker | Processing headline: Two space shuttle-era spacewalkers enter Astronaut Hall of Fame
2026-05-24 02:13:00 | INFO | prediction_worker | Prediction complete → Neutral
2026-05-24 02:13:00 | ERROR | prediction_worker | Supabase insert failed: 'SupabaseService' object has no attribute 'insert_record'
Traceback (most recent call last):
  File "C:\Users\sucha\Downloads\portfolio\portfolio\ml-backend\workers\prediction_worker.py", line 105, in process_headline
    supabase_service.insert(
AttributeError: 'SupabaseService' object has no attribute 'insert_record'
2026-05-24 02:13:00 | INFO | prediction_worker | Published prediction event
2026-05-24 02:13:00 | INFO | prediction_worker | Processing headline: China’s shark finning could lead to US seafood sanctions
2026-05-24 02:13:00 | INFO | prediction_worker | Prediction complete → Neutral
2026-05-24 02:13:00 | ERROR | prediction_worker | Supabase insert failed: 'SupabaseService' object has no attribute 'insert_record'
Traceback (most recent call last):
  File "C:\Users\sucha\Downloads\portfolio\portfolio\ml-backend\workers\prediction_worker.py", line 105, in process_headline
    supabase_service.insert(
AttributeError: 'SupabaseService' object has no attribute 'insert_record'
2026-05-24 02:13:00 | INFO | prediction_worker | Published prediction event
2026-05-24 02:13:00 | INFO | prediction_worker | Processing headline: Four Russian satellites are now within striking distance of an ICEYE radarsat
2026-05-24 02:13:00 | INFO | prediction_worker | Prediction complete → Neutral
2026-05-24 02:13:00 | ERROR | prediction_worker | Supabase insert failed: 'SupabaseService' object has no attribute 'insert_record'
Traceback (most recent call last):
  File "C:\Users\sucha\Downloads\portfolio\portfolio\ml-backend\workers\prediction_worker.py", line 105, in process_headline
    supabase_service.insert(
AttributeError: 'SupabaseService' object has no attribute 'insert_record'
2026-05-24 02:13:00 | INFO | prediction_worker | Published prediction event
2026-05-24 02:13:00 | INFO | prediction_worker | Processing headline: Ebola outbreak now third largest recorded and "spreading rapidly"
2026-05-24 02:13:00 | INFO | prediction_worker | Prediction complete → Negative
2026-05-24 02:13:00 | ERROR | prediction_worker | Supabase insert failed: 'SupabaseService' object has no attribute 'insert_record'
Traceback (most recent call last):
  File "C:\Users\sucha\Downloads\portfolio\portfolio\ml-backend\workers\prediction_worker.py", line 105, in process_headline
    supabase_service.insert(
AttributeError: 'SupabaseService' object has no attribute 'insert_record'
2026-05-24 02:13:00 | INFO | prediction_worker | Published prediction event
2026-05-24 02:13:00 | INFO | prediction_worker | Processing headline: First-generation Chromecast users stressed by devices suddenly failing
2026-05-24 02:13:00 | INFO | prediction_worker | Prediction complete → Neutral
2026-05-24 02:13:00 | ERROR | prediction_worker | Supabase insert failed: 'SupabaseService' object has no attribute 'insert_record'
Traceback (most recent call last):
  File "C:\Users\sucha\Downloads\portfolio\portfolio\ml-backend\workers\prediction_worker.py", line 105, in process_headline
    supabase_service.insert(
AttributeError: 'SupabaseService' object has no attribute 'insert_record'
2026-05-24 02:13:00 | INFO | prediction_worker | Published prediction event
2026-05-24 02:13:00 | INFO | prediction_worker | Processing headline: Trump FCC asks public to comment on whether ABC's The View is a news show
2026-05-24 02:13:00 | INFO | prediction_worker | Prediction complete → Neutral
2026-05-24 02:13:00 | ERROR | prediction_worker | Supabase insert failed: 'SupabaseService' object has no attribute 'insert_record'
Traceback (most recent call last):
  File "C:\Users\sucha\Downloads\portfolio\portfolio\ml-backend\workers\prediction_worker.py", line 105, in process_headline
    supabase_service.insert(
AttributeError: 'SupabaseService' object has no attribute 'insert_record'
2026-05-24 02:13:00 | INFO | prediction_worker | Published prediction event
2026-05-24 02:13:00 | INFO | prediction_worker | Processing headline: US scrambles to stop Internet users re-creating dead pilots’ voices
2026-05-24 02:13:00 | INFO | prediction_worker | Prediction complete → Negative
2026-05-24 02:13:00 | ERROR | prediction_worker | Supabase insert failed: 'SupabaseService' object has no attribute 'insert_record'
Traceback (most recent call last):
  File "C:\Users\sucha\Downloads\portfolio\portfolio\ml-backend\workers\prediction_worker.py", line 105, in process_headline
    supabase_service.insert(
AttributeError: 'SupabaseService' object has no attribute 'insert_record'
2026-05-24 02:13:00 | INFO | prediction_worker | Published prediction event
2026-05-24 02:13:00 | INFO | prediction_worker | Processing headline: The Boys is dead. Long live Vought Rising.
2026-05-24 02:13:00 | INFO | prediction_worker | Prediction complete → Positive
2026-05-24 02:13:00 | ERROR | prediction_worker | Supabase insert failed: 'SupabaseService' object has no attribute 'insert_record'
Traceback (most recent call last):
  File "C:\Users\sucha\Downloads\portfolio\portfolio\ml-backend\workers\prediction_worker.py", line 105, in process_headline
    supabase_service.insert(
AttributeError: 'SupabaseService' object has no attribute 'insert_record'
2026-05-24 02:13:00 | INFO | prediction_worker | Published prediction event
2026-05-24 02:13:00 | INFO | prediction_worker | Processing headline: Police boast of hacking VPN where criminals "believed themselves to be safe"
2026-05-24 02:13:00 | INFO | prediction_worker | Prediction complete → Negative
2026-05-24 02:13:00 | ERROR | prediction_worker | Supabase insert failed: 'SupabaseService' object has no attribute 'insert_record'
Traceback (most recent call last):
  File "C:\Users\sucha\Downloads\portfolio\portfolio\ml-backend\workers\prediction_worker.py", line 105, in process_headline
    supabase_service.insert(
AttributeError: 'SupabaseService' object has no attribute 'insert_record'
2026-05-24 02:13:00 | INFO | prediction_worker | Published prediction event
2026-05-24 02:13:21 | INFO | prediction_worker | 🚀 Prediction worker started
2026-05-24 02:13:21 | INFO | prediction_worker | ✅ Sentiment model loaded
2026-05-24 02:14:01 | INFO | prediction_worker | Processing headline: SolarSquare in talks to raise up to $60M as India’s rooftop solar market draws m
2026-05-24 02:14:06 | INFO | prediction_worker | Prediction complete → Neutral
2026-05-24 02:14:08 | INFO | prediction_worker | Saved to Supabase
2026-05-24 02:14:08 | INFO | prediction_worker | Published prediction event
2026-05-24 02:14:08 | INFO | prediction_worker | Processing headline: These special phone and app features can help protect you from spyware
2026-05-24 02:14:08 | INFO | prediction_worker | Prediction complete → Positive
2026-05-24 02:14:08 | INFO | prediction_worker | Saved to Supabase
2026-05-24 02:14:08 | INFO | prediction_worker | Published prediction event
2026-05-24 02:14:08 | INFO | prediction_worker | Processing headline: Ferrari is using IBM’s AI to create F1 superfans
2026-05-24 02:14:08 | INFO | prediction_worker | Prediction complete → Neutral
2026-05-24 02:14:08 | INFO | prediction_worker | Saved to Supabase
2026-05-24 02:14:09 | INFO | prediction_worker | Published prediction event
2026-05-24 02:14:09 | INFO | prediction_worker | Processing headline: Nuclear startup Deep Fission says it’s going public, again, and I have questions
2026-05-24 02:14:09 | INFO | prediction_worker | Prediction complete → Neutral
2026-05-24 02:14:09 | INFO | prediction_worker | Saved to Supabase
2026-05-24 02:14:09 | INFO | prediction_worker | Published prediction event
2026-05-24 02:14:09 | INFO | prediction_worker | Processing headline: Elon Musk has given up on solar power (on Earth)
2026-05-24 02:14:09 | INFO | prediction_worker | Prediction complete → Neutral
2026-05-24 02:14:09 | INFO | prediction_worker | Saved to Supabase
2026-05-24 02:14:09 | INFO | prediction_worker | Published prediction event
2026-05-24 02:14:09 | INFO | prediction_worker | Processing headline: Peec, one of Berlin’s rising startups, more than doubled annualized revenue in m
2026-05-24 02:14:10 | INFO | prediction_worker | Prediction complete → Neutral
2026-05-24 02:14:10 | INFO | prediction_worker | Saved to Supabase
2026-05-24 02:14:10 | INFO | prediction_worker | Published prediction event
2026-05-24 02:14:10 | INFO | prediction_worker | Processing headline: AI is being used to resurrect the voices of dead pilots
2026-05-24 02:14:10 | INFO | prediction_worker | Prediction complete → Neutral
2026-05-24 02:14:10 | INFO | prediction_worker | Saved to Supabase
2026-05-24 02:14:10 | INFO | prediction_worker | Published prediction event
2026-05-24 02:14:10 | INFO | prediction_worker | Processing headline: SpaceX launches Starship V3 for the first time, but loses booster on return
2026-05-24 02:14:10 | INFO | prediction_worker | Prediction complete → Neutral
2026-05-24 02:14:10 | INFO | prediction_worker | Saved to Supabase
2026-05-24 02:14:10 | INFO | prediction_worker | Published prediction event
2026-05-24 02:14:10 | INFO | prediction_worker | Processing headline: Blue Origin cleared to fly New Glenn mega-rocket after April mishap
2026-05-24 02:14:10 | INFO | prediction_worker | Prediction complete → Neutral
2026-05-24 02:14:10 | INFO | prediction_worker | Saved to Supabase
2026-05-24 02:14:10 | INFO | prediction_worker | Published prediction event
2026-05-24 02:14:10 | INFO | prediction_worker | Processing headline: Google goes for the glitter with disco-ball icons: ‘Are y’all sure you still wan
2026-05-24 02:14:11 | INFO | prediction_worker | Prediction complete → Neutral
2026-05-24 02:14:11 | INFO | prediction_worker | Saved to Supabase
2026-05-24 02:14:11 | INFO | prediction_worker | Published prediction event
2026-05-24 02:14:11 | INFO | prediction_worker | Processing headline: The man behind the legendary MPC, Roger Linn, stays focused with a single browse
2026-05-24 02:14:11 | INFO | prediction_worker | Prediction complete → Neutral
2026-05-24 02:14:11 | INFO | prediction_worker | Saved to Supabase
2026-05-24 02:14:11 | INFO | prediction_worker | Published prediction event
2026-05-24 02:14:11 | INFO | prediction_worker | Processing headline: Here are 38 Memorial Day deals we recommend for $50 or less
2026-05-24 02:14:11 | INFO | prediction_worker | Prediction complete → Positive
2026-05-24 02:14:11 | INFO | prediction_worker | Saved to Supabase
2026-05-24 02:14:11 | INFO | prediction_worker | Published prediction event
2026-05-24 02:14:11 | INFO | prediction_worker | Processing headline: Hanging out in my favorite virtual coffee shop in Tokyo
2026-05-24 02:14:11 | INFO | prediction_worker | Prediction complete → Positive
2026-05-24 02:14:11 | INFO | prediction_worker | Saved to Supabase
2026-05-24 02:14:11 | INFO | prediction_worker | Published prediction event
2026-05-24 02:14:11 | INFO | prediction_worker | Processing headline: I have a new go-to browser
2026-05-24 02:14:11 | INFO | prediction_worker | Prediction complete → Positive
2026-05-24 02:14:12 | INFO | prediction_worker | Saved to Supabase
2026-05-24 02:14:12 | INFO | prediction_worker | Published prediction event
2026-05-24 02:14:12 | INFO | prediction_worker | Processing headline: Google’s new anything-to-anything AI model is wild
2026-05-24 02:14:12 | INFO | prediction_worker | Prediction complete → Positive
2026-05-24 02:14:12 | INFO | prediction_worker | Saved to Supabase
2026-05-24 02:14:12 | INFO | prediction_worker | Published prediction event
2026-05-24 02:14:12 | INFO | prediction_worker | Processing headline: Google&#8217;s AI search is so broken it can &#8216;disregard&#8217; what you&#8
2026-05-24 02:14:12 | INFO | prediction_worker | Prediction complete → Neutral
2026-05-24 02:14:12 | INFO | prediction_worker | Saved to Supabase
2026-05-24 02:14:12 | INFO | prediction_worker | Published prediction event
2026-05-24 02:14:12 | INFO | prediction_worker | Processing headline: Twelve South’s AirFly Pro 2 has hit one of its best prices ahead of summer trave
2026-05-24 02:14:12 | INFO | prediction_worker | Prediction complete → Positive
2026-05-24 02:14:13 | INFO | prediction_worker | Saved to Supabase
2026-05-24 02:14:13 | INFO | prediction_worker | Published prediction event
2026-05-24 02:14:13 | INFO | prediction_worker | Processing headline: Meta’s Forum is part Reddit, part Facebook, and part Google AI Overview
2026-05-24 02:14:13 | INFO | prediction_worker | Prediction complete → Neutral
2026-05-24 02:14:13 | INFO | prediction_worker | Saved to Supabase
2026-05-24 02:14:13 | INFO | prediction_worker | Published prediction event
2026-05-24 02:14:13 | INFO | prediction_worker | Processing headline: Elon, stop trying to make Grok happen
2026-05-24 02:14:13 | INFO | prediction_worker | Prediction complete → Neutral
2026-05-24 02:14:13 | INFO | prediction_worker | Saved to Supabase
2026-05-24 02:14:13 | INFO | prediction_worker | Published prediction event
2026-05-24 02:14:13 | INFO | prediction_worker | Processing headline: The best Memorial Day sales you can shop this weekend
2026-05-24 02:14:13 | INFO | prediction_worker | Prediction complete → Positive
2026-05-24 02:14:13 | INFO | prediction_worker | Saved to Supabase
2026-05-24 02:14:13 | INFO | prediction_worker | Published prediction event
2026-05-24 02:14:13 | INFO | prediction_worker | Processing headline: Best Power Banks (2026): My Picks After Testing Over 100
2026-05-24 02:14:13 | INFO | prediction_worker | Prediction complete → Positive
2026-05-24 02:14:14 | INFO | prediction_worker | Saved to Supabase
2026-05-24 02:14:14 | INFO | prediction_worker | Published prediction event
2026-05-24 02:14:14 | INFO | prediction_worker | Processing headline: Memorial Day Dyson Vacuum Deals: V15 Detect, Gen5Detect, PencilVac On Sale
2026-05-24 02:14:14 | INFO | prediction_worker | Prediction complete → Positive
2026-05-24 02:14:14 | INFO | prediction_worker | Saved to Supabase
2026-05-24 02:14:14 | INFO | prediction_worker | Published prediction event
2026-05-24 02:14:14 | INFO | prediction_worker | Processing headline: L.L.Bean's Zip Hunter's Tote Is the Only Carryall You Need
2026-05-24 02:14:14 | INFO | prediction_worker | Prediction complete → Neutral
2026-05-24 02:14:14 | INFO | prediction_worker | Saved to Supabase
2026-05-24 02:14:14 | INFO | prediction_worker | Published prediction event
2026-05-24 02:14:14 | INFO | prediction_worker | Processing headline: Quantum ‘Jamming’ Could Help Unlock the Mysteries of Causality
2026-05-24 02:14:14 | INFO | prediction_worker | Prediction complete → Neutral
2026-05-24 02:14:14 | INFO | prediction_worker | Saved to Supabase
2026-05-24 02:14:14 | INFO | prediction_worker | Published prediction event
2026-05-24 02:14:14 | INFO | prediction_worker | Processing headline: The Best Smart Sprinklers and Irrigation Systems: In-Ground Sprinklers, Hose Tim
2026-05-24 02:14:14 | INFO | prediction_worker | Prediction complete → Positive
2026-05-24 02:14:15 | INFO | prediction_worker | Saved to Supabase
2026-05-24 02:14:15 | INFO | prediction_worker | Published prediction event
2026-05-24 02:14:15 | INFO | prediction_worker | Processing headline: The FBI Wants ‘Near Real-Time’ Access to US License Plate Readers
2026-05-24 02:14:15 | INFO | prediction_worker | Prediction complete → Neutral
2026-05-24 02:14:15 | INFO | prediction_worker | Saved to Supabase
2026-05-24 02:14:15 | INFO | prediction_worker | Published prediction event
2026-05-24 02:14:15 | INFO | prediction_worker | Processing headline: Cosmic Voids May Contain the Universe’s Best Secrets
2026-05-24 02:14:15 | INFO | prediction_worker | Prediction complete → Positive
2026-05-24 02:14:15 | INFO | prediction_worker | Saved to Supabase
2026-05-24 02:14:15 | INFO | prediction_worker | Published prediction event
2026-05-24 02:14:15 | INFO | prediction_worker | Processing headline: Best Memorial Day Deals: Garmin, Birdfy, Branch (2026)
2026-05-24 02:14:15 | INFO | prediction_worker | Prediction complete → Positive
2026-05-24 02:14:16 | INFO | prediction_worker | Saved to Supabase
2026-05-24 02:14:16 | INFO | prediction_worker | Published prediction event
2026-05-24 02:14:16 | INFO | prediction_worker | Processing headline: A 'Golden Orb' on the Ocean Floor Came From a Mysterious Animal
2026-05-24 02:14:16 | INFO | prediction_worker | Prediction complete → Neutral
2026-05-24 02:14:16 | INFO | prediction_worker | Saved to Supabase
2026-05-24 02:14:16 | INFO | prediction_worker | Published prediction event
2026-05-24 02:14:16 | INFO | prediction_worker | Processing headline: All Vehicles Sold in the EU Must Be Able to Hook Up to a Breathalyzer
2026-05-24 02:14:16 | INFO | prediction_worker | Prediction complete → Negative
2026-05-24 02:14:16 | INFO | prediction_worker | Saved to Supabase
2026-05-24 02:14:16 | INFO | prediction_worker | Published prediction event
2026-05-24 02:14:16 | INFO | prediction_worker | Processing headline: SpaceX's Starship V3—still a work in progress—mostly successful on first flight
2026-05-24 02:14:16 | INFO | prediction_worker | Prediction complete → Neutral
2026-05-24 02:14:16 | INFO | prediction_worker | Saved to Supabase
2026-05-24 02:14:16 | INFO | prediction_worker | Published prediction event
2026-05-24 02:14:16 | INFO | prediction_worker | Processing headline: Two space shuttle-era spacewalkers enter Astronaut Hall of Fame
2026-05-24 02:14:16 | INFO | prediction_worker | Prediction complete → Neutral
2026-05-24 02:14:16 | INFO | prediction_worker | Saved to Supabase
2026-05-24 02:14:17 | INFO | prediction_worker | Published prediction event
2026-05-24 02:14:17 | INFO | prediction_worker | Processing headline: China’s shark finning could lead to US seafood sanctions
2026-05-24 02:14:17 | INFO | prediction_worker | Prediction complete → Neutral
2026-05-24 02:14:17 | INFO | prediction_worker | Saved to Supabase
2026-05-24 02:14:17 | INFO | prediction_worker | Published prediction event
2026-05-24 02:14:17 | INFO | prediction_worker | Processing headline: Four Russian satellites are now within striking distance of an ICEYE radarsat
2026-05-24 02:14:17 | INFO | prediction_worker | Prediction complete → Neutral
2026-05-24 02:14:17 | INFO | prediction_worker | Saved to Supabase
2026-05-24 02:14:17 | INFO | prediction_worker | Published prediction event
2026-05-24 02:14:17 | INFO | prediction_worker | Processing headline: Ebola outbreak now third largest recorded and "spreading rapidly"
2026-05-24 02:14:17 | INFO | prediction_worker | Prediction complete → Negative
2026-05-24 02:14:17 | INFO | prediction_worker | Saved to Supabase
2026-05-24 02:14:17 | INFO | prediction_worker | Published prediction event
2026-05-24 02:14:17 | INFO | prediction_worker | Processing headline: First-generation Chromecast users stressed by devices suddenly failing
2026-05-24 02:14:17 | INFO | prediction_worker | Prediction complete → Neutral
2026-05-24 02:14:18 | INFO | prediction_worker | Saved to Supabase
2026-05-24 02:14:18 | INFO | prediction_worker | Published prediction event
2026-05-24 02:14:18 | INFO | prediction_worker | Processing headline: Trump FCC asks public to comment on whether ABC's The View is a news show
2026-05-24 02:14:18 | INFO | prediction_worker | Prediction complete → Neutral
2026-05-24 02:14:18 | INFO | prediction_worker | Saved to Supabase
2026-05-24 02:14:18 | INFO | prediction_worker | Published prediction event
2026-05-24 02:14:18 | INFO | prediction_worker | Processing headline: US scrambles to stop Internet users re-creating dead pilots’ voices
2026-05-24 02:14:18 | INFO | prediction_worker | Prediction complete → Negative
2026-05-24 02:14:18 | INFO | prediction_worker | Saved to Supabase
2026-05-24 02:14:18 | INFO | prediction_worker | Published prediction event
2026-05-24 02:14:18 | INFO | prediction_worker | Processing headline: The Boys is dead. Long live Vought Rising.
2026-05-24 02:14:18 | INFO | prediction_worker | Prediction complete → Positive
2026-05-24 02:14:18 | INFO | prediction_worker | Saved to Supabase
2026-05-24 02:14:19 | INFO | prediction_worker | Published prediction event
2026-05-24 02:14:19 | INFO | prediction_worker | Processing headline: Police boast of hacking VPN where criminals "believed themselves to be safe"
2026-05-24 02:14:19 | INFO | prediction_worker | Prediction complete → Negative
2026-05-24 02:14:19 | INFO | prediction_worker | Saved to Supabase
2026-05-24 02:14:19 | INFO | prediction_worker | Published prediction event
2026-05-24 02:15:04 | INFO | prediction_worker | Processing headline: SolarSquare in talks to raise up to $60M as India’s rooftop solar market draws m
2026-05-24 02:15:04 | INFO | prediction_worker | Prediction complete → Neutral
2026-05-24 02:15:05 | INFO | prediction_worker | Saved to Supabase
2026-05-24 02:15:05 | INFO | prediction_worker | Published prediction event
2026-05-24 02:15:05 | INFO | prediction_worker | Processing headline: These special phone and app features can help protect you from spyware
2026-05-24 02:15:05 | INFO | prediction_worker | Prediction complete → Positive
2026-05-24 02:15:05 | INFO | prediction_worker | Saved to Supabase
2026-05-24 02:15:05 | INFO | prediction_worker | Published prediction event
2026-05-24 02:15:05 | INFO | prediction_worker | Processing headline: Ferrari is using IBM’s AI to create F1 superfans
2026-05-24 02:15:05 | INFO | prediction_worker | Prediction complete → Neutral
2026-05-24 02:15:05 | INFO | prediction_worker | Saved to Supabase
2026-05-24 02:15:05 | INFO | prediction_worker | Published prediction event
2026-05-24 02:15:05 | INFO | prediction_worker | Processing headline: Nuclear startup Deep Fission says it’s going public, again, and I have questions
2026-05-24 02:15:05 | INFO | prediction_worker | Prediction complete → Neutral
2026-05-24 02:15:06 | INFO | prediction_worker | Saved to Supabase
2026-05-24 02:15:06 | INFO | prediction_worker | Published prediction event
2026-05-24 02:15:06 | INFO | prediction_worker | Processing headline: Elon Musk has given up on solar power (on Earth)
2026-05-24 02:15:06 | INFO | prediction_worker | Prediction complete → Neutral
2026-05-24 02:15:06 | INFO | prediction_worker | Saved to Supabase
2026-05-24 02:15:06 | INFO | prediction_worker | Published prediction event
2026-05-24 02:15:06 | INFO | prediction_worker | Processing headline: Peec, one of Berlin’s rising startups, more than doubled annualized revenue in m
2026-05-24 02:15:06 | INFO | prediction_worker | Prediction complete → Neutral
2026-05-24 02:15:06 | INFO | prediction_worker | Saved to Supabase
2026-05-24 02:15:06 | INFO | prediction_worker | Published prediction event
2026-05-24 02:15:06 | INFO | prediction_worker | Processing headline: AI is being used to resurrect the voices of dead pilots
2026-05-24 02:15:06 | INFO | prediction_worker | Prediction complete → Neutral
2026-05-24 02:15:06 | INFO | prediction_worker | Saved to Supabase
2026-05-24 02:15:06 | INFO | prediction_worker | Published prediction event
2026-05-24 02:15:06 | INFO | prediction_worker | Processing headline: SpaceX launches Starship V3 for the first time, but loses booster on return
2026-05-24 02:15:06 | INFO | prediction_worker | Prediction complete → Neutral
2026-05-24 02:15:07 | INFO | prediction_worker | Saved to Supabase
2026-05-24 02:15:07 | INFO | prediction_worker | Published prediction event
2026-05-24 02:15:07 | INFO | prediction_worker | Processing headline: Blue Origin cleared to fly New Glenn mega-rocket after April mishap
2026-05-24 02:15:07 | INFO | prediction_worker | Prediction complete → Neutral
2026-05-24 02:15:07 | INFO | prediction_worker | Saved to Supabase
2026-05-24 02:15:07 | INFO | prediction_worker | Published prediction event
2026-05-24 02:15:07 | INFO | prediction_worker | Processing headline: Google goes for the glitter with disco-ball icons: ‘Are y’all sure you still wan
2026-05-24 02:15:07 | INFO | prediction_worker | Prediction complete → Neutral
2026-05-24 02:15:07 | INFO | prediction_worker | Saved to Supabase
2026-05-24 02:15:07 | INFO | prediction_worker | Published prediction event
2026-05-24 02:15:07 | INFO | prediction_worker | Processing headline: The man behind the legendary MPC, Roger Linn, stays focused with a single browse
2026-05-24 02:15:07 | INFO | prediction_worker | Prediction complete → Neutral
2026-05-24 02:15:07 | INFO | prediction_worker | Saved to Supabase
2026-05-24 02:15:07 | INFO | prediction_worker | Published prediction event
2026-05-24 02:15:07 | INFO | prediction_worker | Processing headline: Here are 38 Memorial Day deals we recommend for $50 or less
2026-05-24 02:15:07 | INFO | prediction_worker | Prediction complete → Positive
2026-05-24 02:15:08 | INFO | prediction_worker | Saved to Supabase
2026-05-24 02:15:08 | INFO | prediction_worker | Published prediction event
2026-05-24 02:15:08 | INFO | prediction_worker | Processing headline: Hanging out in my favorite virtual coffee shop in Tokyo
2026-05-24 02:15:08 | INFO | prediction_worker | Prediction complete → Positive
2026-05-24 02:15:08 | INFO | prediction_worker | Saved to Supabase
2026-05-24 02:15:08 | INFO | prediction_worker | Published prediction event
2026-05-24 02:15:08 | INFO | prediction_worker | Processing headline: I have a new go-to browser
2026-05-24 02:15:08 | INFO | prediction_worker | Prediction complete → Positive
2026-05-24 02:15:08 | INFO | prediction_worker | Saved to Supabase
2026-05-24 02:15:08 | INFO | prediction_worker | Published prediction event
2026-05-24 02:15:08 | INFO | prediction_worker | Processing headline: Google’s new anything-to-anything AI model is wild
2026-05-24 02:15:08 | INFO | prediction_worker | Prediction complete → Positive
2026-05-24 02:15:08 | INFO | prediction_worker | Saved to Supabase
2026-05-24 02:15:08 | INFO | prediction_worker | Published prediction event
2026-05-24 02:15:09 | INFO | prediction_worker | Processing headline: Google&#8217;s AI search is so broken it can &#8216;disregard&#8217; what you&#8
2026-05-24 02:15:09 | INFO | prediction_worker | Prediction complete → Neutral
2026-05-24 02:15:09 | INFO | prediction_worker | Saved to Supabase
2026-05-24 02:15:09 | INFO | prediction_worker | Published prediction event
2026-05-24 02:15:09 | INFO | prediction_worker | Processing headline: Twelve South’s AirFly Pro 2 has hit one of its best prices ahead of summer trave
2026-05-24 02:15:09 | INFO | prediction_worker | Prediction complete → Positive
2026-05-24 02:15:09 | INFO | prediction_worker | Saved to Supabase
2026-05-24 02:15:09 | INFO | prediction_worker | Published prediction event
2026-05-24 02:15:09 | INFO | prediction_worker | Processing headline: Meta’s Forum is part Reddit, part Facebook, and part Google AI Overview
2026-05-24 02:15:09 | INFO | prediction_worker | Prediction complete → Neutral
2026-05-24 02:15:09 | INFO | prediction_worker | Saved to Supabase
2026-05-24 02:15:09 | INFO | prediction_worker | Published prediction event
2026-05-24 02:15:09 | INFO | prediction_worker | Processing headline: Elon, stop trying to make Grok happen
2026-05-24 02:15:09 | INFO | prediction_worker | Prediction complete → Neutral
2026-05-24 02:15:09 | INFO | prediction_worker | Saved to Supabase
2026-05-24 02:15:09 | INFO | prediction_worker | Published prediction event
2026-05-24 02:15:10 | INFO | prediction_worker | Processing headline: The best Memorial Day sales you can shop this weekend
2026-05-24 02:15:10 | INFO | prediction_worker | Prediction complete → Positive
2026-05-24 02:15:10 | INFO | prediction_worker | Saved to Supabase
2026-05-24 02:15:10 | INFO | prediction_worker | Published prediction event
2026-05-24 02:15:10 | INFO | prediction_worker | Processing headline: Best Power Banks (2026): My Picks After Testing Over 100
2026-05-24 02:15:10 | INFO | prediction_worker | Prediction complete → Positive
2026-05-24 02:15:10 | INFO | prediction_worker | Saved to Supabase
2026-05-24 02:15:10 | INFO | prediction_worker | Published prediction event
2026-05-24 02:15:10 | INFO | prediction_worker | Processing headline: Memorial Day Dyson Vacuum Deals: V15 Detect, Gen5Detect, PencilVac On Sale
2026-05-24 02:15:10 | INFO | prediction_worker | Prediction complete → Positive
2026-05-24 02:15:10 | INFO | prediction_worker | Saved to Supabase
2026-05-24 02:15:10 | INFO | prediction_worker | Published prediction event
2026-05-24 02:15:10 | INFO | prediction_worker | Processing headline: L.L.Bean's Zip Hunter's Tote Is the Only Carryall You Need
2026-05-24 02:15:10 | INFO | prediction_worker | Prediction complete → Neutral
2026-05-24 02:15:10 | INFO | prediction_worker | Saved to Supabase
2026-05-24 02:15:10 | INFO | prediction_worker | Published prediction event
2026-05-24 02:15:11 | INFO | prediction_worker | Processing headline: Quantum ‘Jamming’ Could Help Unlock the Mysteries of Causality
2026-05-24 02:15:11 | INFO | prediction_worker | Prediction complete → Neutral
2026-05-24 02:15:11 | INFO | prediction_worker | Saved to Supabase
2026-05-24 02:15:11 | INFO | prediction_worker | Published prediction event
2026-05-24 02:15:11 | INFO | prediction_worker | Processing headline: The Best Smart Sprinklers and Irrigation Systems: In-Ground Sprinklers, Hose Tim
2026-05-24 02:15:11 | INFO | prediction_worker | Prediction complete → Positive
2026-05-24 02:15:11 | INFO | prediction_worker | Saved to Supabase
2026-05-24 02:15:11 | INFO | prediction_worker | Published prediction event
2026-05-24 02:15:11 | INFO | prediction_worker | Processing headline: The FBI Wants ‘Near Real-Time’ Access to US License Plate Readers
2026-05-24 02:15:11 | INFO | prediction_worker | Prediction complete → Neutral
2026-05-24 02:15:11 | INFO | prediction_worker | Saved to Supabase
2026-05-24 02:15:11 | INFO | prediction_worker | Published prediction event
2026-05-24 02:15:11 | INFO | prediction_worker | Processing headline: Cosmic Voids May Contain the Universe’s Best Secrets
2026-05-24 02:15:11 | INFO | prediction_worker | Prediction complete → Positive
2026-05-24 02:15:12 | INFO | prediction_worker | Saved to Supabase
2026-05-24 02:15:12 | INFO | prediction_worker | Published prediction event
2026-05-24 02:15:12 | INFO | prediction_worker | Processing headline: Best Memorial Day Deals: Garmin, Birdfy, Branch (2026)
2026-05-24 02:15:12 | INFO | prediction_worker | Prediction complete → Positive
2026-05-24 02:15:12 | INFO | prediction_worker | Saved to Supabase
2026-05-24 02:15:12 | INFO | prediction_worker | Published prediction event
2026-05-24 02:15:12 | INFO | prediction_worker | Processing headline: A 'Golden Orb' on the Ocean Floor Came From a Mysterious Animal
2026-05-24 02:15:12 | INFO | prediction_worker | Prediction complete → Neutral
2026-05-24 02:15:12 | INFO | prediction_worker | Saved to Supabase
2026-05-24 02:15:12 | INFO | prediction_worker | Published prediction event
2026-05-24 02:15:12 | INFO | prediction_worker | Processing headline: All Vehicles Sold in the EU Must Be Able to Hook Up to a Breathalyzer
2026-05-24 02:15:12 | INFO | prediction_worker | Prediction complete → Negative
2026-05-24 02:15:12 | INFO | prediction_worker | Saved to Supabase
2026-05-24 02:15:13 | INFO | prediction_worker | Published prediction event
2026-05-24 02:15:13 | INFO | prediction_worker | Processing headline: SpaceX's Starship V3—still a work in progress—mostly successful on first flight
2026-05-24 02:15:13 | INFO | prediction_worker | Prediction complete → Neutral
2026-05-24 02:15:13 | INFO | prediction_worker | Saved to Supabase
2026-05-24 02:15:13 | INFO | prediction_worker | Published prediction event
2026-05-24 02:15:13 | INFO | prediction_worker | Processing headline: Two space shuttle-era spacewalkers enter Astronaut Hall of Fame
2026-05-24 02:15:13 | INFO | prediction_worker | Prediction complete → Neutral
2026-05-24 02:15:13 | INFO | prediction_worker | Saved to Supabase
2026-05-24 02:15:13 | INFO | prediction_worker | Published prediction event
2026-05-24 02:15:13 | INFO | prediction_worker | Processing headline: China’s shark finning could lead to US seafood sanctions
2026-05-24 02:15:13 | INFO | prediction_worker | Prediction complete → Neutral
2026-05-24 02:15:13 | INFO | prediction_worker | Saved to Supabase
2026-05-24 02:15:13 | INFO | prediction_worker | Published prediction event
2026-05-24 02:15:13 | INFO | prediction_worker | Processing headline: Four Russian satellites are now within striking distance of an ICEYE radarsat
2026-05-24 02:15:13 | INFO | prediction_worker | Prediction complete → Neutral
2026-05-24 02:15:13 | INFO | prediction_worker | Saved to Supabase
2026-05-24 02:15:14 | INFO | prediction_worker | Published prediction event
2026-05-24 02:15:14 | INFO | prediction_worker | Processing headline: Ebola outbreak now third largest recorded and "spreading rapidly"
2026-05-24 02:15:14 | INFO | prediction_worker | Prediction complete → Negative
2026-05-24 02:15:14 | INFO | prediction_worker | Saved to Supabase
2026-05-24 02:15:14 | INFO | prediction_worker | Published prediction event
2026-05-24 02:15:14 | INFO | prediction_worker | Processing headline: First-generation Chromecast users stressed by devices suddenly failing
2026-05-24 02:15:14 | INFO | prediction_worker | Prediction complete → Neutral
2026-05-24 02:15:14 | INFO | prediction_worker | Saved to Supabase
2026-05-24 02:15:14 | INFO | prediction_worker | Published prediction event
2026-05-24 02:15:14 | INFO | prediction_worker | Processing headline: Trump FCC asks public to comment on whether ABC's The View is a news show
2026-05-24 02:15:14 | INFO | prediction_worker | Prediction complete → Neutral
2026-05-24 02:15:14 | INFO | prediction_worker | Saved to Supabase
2026-05-24 02:15:14 | INFO | prediction_worker | Published prediction event
2026-05-24 02:15:14 | INFO | prediction_worker | Processing headline: US scrambles to stop Internet users re-creating dead pilots’ voices
2026-05-24 02:15:14 | INFO | prediction_worker | Prediction complete → Negative
2026-05-24 02:15:15 | INFO | prediction_worker | Saved to Supabase
2026-05-24 02:15:15 | INFO | prediction_worker | Published prediction event
2026-05-24 02:15:15 | INFO | prediction_worker | Processing headline: The Boys is dead. Long live Vought Rising.
2026-05-24 02:15:15 | INFO | prediction_worker | Prediction complete → Positive
2026-05-24 02:15:15 | INFO | prediction_worker | Saved to Supabase
2026-05-24 02:15:15 | INFO | prediction_worker | Published prediction event
2026-05-24 02:15:15 | INFO | prediction_worker | Processing headline: Police boast of hacking VPN where criminals "believed themselves to be safe"
2026-05-24 02:15:15 | INFO | prediction_worker | Prediction complete → Negative
2026-05-24 02:15:15 | INFO | prediction_worker | Saved to Supabase
2026-05-24 02:15:15 | INFO | prediction_worker | Published prediction event
2026-05-24 02:16:08 | INFO | prediction_worker | Processing headline: SolarSquare in talks to raise up to $60M as India’s rooftop solar market draws m
2026-05-24 02:16:08 | INFO | prediction_worker | Prediction complete → Neutral
2026-05-24 02:16:09 | INFO | prediction_worker | Saved to Supabase
2026-05-24 02:16:09 | INFO | prediction_worker | Published prediction event
2026-05-24 02:16:09 | INFO | prediction_worker | Processing headline: These special phone and app features can help protect you from spyware
2026-05-24 02:16:09 | INFO | prediction_worker | Prediction complete → Positive
2026-05-24 02:16:09 | INFO | prediction_worker | Saved to Supabase
2026-05-24 02:16:09 | INFO | prediction_worker | Published prediction event
2026-05-24 02:16:09 | INFO | prediction_worker | Processing headline: Ferrari is using IBM’s AI to create F1 superfans
2026-05-24 02:16:09 | INFO | prediction_worker | Prediction complete → Neutral
2026-05-24 02:16:09 | INFO | prediction_worker | Saved to Supabase
2026-05-24 02:16:09 | INFO | prediction_worker | Published prediction event
2026-05-24 02:16:09 | INFO | prediction_worker | Processing headline: Nuclear startup Deep Fission says it’s going public, again, and I have questions
2026-05-24 02:16:09 | INFO | prediction_worker | Prediction complete → Neutral
2026-05-24 02:16:10 | INFO | prediction_worker | Saved to Supabase
2026-05-24 02:16:10 | INFO | prediction_worker | Published prediction event
2026-05-24 02:16:10 | INFO | prediction_worker | Processing headline: Elon Musk has given up on solar power (on Earth)
2026-05-24 02:16:10 | INFO | prediction_worker | Prediction complete → Neutral
2026-05-24 02:16:10 | INFO | prediction_worker | Saved to Supabase
2026-05-24 02:16:10 | INFO | prediction_worker | Published prediction event
2026-05-24 02:16:10 | INFO | prediction_worker | Processing headline: Peec, one of Berlin’s rising startups, more than doubled annualized revenue in m
2026-05-24 02:16:10 | INFO | prediction_worker | Prediction complete → Neutral
2026-05-24 02:16:10 | INFO | prediction_worker | Saved to Supabase
2026-05-24 02:16:10 | INFO | prediction_worker | Published prediction event
2026-05-24 02:16:10 | INFO | prediction_worker | Processing headline: AI is being used to resurrect the voices of dead pilots
2026-05-24 02:16:10 | INFO | prediction_worker | Prediction complete → Neutral
2026-05-24 02:16:10 | INFO | prediction_worker | Saved to Supabase
2026-05-24 02:16:10 | INFO | prediction_worker | Published prediction event
2026-05-24 02:16:10 | INFO | prediction_worker | Processing headline: SpaceX launches Starship V3 for the first time, but loses booster on return
2026-05-24 02:16:10 | INFO | prediction_worker | Prediction complete → Neutral
2026-05-24 02:16:11 | INFO | prediction_worker | Saved to Supabase
2026-05-24 02:16:11 | INFO | prediction_worker | Published prediction event
2026-05-24 02:16:11 | INFO | prediction_worker | Processing headline: Blue Origin cleared to fly New Glenn mega-rocket after April mishap
2026-05-24 02:16:11 | INFO | prediction_worker | Prediction complete → Neutral
2026-05-24 02:16:11 | INFO | prediction_worker | Saved to Supabase
2026-05-24 02:16:11 | INFO | prediction_worker | Published prediction event
2026-05-24 02:16:11 | INFO | prediction_worker | Processing headline: Google goes for the glitter with disco-ball icons: ‘Are y’all sure you still wan
2026-05-24 02:16:11 | INFO | prediction_worker | Prediction complete → Neutral
2026-05-24 02:16:11 | INFO | prediction_worker | Saved to Supabase
2026-05-24 02:16:11 | INFO | prediction_worker | Published prediction event
2026-05-24 02:16:11 | INFO | prediction_worker | Processing headline: The man behind the legendary MPC, Roger Linn, stays focused with a single browse
2026-05-24 02:16:11 | INFO | prediction_worker | Prediction complete → Neutral
2026-05-24 02:16:11 | INFO | prediction_worker | Saved to Supabase
2026-05-24 02:16:11 | INFO | prediction_worker | Published prediction event
2026-05-24 02:16:11 | INFO | prediction_worker | Processing headline: Here are 38 Memorial Day deals we recommend for $50 or less
2026-05-24 02:16:11 | INFO | prediction_worker | Prediction complete → Positive
2026-05-24 02:16:12 | INFO | prediction_worker | Saved to Supabase
2026-05-24 02:16:12 | INFO | prediction_worker | Published prediction event
2026-05-24 02:16:12 | INFO | prediction_worker | Processing headline: Hanging out in my favorite virtual coffee shop in Tokyo
2026-05-24 02:16:12 | INFO | prediction_worker | Prediction complete → Positive
2026-05-24 02:16:12 | INFO | prediction_worker | Saved to Supabase
2026-05-24 02:16:12 | INFO | prediction_worker | Published prediction event
2026-05-24 02:16:12 | INFO | prediction_worker | Processing headline: I have a new go-to browser
2026-05-24 02:16:12 | INFO | prediction_worker | Prediction complete → Positive
2026-05-24 02:16:12 | INFO | prediction_worker | Saved to Supabase
2026-05-24 02:16:12 | INFO | prediction_worker | Published prediction event
2026-05-24 02:16:12 | INFO | prediction_worker | Processing headline: Google’s new anything-to-anything AI model is wild
2026-05-24 02:16:12 | INFO | prediction_worker | Prediction complete → Positive
2026-05-24 02:16:13 | INFO | prediction_worker | Saved to Supabase
2026-05-24 02:16:13 | INFO | prediction_worker | Published prediction event
2026-05-24 02:16:13 | INFO | prediction_worker | Processing headline: Google&#8217;s AI search is so broken it can &#8216;disregard&#8217; what you&#8
2026-05-24 02:16:13 | INFO | prediction_worker | Prediction complete → Neutral
2026-05-24 02:16:13 | INFO | prediction_worker | Saved to Supabase
2026-05-24 02:16:13 | INFO | prediction_worker | Published prediction event
2026-05-24 02:16:13 | INFO | prediction_worker | Processing headline: Twelve South’s AirFly Pro 2 has hit one of its best prices ahead of summer trave
2026-05-24 02:16:13 | INFO | prediction_worker | Prediction complete → Positive
2026-05-24 02:16:13 | INFO | prediction_worker | Saved to Supabase
2026-05-24 02:16:13 | INFO | prediction_worker | Published prediction event
2026-05-24 02:16:13 | INFO | prediction_worker | Processing headline: Meta’s Forum is part Reddit, part Facebook, and part Google AI Overview
2026-05-24 02:16:13 | INFO | prediction_worker | Prediction complete → Neutral
2026-05-24 02:16:14 | INFO | prediction_worker | Saved to Supabase
2026-05-24 02:16:14 | INFO | prediction_worker | Published prediction event
2026-05-24 02:16:14 | INFO | prediction_worker | Processing headline: Elon, stop trying to make Grok happen
2026-05-24 02:16:14 | INFO | prediction_worker | Prediction complete → Neutral
2026-05-24 02:16:14 | INFO | prediction_worker | Saved to Supabase
2026-05-24 02:16:14 | INFO | prediction_worker | Published prediction event
2026-05-24 02:16:14 | INFO | prediction_worker | Processing headline: The best Memorial Day sales you can shop this weekend
2026-05-24 02:16:14 | INFO | prediction_worker | Prediction complete → Positive
2026-05-24 02:16:14 | INFO | prediction_worker | Saved to Supabase
2026-05-24 02:16:14 | INFO | prediction_worker | Published prediction event
2026-05-24 02:16:14 | INFO | prediction_worker | Processing headline: Best Power Banks (2026): My Picks After Testing Over 100
2026-05-24 02:16:14 | INFO | prediction_worker | Prediction complete → Positive
2026-05-24 02:16:14 | INFO | prediction_worker | Saved to Supabase
2026-05-24 02:16:15 | INFO | prediction_worker | Published prediction event
2026-05-24 02:16:15 | INFO | prediction_worker | Processing headline: Memorial Day Dyson Vacuum Deals: V15 Detect, Gen5Detect, PencilVac On Sale
2026-05-24 02:16:15 | INFO | prediction_worker | Prediction complete → Positive
2026-05-24 02:16:15 | INFO | prediction_worker | Saved to Supabase
2026-05-24 02:16:15 | INFO | prediction_worker | Published prediction event
2026-05-24 02:16:15 | INFO | prediction_worker | Processing headline: L.L.Bean's Zip Hunter's Tote Is the Only Carryall You Need
2026-05-24 02:16:15 | INFO | prediction_worker | Prediction complete → Neutral
2026-05-24 02:16:15 | INFO | prediction_worker | Saved to Supabase
2026-05-24 02:16:15 | INFO | prediction_worker | Published prediction event
2026-05-24 02:16:15 | INFO | prediction_worker | Processing headline: Quantum ‘Jamming’ Could Help Unlock the Mysteries of Causality
2026-05-24 02:16:15 | INFO | prediction_worker | Prediction complete → Neutral
2026-05-24 02:16:15 | INFO | prediction_worker | Saved to Supabase
2026-05-24 02:16:15 | INFO | prediction_worker | Published prediction event
2026-05-24 02:16:15 | INFO | prediction_worker | Processing headline: The Best Smart Sprinklers and Irrigation Systems: In-Ground Sprinklers, Hose Tim
2026-05-24 02:16:15 | INFO | prediction_worker | Prediction complete → Positive
2026-05-24 02:16:16 | INFO | prediction_worker | Saved to Supabase
2026-05-24 02:16:16 | INFO | prediction_worker | Published prediction event
2026-05-24 02:16:16 | INFO | prediction_worker | Processing headline: The FBI Wants ‘Near Real-Time’ Access to US License Plate Readers
2026-05-24 02:16:16 | INFO | prediction_worker | Prediction complete → Neutral
2026-05-24 02:16:16 | INFO | prediction_worker | Saved to Supabase
2026-05-24 02:16:16 | INFO | prediction_worker | Published prediction event
2026-05-24 02:16:16 | INFO | prediction_worker | Processing headline: Cosmic Voids May Contain the Universe’s Best Secrets
2026-05-24 02:16:16 | INFO | prediction_worker | Prediction complete → Positive
2026-05-24 02:16:16 | INFO | prediction_worker | Saved to Supabase
2026-05-24 02:16:16 | INFO | prediction_worker | Published prediction event
2026-05-24 02:16:16 | INFO | prediction_worker | Processing headline: Best Memorial Day Deals: Garmin, Birdfy, Branch (2026)
2026-05-24 02:16:16 | INFO | prediction_worker | Prediction complete → Positive
2026-05-24 02:16:17 | INFO | prediction_worker | Saved to Supabase
2026-05-24 02:16:17 | INFO | prediction_worker | Published prediction event
2026-05-24 02:16:17 | INFO | prediction_worker | Processing headline: A 'Golden Orb' on the Ocean Floor Came From a Mysterious Animal
2026-05-24 02:16:17 | INFO | prediction_worker | Prediction complete → Neutral
2026-05-24 02:16:17 | INFO | prediction_worker | Saved to Supabase
2026-05-24 02:16:17 | INFO | prediction_worker | Published prediction event
2026-05-24 02:16:17 | INFO | prediction_worker | Processing headline: All Vehicles Sold in the EU Must Be Able to Hook Up to a Breathalyzer
2026-05-24 02:16:17 | INFO | prediction_worker | Prediction complete → Negative
2026-05-24 02:16:17 | INFO | prediction_worker | Saved to Supabase
2026-05-24 02:16:17 | INFO | prediction_worker | Published prediction event
2026-05-24 02:16:17 | INFO | prediction_worker | Processing headline: SpaceX's Starship V3—still a work in progress—mostly successful on first flight
2026-05-24 02:16:17 | INFO | prediction_worker | Prediction complete → Neutral
2026-05-24 02:16:17 | INFO | prediction_worker | Saved to Supabase
2026-05-24 02:16:17 | INFO | prediction_worker | Published prediction event
2026-05-24 02:16:17 | INFO | prediction_worker | Processing headline: Two space shuttle-era spacewalkers enter Astronaut Hall of Fame
2026-05-24 02:16:17 | INFO | prediction_worker | Prediction complete → Neutral
2026-05-24 02:16:18 | INFO | prediction_worker | Saved to Supabase
2026-05-24 02:16:18 | INFO | prediction_worker | Published prediction event
2026-05-24 02:16:18 | INFO | prediction_worker | Processing headline: China’s shark finning could lead to US seafood sanctions
2026-05-24 02:16:18 | INFO | prediction_worker | Prediction complete → Neutral
2026-05-24 02:16:18 | INFO | prediction_worker | Saved to Supabase
2026-05-24 02:16:18 | INFO | prediction_worker | Published prediction event
2026-05-24 02:16:18 | INFO | prediction_worker | Processing headline: Four Russian satellites are now within striking distance of an ICEYE radarsat
2026-05-24 02:16:18 | INFO | prediction_worker | Prediction complete → Neutral
2026-05-24 02:16:18 | INFO | prediction_worker | Saved to Supabase
2026-05-24 02:16:18 | INFO | prediction_worker | Published prediction event
2026-05-24 02:16:18 | INFO | prediction_worker | Processing headline: Ebola outbreak now third largest recorded and "spreading rapidly"
2026-05-24 02:16:18 | INFO | prediction_worker | Prediction complete → Negative
2026-05-24 02:16:19 | INFO | prediction_worker | Saved to Supabase
2026-05-24 02:16:19 | INFO | prediction_worker | Published prediction event
2026-05-24 02:16:19 | INFO | prediction_worker | Processing headline: First-generation Chromecast users stressed by devices suddenly failing
2026-05-24 02:16:19 | INFO | prediction_worker | Prediction complete → Neutral
2026-05-24 02:16:19 | INFO | prediction_worker | Saved to Supabase
2026-05-24 02:16:19 | INFO | prediction_worker | Published prediction event
2026-05-24 02:16:19 | INFO | prediction_worker | Processing headline: Trump FCC asks public to comment on whether ABC's The View is a news show
2026-05-24 02:16:19 | INFO | prediction_worker | Prediction complete → Neutral
2026-05-24 02:16:19 | INFO | prediction_worker | Saved to Supabase
2026-05-24 02:16:19 | INFO | prediction_worker | Published prediction event
2026-05-24 02:16:19 | INFO | prediction_worker | Processing headline: US scrambles to stop Internet users re-creating dead pilots’ voices
2026-05-24 02:16:19 | INFO | prediction_worker | Prediction complete → Negative
2026-05-24 02:16:20 | INFO | prediction_worker | Saved to Supabase
2026-05-24 02:16:20 | INFO | prediction_worker | Published prediction event
2026-05-24 02:16:20 | INFO | prediction_worker | Processing headline: The Boys is dead. Long live Vought Rising.
2026-05-24 02:16:20 | INFO | prediction_worker | Prediction complete → Positive
2026-05-24 02:16:20 | INFO | prediction_worker | Saved to Supabase
2026-05-24 02:16:20 | INFO | prediction_worker | Published prediction event
2026-05-24 02:16:20 | INFO | prediction_worker | Processing headline: Police boast of hacking VPN where criminals "believed themselves to be safe"
2026-05-24 02:16:20 | INFO | prediction_worker | Prediction complete → Negative
2026-05-24 02:16:20 | INFO | prediction_worker | Saved to Supabase
2026-05-24 02:16:20 | INFO | prediction_worker | Published prediction event
2026-05-24 02:16:44 | INFO | prediction_worker | 🚀 Prediction worker started
2026-05-24 02:16:44 | INFO | prediction_worker | ✅ Sentiment model loaded
2026-05-24 02:17:12 | INFO | prediction_worker | Processing headline: SolarSquare in talks to raise up to $60M as India’s rooftop solar market draws m
2026-05-24 02:17:17 | INFO | prediction_worker | Prediction complete → Neutral
2026-05-24 02:17:18 | INFO | prediction_worker | Saved to Supabase
2026-05-24 02:17:18 | INFO | prediction_worker | Published prediction event
2026-05-24 02:17:18 | INFO | prediction_worker | Processing headline: These special phone and app features can help protect you from spyware
2026-05-24 02:17:18 | INFO | prediction_worker | Prediction complete → Positive
2026-05-24 02:17:18 | INFO | prediction_worker | Saved to Supabase
2026-05-24 02:17:18 | INFO | prediction_worker | Published prediction event
2026-05-24 02:17:18 | INFO | prediction_worker | Processing headline: Ferrari is using IBM’s AI to create F1 superfans
2026-05-24 02:17:18 | INFO | prediction_worker | Prediction complete → Neutral
2026-05-24 02:17:19 | INFO | prediction_worker | Saved to Supabase
2026-05-24 02:17:19 | INFO | prediction_worker | Published prediction event
2026-05-24 02:17:19 | INFO | prediction_worker | Processing headline: Nuclear startup Deep Fission says it’s going public, again, and I have questions
2026-05-24 02:17:19 | INFO | prediction_worker | Prediction complete → Neutral
2026-05-24 02:17:19 | INFO | prediction_worker | Saved to Supabase
2026-05-24 02:17:19 | INFO | prediction_worker | Published prediction event
2026-05-24 02:17:19 | INFO | prediction_worker | Processing headline: Elon Musk has given up on solar power (on Earth)
2026-05-24 02:17:19 | INFO | prediction_worker | Prediction complete → Neutral
2026-05-24 02:17:19 | INFO | prediction_worker | Saved to Supabase
2026-05-24 02:17:19 | INFO | prediction_worker | Published prediction event
2026-05-24 02:17:19 | INFO | prediction_worker | Processing headline: Peec, one of Berlin’s rising startups, more than doubled annualized revenue in m
2026-05-24 02:17:19 | INFO | prediction_worker | Prediction complete → Neutral
2026-05-24 02:17:19 | INFO | prediction_worker | Saved to Supabase
2026-05-24 02:17:20 | INFO | prediction_worker | Published prediction event
2026-05-24 02:17:20 | INFO | prediction_worker | Processing headline: AI is being used to resurrect the voices of dead pilots
2026-05-24 02:17:20 | INFO | prediction_worker | Prediction complete → Neutral
2026-05-24 02:17:20 | INFO | prediction_worker | Saved to Supabase
2026-05-24 02:17:20 | INFO | prediction_worker | Published prediction event
2026-05-24 02:17:20 | INFO | prediction_worker | Processing headline: SpaceX launches Starship V3 for the first time, but loses booster on return
2026-05-24 02:17:20 | INFO | prediction_worker | Prediction complete → Neutral
2026-05-24 02:17:20 | INFO | prediction_worker | Saved to Supabase
2026-05-24 02:17:20 | INFO | prediction_worker | Published prediction event
2026-05-24 02:17:20 | INFO | prediction_worker | Processing headline: Blue Origin cleared to fly New Glenn mega-rocket after April mishap
2026-05-24 02:17:20 | INFO | prediction_worker | Prediction complete → Neutral
2026-05-24 02:17:20 | INFO | prediction_worker | Saved to Supabase
2026-05-24 02:17:20 | INFO | prediction_worker | Published prediction event
2026-05-24 02:17:20 | INFO | prediction_worker | Processing headline: Google goes for the glitter with disco-ball icons: ‘Are y’all sure you still wan
2026-05-24 02:17:20 | INFO | prediction_worker | Prediction complete → Neutral
2026-05-24 02:17:21 | INFO | prediction_worker | Saved to Supabase
2026-05-24 02:17:21 | INFO | prediction_worker | Published prediction event
2026-05-24 02:17:21 | INFO | prediction_worker | Processing headline: The man behind the legendary MPC, Roger Linn, stays focused with a single browse
2026-05-24 02:17:21 | INFO | prediction_worker | Prediction complete → Neutral
2026-05-24 02:17:21 | INFO | prediction_worker | Saved to Supabase
2026-05-24 02:17:21 | INFO | prediction_worker | Published prediction event
2026-05-24 02:17:21 | INFO | prediction_worker | Processing headline: Here are 38 Memorial Day deals we recommend for $50 or less
2026-05-24 02:17:21 | INFO | prediction_worker | Prediction complete → Positive
2026-05-24 02:17:21 | INFO | prediction_worker | Saved to Supabase
2026-05-24 02:17:21 | INFO | prediction_worker | Published prediction event
2026-05-24 02:17:21 | INFO | prediction_worker | Processing headline: Hanging out in my favorite virtual coffee shop in Tokyo
2026-05-24 02:17:21 | INFO | prediction_worker | Prediction complete → Positive
2026-05-24 02:17:21 | INFO | prediction_worker | Saved to Supabase
2026-05-24 02:17:21 | INFO | prediction_worker | Published prediction event
2026-05-24 02:17:21 | INFO | prediction_worker | Processing headline: I have a new go-to browser
2026-05-24 02:17:21 | INFO | prediction_worker | Prediction complete → Positive
2026-05-24 02:17:22 | INFO | prediction_worker | Saved to Supabase
2026-05-24 02:17:22 | INFO | prediction_worker | Published prediction event
2026-05-24 02:17:22 | INFO | prediction_worker | Processing headline: Google’s new anything-to-anything AI model is wild
2026-05-24 02:17:22 | INFO | prediction_worker | Prediction complete → Positive
2026-05-24 02:17:22 | INFO | prediction_worker | Saved to Supabase
2026-05-24 02:17:22 | INFO | prediction_worker | Published prediction event
2026-05-24 02:17:22 | INFO | prediction_worker | Processing headline: Google&#8217;s AI search is so broken it can &#8216;disregard&#8217; what you&#8
2026-05-24 02:17:22 | INFO | prediction_worker | Prediction complete → Neutral
2026-05-24 02:17:22 | INFO | prediction_worker | Saved to Supabase
2026-05-24 02:17:22 | INFO | prediction_worker | Published prediction event
2026-05-24 02:17:22 | INFO | prediction_worker | Processing headline: Twelve South’s AirFly Pro 2 has hit one of its best prices ahead of summer trave
2026-05-24 02:17:22 | INFO | prediction_worker | Prediction complete → Positive
2026-05-24 02:17:22 | INFO | prediction_worker | Saved to Supabase
2026-05-24 02:17:22 | INFO | prediction_worker | Published prediction event
2026-05-24 02:17:22 | INFO | prediction_worker | Processing headline: Meta’s Forum is part Reddit, part Facebook, and part Google AI Overview
2026-05-24 02:17:22 | INFO | prediction_worker | Prediction complete → Neutral
2026-05-24 02:17:23 | INFO | prediction_worker | Saved to Supabase
2026-05-24 02:17:23 | INFO | prediction_worker | Published prediction event
2026-05-24 02:17:23 | INFO | prediction_worker | Processing headline: Elon, stop trying to make Grok happen
2026-05-24 02:17:23 | INFO | prediction_worker | Prediction complete → Neutral
2026-05-24 02:17:23 | INFO | prediction_worker | Saved to Supabase
2026-05-24 02:17:23 | INFO | prediction_worker | Published prediction event
2026-05-24 02:17:23 | INFO | prediction_worker | Processing headline: The best Memorial Day sales you can shop this weekend
2026-05-24 02:17:23 | INFO | prediction_worker | Prediction complete → Positive
2026-05-24 02:17:23 | INFO | prediction_worker | Saved to Supabase
2026-05-24 02:17:23 | INFO | prediction_worker | Published prediction event
2026-05-24 02:17:23 | INFO | prediction_worker | Processing headline: Best Power Banks (2026): My Picks After Testing Over 100
2026-05-24 02:17:23 | INFO | prediction_worker | Prediction complete → Positive
2026-05-24 02:17:24 | INFO | prediction_worker | Saved to Supabase
2026-05-24 02:17:24 | INFO | prediction_worker | Published prediction event
2026-05-24 02:17:24 | INFO | prediction_worker | Processing headline: Memorial Day Dyson Vacuum Deals: V15 Detect, Gen5Detect, PencilVac On Sale
2026-05-24 02:17:24 | INFO | prediction_worker | Prediction complete → Positive
2026-05-24 02:17:24 | INFO | prediction_worker | Saved to Supabase
2026-05-24 02:17:24 | INFO | prediction_worker | Published prediction event
2026-05-24 02:17:24 | INFO | prediction_worker | Processing headline: L.L.Bean's Zip Hunter's Tote Is the Only Carryall You Need
2026-05-24 02:17:24 | INFO | prediction_worker | Prediction complete → Neutral
2026-05-24 02:17:24 | INFO | prediction_worker | Saved to Supabase
2026-05-24 02:17:24 | INFO | prediction_worker | Published prediction event
2026-05-24 02:17:24 | INFO | prediction_worker | Processing headline: Quantum ‘Jamming’ Could Help Unlock the Mysteries of Causality
2026-05-24 02:17:24 | INFO | prediction_worker | Prediction complete → Neutral
2026-05-24 02:17:24 | INFO | prediction_worker | Saved to Supabase
2026-05-24 02:17:24 | INFO | prediction_worker | Published prediction event
2026-05-24 02:17:24 | INFO | prediction_worker | Processing headline: The Best Smart Sprinklers and Irrigation Systems: In-Ground Sprinklers, Hose Tim
2026-05-24 02:17:24 | INFO | prediction_worker | Prediction complete → Positive
2026-05-24 02:17:25 | INFO | prediction_worker | Saved to Supabase
2026-05-24 02:17:25 | INFO | prediction_worker | Published prediction event
2026-05-24 02:17:25 | INFO | prediction_worker | Processing headline: The FBI Wants ‘Near Real-Time’ Access to US License Plate Readers
2026-05-24 02:17:25 | INFO | prediction_worker | Prediction complete → Neutral
2026-05-24 02:17:25 | INFO | prediction_worker | Saved to Supabase
2026-05-24 02:17:25 | INFO | prediction_worker | Published prediction event
2026-05-24 02:17:25 | INFO | prediction_worker | Processing headline: Cosmic Voids May Contain the Universe’s Best Secrets
2026-05-24 02:17:25 | INFO | prediction_worker | Prediction complete → Positive
2026-05-24 02:17:25 | INFO | prediction_worker | Saved to Supabase
2026-05-24 02:17:25 | INFO | prediction_worker | Published prediction event
2026-05-24 02:17:25 | INFO | prediction_worker | Processing headline: Best Memorial Day Deals: Garmin, Birdfy, Branch (2026)
2026-05-24 02:17:25 | INFO | prediction_worker | Prediction complete → Positive
2026-05-24 02:17:25 | INFO | prediction_worker | Saved to Supabase
2026-05-24 02:17:25 | INFO | prediction_worker | Published prediction event
2026-05-24 02:17:26 | INFO | prediction_worker | Processing headline: A 'Golden Orb' on the Ocean Floor Came From a Mysterious Animal
2026-05-24 02:17:26 | INFO | prediction_worker | Prediction complete → Neutral
2026-05-24 02:17:26 | INFO | prediction_worker | Saved to Supabase
2026-05-24 02:17:26 | INFO | prediction_worker | Published prediction event
2026-05-24 02:17:26 | INFO | prediction_worker | Processing headline: All Vehicles Sold in the EU Must Be Able to Hook Up to a Breathalyzer
2026-05-24 02:17:26 | INFO | prediction_worker | Prediction complete → Negative
2026-05-24 02:17:26 | INFO | prediction_worker | Saved to Supabase
2026-05-24 02:17:26 | INFO | prediction_worker | Published prediction event
2026-05-24 02:17:26 | INFO | prediction_worker | Processing headline: SpaceX's Starship V3—still a work in progress—mostly successful on first flight
2026-05-24 02:17:26 | INFO | prediction_worker | Prediction complete → Neutral
2026-05-24 02:17:26 | INFO | prediction_worker | Saved to Supabase
2026-05-24 02:17:26 | INFO | prediction_worker | Published prediction event
2026-05-24 02:17:26 | INFO | prediction_worker | Processing headline: Two space shuttle-era spacewalkers enter Astronaut Hall of Fame
2026-05-24 02:17:26 | INFO | prediction_worker | Prediction complete → Neutral
2026-05-24 02:17:27 | INFO | prediction_worker | Saved to Supabase
2026-05-24 02:17:27 | INFO | prediction_worker | Published prediction event
2026-05-24 02:17:27 | INFO | prediction_worker | Processing headline: China’s shark finning could lead to US seafood sanctions
2026-05-24 02:17:27 | INFO | prediction_worker | Prediction complete → Neutral
2026-05-24 02:17:27 | INFO | prediction_worker | Saved to Supabase
2026-05-24 02:17:27 | INFO | prediction_worker | Published prediction event
2026-05-24 02:17:27 | INFO | prediction_worker | Processing headline: Four Russian satellites are now within striking distance of an ICEYE radarsat
2026-05-24 02:17:27 | INFO | prediction_worker | Prediction complete → Neutral
2026-05-24 02:17:27 | INFO | prediction_worker | Saved to Supabase
2026-05-24 02:17:27 | INFO | prediction_worker | Published prediction event
2026-05-24 02:17:27 | INFO | prediction_worker | Processing headline: Ebola outbreak now third largest recorded and "spreading rapidly"
2026-05-24 02:17:27 | INFO | prediction_worker | Prediction complete → Negative
2026-05-24 02:17:28 | INFO | prediction_worker | Saved to Supabase
2026-05-24 02:17:28 | INFO | prediction_worker | Published prediction event
2026-05-24 02:17:28 | INFO | prediction_worker | Processing headline: First-generation Chromecast users stressed by devices suddenly failing
2026-05-24 02:17:28 | INFO | prediction_worker | Prediction complete → Neutral
2026-05-24 02:17:28 | INFO | prediction_worker | Saved to Supabase
2026-05-24 02:17:28 | INFO | prediction_worker | Published prediction event
2026-05-24 02:17:28 | INFO | prediction_worker | Processing headline: Trump FCC asks public to comment on whether ABC's The View is a news show
2026-05-24 02:17:28 | INFO | prediction_worker | Prediction complete → Neutral
2026-05-24 02:17:28 | INFO | prediction_worker | Saved to Supabase
2026-05-24 02:17:28 | INFO | prediction_worker | Published prediction event
2026-05-24 02:17:28 | INFO | prediction_worker | Processing headline: US scrambles to stop Internet users re-creating dead pilots’ voices
2026-05-24 02:17:28 | INFO | prediction_worker | Prediction complete → Negative
2026-05-24 02:17:28 | INFO | prediction_worker | Saved to Supabase
2026-05-24 02:17:28 | INFO | prediction_worker | Published prediction event
2026-05-24 02:17:28 | INFO | prediction_worker | Processing headline: The Boys is dead. Long live Vought Rising.
2026-05-24 02:17:28 | INFO | prediction_worker | Prediction complete → Positive
2026-05-24 02:17:28 | INFO | prediction_worker | Saved to Supabase
2026-05-24 02:17:29 | INFO | prediction_worker | Published prediction event
2026-05-24 02:17:29 | INFO | prediction_worker | Processing headline: Police boast of hacking VPN where criminals "believed themselves to be safe"
2026-05-24 02:17:29 | INFO | prediction_worker | Prediction complete → Negative
2026-05-24 02:17:29 | INFO | prediction_worker | Saved to Supabase
2026-05-24 02:17:29 | INFO | prediction_worker | Published prediction event
2026-05-24 02:18:16 | INFO | prediction_worker | Processing headline: SolarSquare in talks to raise up to $60M as India’s rooftop solar market draws m
2026-05-24 02:18:16 | INFO | prediction_worker | Prediction complete → Neutral
2026-05-24 02:18:17 | INFO | prediction_worker | Saved to Supabase
2026-05-24 02:18:17 | INFO | prediction_worker | Published prediction event
2026-05-24 02:18:17 | INFO | prediction_worker | Processing headline: These special phone and app features can help protect you from spyware
2026-05-24 02:18:17 | INFO | prediction_worker | Prediction complete → Positive
2026-05-24 02:18:17 | INFO | prediction_worker | Saved to Supabase
2026-05-24 02:18:17 | INFO | prediction_worker | Published prediction event
2026-05-24 02:18:17 | INFO | prediction_worker | Processing headline: Ferrari is using IBM’s AI to create F1 superfans
2026-05-24 02:18:17 | INFO | prediction_worker | Prediction complete → Neutral
2026-05-24 02:18:17 | INFO | prediction_worker | Saved to Supabase
2026-05-24 02:18:17 | INFO | prediction_worker | Published prediction event
2026-05-24 02:18:17 | INFO | prediction_worker | Processing headline: Nuclear startup Deep Fission says it’s going public, again, and I have questions
2026-05-24 02:18:17 | INFO | prediction_worker | Prediction complete → Neutral
2026-05-24 02:18:17 | INFO | prediction_worker | Saved to Supabase
2026-05-24 02:18:17 | INFO | prediction_worker | Published prediction event
2026-05-24 02:18:17 | INFO | prediction_worker | Processing headline: Elon Musk has given up on solar power (on Earth)
2026-05-24 02:18:17 | INFO | prediction_worker | Prediction complete → Neutral
2026-05-24 02:18:18 | INFO | prediction_worker | Saved to Supabase
2026-05-24 02:18:18 | INFO | prediction_worker | Published prediction event
2026-05-24 02:18:18 | INFO | prediction_worker | Processing headline: Peec, one of Berlin’s rising startups, more than doubled annualized revenue in m
2026-05-24 02:18:18 | INFO | prediction_worker | Prediction complete → Neutral
2026-05-24 02:18:18 | INFO | prediction_worker | Saved to Supabase
2026-05-24 02:18:18 | INFO | prediction_worker | Published prediction event
2026-05-24 02:18:18 | INFO | prediction_worker | Processing headline: AI is being used to resurrect the voices of dead pilots
2026-05-24 02:18:18 | INFO | prediction_worker | Prediction complete → Neutral
2026-05-24 02:18:18 | INFO | prediction_worker | Saved to Supabase
2026-05-24 02:18:18 | INFO | prediction_worker | Published prediction event
2026-05-24 02:18:18 | INFO | prediction_worker | Processing headline: SpaceX launches Starship V3 for the first time, but loses booster on return
2026-05-24 02:18:18 | INFO | prediction_worker | Prediction complete → Neutral
2026-05-24 02:18:18 | INFO | prediction_worker | Saved to Supabase
2026-05-24 02:18:18 | INFO | prediction_worker | Published prediction event
2026-05-24 02:18:18 | INFO | prediction_worker | Processing headline: Blue Origin cleared to fly New Glenn mega-rocket after April mishap
2026-05-24 02:18:18 | INFO | prediction_worker | Prediction complete → Neutral
2026-05-24 02:18:19 | INFO | prediction_worker | Saved to Supabase
2026-05-24 02:18:19 | INFO | prediction_worker | Published prediction event
2026-05-24 02:18:19 | INFO | prediction_worker | Processing headline: Google goes for the glitter with disco-ball icons: ‘Are y’all sure you still wan
2026-05-24 02:18:19 | INFO | prediction_worker | Prediction complete → Neutral
2026-05-24 02:18:19 | INFO | prediction_worker | Saved to Supabase
2026-05-24 02:18:19 | INFO | prediction_worker | Published prediction event
2026-05-24 02:18:19 | INFO | prediction_worker | Processing headline: The man behind the legendary MPC, Roger Linn, stays focused with a single browse
2026-05-24 02:18:19 | INFO | prediction_worker | Prediction complete → Neutral
2026-05-24 02:18:19 | INFO | prediction_worker | Saved to Supabase
2026-05-24 02:18:19 | INFO | prediction_worker | Published prediction event
2026-05-24 02:18:19 | INFO | prediction_worker | Processing headline: Here are 38 Memorial Day deals we recommend for $50 or less
2026-05-24 02:18:19 | INFO | prediction_worker | Prediction complete → Positive
2026-05-24 02:18:20 | INFO | prediction_worker | Saved to Supabase
2026-05-24 02:18:20 | INFO | prediction_worker | Published prediction event
2026-05-24 02:18:20 | INFO | prediction_worker | Processing headline: Hanging out in my favorite virtual coffee shop in Tokyo
2026-05-24 02:18:20 | INFO | prediction_worker | Prediction complete → Positive
2026-05-24 02:18:20 | INFO | prediction_worker | Saved to Supabase
2026-05-24 02:18:20 | INFO | prediction_worker | Published prediction event
2026-05-24 02:18:20 | INFO | prediction_worker | Processing headline: I have a new go-to browser
2026-05-24 02:18:20 | INFO | prediction_worker | Prediction complete → Positive
2026-05-24 02:18:20 | INFO | prediction_worker | Saved to Supabase
2026-05-24 02:18:20 | INFO | prediction_worker | Published prediction event
2026-05-24 02:18:20 | INFO | prediction_worker | Processing headline: Google’s new anything-to-anything AI model is wild
2026-05-24 02:18:20 | INFO | prediction_worker | Prediction complete → Positive
2026-05-24 02:18:20 | INFO | prediction_worker | Saved to Supabase
2026-05-24 02:18:21 | INFO | prediction_worker | Published prediction event
2026-05-24 02:18:21 | INFO | prediction_worker | Processing headline: Google&#8217;s AI search is so broken it can &#8216;disregard&#8217; what you&#8
2026-05-24 02:18:21 | INFO | prediction_worker | Prediction complete → Neutral
2026-05-24 02:18:21 | INFO | prediction_worker | Saved to Supabase
2026-05-24 02:18:21 | INFO | prediction_worker | Published prediction event
2026-05-24 02:18:21 | INFO | prediction_worker | Processing headline: Twelve South’s AirFly Pro 2 has hit one of its best prices ahead of summer trave
2026-05-24 02:18:21 | INFO | prediction_worker | Prediction complete → Positive
2026-05-24 02:18:21 | INFO | prediction_worker | Saved to Supabase
2026-05-24 02:18:21 | INFO | prediction_worker | Published prediction event
2026-05-24 02:18:21 | INFO | prediction_worker | Processing headline: Meta’s Forum is part Reddit, part Facebook, and part Google AI Overview
2026-05-24 02:18:21 | INFO | prediction_worker | Prediction complete → Neutral
2026-05-24 02:18:21 | INFO | prediction_worker | Saved to Supabase
2026-05-24 02:18:21 | INFO | prediction_worker | Published prediction event
2026-05-24 02:18:22 | INFO | prediction_worker | Processing headline: Elon, stop trying to make Grok happen
2026-05-24 02:18:22 | INFO | prediction_worker | Prediction complete → Neutral
2026-05-24 02:18:22 | INFO | prediction_worker | Saved to Supabase
2026-05-24 02:18:22 | INFO | prediction_worker | Published prediction event
2026-05-24 02:18:22 | INFO | prediction_worker | Processing headline: The best Memorial Day sales you can shop this weekend
2026-05-24 02:18:22 | INFO | prediction_worker | Prediction complete → Positive
2026-05-24 02:18:22 | INFO | prediction_worker | Saved to Supabase
2026-05-24 02:18:22 | INFO | prediction_worker | Published prediction event
2026-05-24 02:18:22 | INFO | prediction_worker | Processing headline: Best Power Banks (2026): My Picks After Testing Over 100
2026-05-24 02:18:22 | INFO | prediction_worker | Prediction complete → Positive
2026-05-24 02:18:22 | INFO | prediction_worker | Saved to Supabase
2026-05-24 02:18:22 | INFO | prediction_worker | Published prediction event
2026-05-24 02:18:22 | INFO | prediction_worker | Processing headline: Memorial Day Dyson Vacuum Deals: V15 Detect, Gen5Detect, PencilVac On Sale
2026-05-24 02:18:22 | INFO | prediction_worker | Prediction complete → Positive
2026-05-24 02:18:23 | INFO | prediction_worker | Saved to Supabase
2026-05-24 02:18:23 | INFO | prediction_worker | Published prediction event
2026-05-24 02:18:23 | INFO | prediction_worker | Processing headline: L.L.Bean's Zip Hunter's Tote Is the Only Carryall You Need
2026-05-24 02:18:23 | INFO | prediction_worker | Prediction complete → Neutral
2026-05-24 02:18:23 | INFO | prediction_worker | Saved to Supabase
2026-05-24 02:18:23 | INFO | prediction_worker | Published prediction event
2026-05-24 02:18:23 | INFO | prediction_worker | Processing headline: Quantum ‘Jamming’ Could Help Unlock the Mysteries of Causality
2026-05-24 02:18:23 | INFO | prediction_worker | Prediction complete → Neutral
2026-05-24 02:18:23 | INFO | prediction_worker | Saved to Supabase
2026-05-24 02:18:23 | INFO | prediction_worker | Published prediction event
2026-05-24 02:18:23 | INFO | prediction_worker | Processing headline: The Best Smart Sprinklers and Irrigation Systems: In-Ground Sprinklers, Hose Tim
2026-05-24 02:18:23 | INFO | prediction_worker | Prediction complete → Positive
2026-05-24 02:18:24 | INFO | prediction_worker | Saved to Supabase
2026-05-24 02:18:24 | INFO | prediction_worker | Published prediction event
2026-05-24 02:18:24 | INFO | prediction_worker | Processing headline: The FBI Wants ‘Near Real-Time’ Access to US License Plate Readers
2026-05-24 02:18:24 | INFO | prediction_worker | Prediction complete → Neutral
2026-05-24 02:18:24 | INFO | prediction_worker | Saved to Supabase
2026-05-24 02:18:24 | INFO | prediction_worker | Published prediction event
2026-05-24 02:18:24 | INFO | prediction_worker | Processing headline: Cosmic Voids May Contain the Universe’s Best Secrets
2026-05-24 02:18:24 | INFO | prediction_worker | Prediction complete → Positive
2026-05-24 02:18:24 | INFO | prediction_worker | Saved to Supabase
2026-05-24 02:18:24 | INFO | prediction_worker | Published prediction event
2026-05-24 02:18:24 | INFO | prediction_worker | Processing headline: Best Memorial Day Deals: Garmin, Birdfy, Branch (2026)
2026-05-24 02:18:24 | INFO | prediction_worker | Prediction complete → Positive
2026-05-24 02:18:25 | INFO | prediction_worker | Saved to Supabase
2026-05-24 02:18:25 | INFO | prediction_worker | Published prediction event
2026-05-24 02:18:25 | INFO | prediction_worker | Processing headline: A 'Golden Orb' on the Ocean Floor Came From a Mysterious Animal
2026-05-24 02:18:25 | INFO | prediction_worker | Prediction complete → Neutral
2026-05-24 02:18:25 | INFO | prediction_worker | Saved to Supabase
2026-05-24 02:18:25 | INFO | prediction_worker | Published prediction event
2026-05-24 02:18:25 | INFO | prediction_worker | Processing headline: All Vehicles Sold in the EU Must Be Able to Hook Up to a Breathalyzer
2026-05-24 02:18:25 | INFO | prediction_worker | Prediction complete → Negative
2026-05-24 02:18:25 | INFO | prediction_worker | Saved to Supabase
2026-05-24 02:18:25 | INFO | prediction_worker | Published prediction event
2026-05-24 02:18:25 | INFO | prediction_worker | Processing headline: SpaceX's Starship V3—still a work in progress—mostly successful on first flight
2026-05-24 02:18:25 | INFO | prediction_worker | Prediction complete → Neutral
2026-05-24 02:18:26 | INFO | prediction_worker | Saved to Supabase
2026-05-24 02:18:26 | INFO | prediction_worker | Published prediction event
2026-05-24 02:18:26 | INFO | prediction_worker | Processing headline: Two space shuttle-era spacewalkers enter Astronaut Hall of Fame
2026-05-24 02:18:26 | INFO | prediction_worker | Prediction complete → Neutral
2026-05-24 02:18:26 | INFO | prediction_worker | Saved to Supabase
2026-05-24 02:18:26 | INFO | prediction_worker | Published prediction event
2026-05-24 02:18:26 | INFO | prediction_worker | Processing headline: China’s shark finning could lead to US seafood sanctions
2026-05-24 02:18:26 | INFO | prediction_worker | Prediction complete → Neutral
2026-05-24 02:18:26 | INFO | prediction_worker | Saved to Supabase
2026-05-24 02:18:26 | INFO | prediction_worker | Published prediction event
2026-05-24 02:18:26 | INFO | prediction_worker | Processing headline: Four Russian satellites are now within striking distance of an ICEYE radarsat
2026-05-24 02:18:26 | INFO | prediction_worker | Prediction complete → Neutral
2026-05-24 02:18:26 | INFO | prediction_worker | Saved to Supabase
2026-05-24 02:18:27 | INFO | prediction_worker | Published prediction event
2026-05-24 02:18:27 | INFO | prediction_worker | Processing headline: Ebola outbreak now third largest recorded and "spreading rapidly"
2026-05-24 02:18:27 | INFO | prediction_worker | Prediction complete → Negative
2026-05-24 02:18:27 | INFO | prediction_worker | Saved to Supabase
2026-05-24 02:18:27 | INFO | prediction_worker | Published prediction event
2026-05-24 02:18:27 | INFO | prediction_worker | Processing headline: First-generation Chromecast users stressed by devices suddenly failing
2026-05-24 02:18:27 | INFO | prediction_worker | Prediction complete → Neutral
2026-05-24 02:18:27 | INFO | prediction_worker | Saved to Supabase
2026-05-24 02:18:27 | INFO | prediction_worker | Published prediction event
2026-05-24 02:18:27 | INFO | prediction_worker | Processing headline: Trump FCC asks public to comment on whether ABC's The View is a news show
2026-05-24 02:18:27 | INFO | prediction_worker | Prediction complete → Neutral
2026-05-24 02:18:27 | INFO | prediction_worker | Saved to Supabase
2026-05-24 02:18:27 | INFO | prediction_worker | Published prediction event
2026-05-24 02:18:28 | INFO | prediction_worker | Processing headline: US scrambles to stop Internet users re-creating dead pilots’ voices
2026-05-24 02:18:28 | INFO | prediction_worker | Prediction complete → Negative
2026-05-24 02:18:28 | INFO | prediction_worker | Saved to Supabase
2026-05-24 02:18:28 | INFO | prediction_worker | Published prediction event
2026-05-24 02:18:28 | INFO | prediction_worker | Processing headline: The Boys is dead. Long live Vought Rising.
2026-05-24 02:18:28 | INFO | prediction_worker | Prediction complete → Positive
2026-05-24 02:18:28 | INFO | prediction_worker | Saved to Supabase
2026-05-24 02:18:28 | INFO | prediction_worker | Published prediction event
2026-05-24 02:18:28 | INFO | prediction_worker | Processing headline: Police boast of hacking VPN where criminals "believed themselves to be safe"
2026-05-24 02:18:28 | INFO | prediction_worker | Prediction complete → Negative
2026-05-24 02:18:28 | INFO | prediction_worker | Saved to Supabase
2026-05-24 02:18:29 | INFO | prediction_worker | Published prediction event
2026-05-24 02:19:21 | INFO | prediction_worker | Processing headline: SolarSquare in talks to raise up to $60M as India’s rooftop solar market draws m
2026-05-24 02:19:21 | INFO | prediction_worker | Prediction complete → Neutral
2026-05-24 02:19:22 | INFO | prediction_worker | Saved to Supabase
2026-05-24 02:19:22 | INFO | prediction_worker | Published prediction event
2026-05-24 02:19:22 | INFO | prediction_worker | Processing headline: These special phone and app features can help protect you from spyware
2026-05-24 02:19:22 | INFO | prediction_worker | Prediction complete → Positive
2026-05-24 02:19:22 | INFO | prediction_worker | Saved to Supabase
2026-05-24 02:19:22 | INFO | prediction_worker | Published prediction event
2026-05-24 02:19:22 | INFO | prediction_worker | Processing headline: Ferrari is using IBM’s AI to create F1 superfans
2026-05-24 02:19:22 | INFO | prediction_worker | Prediction complete → Neutral
2026-05-24 02:19:22 | INFO | prediction_worker | Saved to Supabase
2026-05-24 02:19:22 | INFO | prediction_worker | Published prediction event
2026-05-24 02:19:22 | INFO | prediction_worker | Processing headline: Nuclear startup Deep Fission says it’s going public, again, and I have questions
2026-05-24 02:19:22 | INFO | prediction_worker | Prediction complete → Neutral
2026-05-24 02:19:22 | INFO | prediction_worker | Saved to Supabase
2026-05-24 02:19:23 | INFO | prediction_worker | Published prediction event
2026-05-24 02:19:23 | INFO | prediction_worker | Processing headline: Elon Musk has given up on solar power (on Earth)
2026-05-24 02:19:23 | INFO | prediction_worker | Prediction complete → Neutral
2026-05-24 02:19:23 | INFO | prediction_worker | Saved to Supabase
2026-05-24 02:19:23 | INFO | prediction_worker | Published prediction event
2026-05-24 02:19:23 | INFO | prediction_worker | Processing headline: Peec, one of Berlin’s rising startups, more than doubled annualized revenue in m
2026-05-24 02:19:23 | INFO | prediction_worker | Prediction complete → Neutral
2026-05-24 02:19:23 | INFO | prediction_worker | Saved to Supabase
2026-05-24 02:19:23 | INFO | prediction_worker | Published prediction event
2026-05-24 02:19:23 | INFO | prediction_worker | Processing headline: AI is being used to resurrect the voices of dead pilots
2026-05-24 02:19:23 | INFO | prediction_worker | Prediction complete → Neutral
2026-05-24 02:19:23 | INFO | prediction_worker | Saved to Supabase
2026-05-24 02:19:23 | INFO | prediction_worker | Published prediction event
2026-05-24 02:19:23 | INFO | prediction_worker | Processing headline: SpaceX launches Starship V3 for the first time, but loses booster on return
2026-05-24 02:19:23 | INFO | prediction_worker | Prediction complete → Neutral
2026-05-24 02:19:23 | INFO | prediction_worker | Saved to Supabase
2026-05-24 02:19:23 | INFO | prediction_worker | Published prediction event
2026-05-24 02:19:23 | INFO | prediction_worker | Processing headline: Blue Origin cleared to fly New Glenn mega-rocket after April mishap
2026-05-24 02:19:23 | INFO | prediction_worker | Prediction complete → Neutral
2026-05-24 02:19:24 | INFO | prediction_worker | Saved to Supabase
2026-05-24 02:19:24 | INFO | prediction_worker | Published prediction event
2026-05-24 02:19:24 | INFO | prediction_worker | Processing headline: Google goes for the glitter with disco-ball icons: ‘Are y’all sure you still wan
2026-05-24 02:19:24 | INFO | prediction_worker | Prediction complete → Neutral
2026-05-24 02:19:24 | INFO | prediction_worker | Saved to Supabase
2026-05-24 02:19:24 | INFO | prediction_worker | Published prediction event
2026-05-24 02:19:24 | INFO | prediction_worker | Processing headline: The man behind the legendary MPC, Roger Linn, stays focused with a single browse
2026-05-24 02:19:24 | INFO | prediction_worker | Prediction complete → Neutral
2026-05-24 02:19:24 | INFO | prediction_worker | Saved to Supabase
2026-05-24 02:19:24 | INFO | prediction_worker | Published prediction event
2026-05-24 02:19:24 | INFO | prediction_worker | Processing headline: Here are 38 Memorial Day deals we recommend for $50 or less
2026-05-24 02:19:24 | INFO | prediction_worker | Prediction complete → Positive
2026-05-24 02:19:24 | INFO | prediction_worker | Saved to Supabase
2026-05-24 02:19:25 | INFO | prediction_worker | Published prediction event
2026-05-24 02:19:25 | INFO | prediction_worker | Processing headline: Hanging out in my favorite virtual coffee shop in Tokyo
2026-05-24 02:19:25 | INFO | prediction_worker | Prediction complete → Positive
2026-05-24 02:19:25 | INFO | prediction_worker | Saved to Supabase
2026-05-24 02:19:25 | INFO | prediction_worker | Published prediction event
2026-05-24 02:19:25 | INFO | prediction_worker | Processing headline: I have a new go-to browser
2026-05-24 02:19:25 | INFO | prediction_worker | Prediction complete → Positive
2026-05-24 02:19:25 | INFO | prediction_worker | Saved to Supabase
2026-05-24 02:19:25 | INFO | prediction_worker | Published prediction event
2026-05-24 02:19:25 | INFO | prediction_worker | Processing headline: Google’s new anything-to-anything AI model is wild
2026-05-24 02:19:25 | INFO | prediction_worker | Prediction complete → Positive
2026-05-24 02:19:25 | INFO | prediction_worker | Saved to Supabase
2026-05-24 02:19:25 | INFO | prediction_worker | Published prediction event
2026-05-24 02:19:26 | INFO | prediction_worker | Processing headline: Google&#8217;s AI search is so broken it can &#8216;disregard&#8217; what you&#8
2026-05-24 02:19:26 | INFO | prediction_worker | Prediction complete → Neutral
2026-05-24 02:19:26 | INFO | prediction_worker | Saved to Supabase
2026-05-24 02:19:26 | INFO | prediction_worker | Published prediction event
2026-05-24 02:19:26 | INFO | prediction_worker | Processing headline: Twelve South’s AirFly Pro 2 has hit one of its best prices ahead of summer trave
2026-05-24 02:19:26 | INFO | prediction_worker | Prediction complete → Positive
2026-05-24 02:19:26 | INFO | prediction_worker | Saved to Supabase
2026-05-24 02:19:26 | INFO | prediction_worker | Published prediction event
2026-05-24 02:19:26 | INFO | prediction_worker | Processing headline: Meta’s Forum is part Reddit, part Facebook, and part Google AI Overview
2026-05-24 02:19:26 | INFO | prediction_worker | Prediction complete → Neutral
2026-05-24 02:19:26 | INFO | prediction_worker | Saved to Supabase
2026-05-24 02:19:26 | INFO | prediction_worker | Published prediction event
2026-05-24 02:19:26 | INFO | prediction_worker | Processing headline: Elon, stop trying to make Grok happen
2026-05-24 02:19:26 | INFO | prediction_worker | Prediction complete → Neutral
2026-05-24 02:19:26 | INFO | prediction_worker | Saved to Supabase
2026-05-24 02:19:27 | INFO | prediction_worker | Published prediction event
2026-05-24 02:19:27 | INFO | prediction_worker | Processing headline: The best Memorial Day sales you can shop this weekend
2026-05-24 02:19:27 | INFO | prediction_worker | Prediction complete → Positive
2026-05-24 02:19:27 | INFO | prediction_worker | Saved to Supabase
2026-05-24 02:19:27 | INFO | prediction_worker | Published prediction event
2026-05-24 02:19:27 | INFO | prediction_worker | Processing headline: Best Power Banks (2026): My Picks After Testing Over 100
2026-05-24 02:19:27 | INFO | prediction_worker | Prediction complete → Positive
2026-05-24 02:19:27 | INFO | prediction_worker | Saved to Supabase
2026-05-24 02:19:27 | INFO | prediction_worker | Published prediction event
2026-05-24 02:19:27 | INFO | prediction_worker | Processing headline: Memorial Day Dyson Vacuum Deals: V15 Detect, Gen5Detect, PencilVac On Sale
2026-05-24 02:19:27 | INFO | prediction_worker | Prediction complete → Positive
2026-05-24 02:19:27 | INFO | prediction_worker | Saved to Supabase
2026-05-24 02:19:27 | INFO | prediction_worker | Published prediction event
2026-05-24 02:19:27 | INFO | prediction_worker | Processing headline: L.L.Bean's Zip Hunter's Tote Is the Only Carryall You Need
2026-05-24 02:19:27 | INFO | prediction_worker | Prediction complete → Neutral
2026-05-24 02:19:28 | INFO | prediction_worker | Saved to Supabase
2026-05-24 02:19:28 | INFO | prediction_worker | Published prediction event
2026-05-24 02:19:28 | INFO | prediction_worker | Processing headline: Quantum ‘Jamming’ Could Help Unlock the Mysteries of Causality
2026-05-24 02:19:28 | INFO | prediction_worker | Prediction complete → Neutral
2026-05-24 02:19:28 | INFO | prediction_worker | Saved to Supabase
2026-05-24 02:19:28 | INFO | prediction_worker | Published prediction event
2026-05-24 02:19:28 | INFO | prediction_worker | Processing headline: The Best Smart Sprinklers and Irrigation Systems: In-Ground Sprinklers, Hose Tim
2026-05-24 02:19:28 | INFO | prediction_worker | Prediction complete → Positive
2026-05-24 02:19:28 | INFO | prediction_worker | Saved to Supabase
2026-05-24 02:19:28 | INFO | prediction_worker | Published prediction event
2026-05-24 02:19:28 | INFO | prediction_worker | Processing headline: The FBI Wants ‘Near Real-Time’ Access to US License Plate Readers
2026-05-24 02:19:28 | INFO | prediction_worker | Prediction complete → Neutral
2026-05-24 02:19:28 | INFO | prediction_worker | Saved to Supabase
2026-05-24 02:19:28 | INFO | prediction_worker | Published prediction event
2026-05-24 02:19:28 | INFO | prediction_worker | Processing headline: Cosmic Voids May Contain the Universe’s Best Secrets
2026-05-24 02:19:28 | INFO | prediction_worker | Prediction complete → Positive
2026-05-24 02:19:29 | INFO | prediction_worker | Saved to Supabase
2026-05-24 02:19:29 | INFO | prediction_worker | Published prediction event
2026-05-24 02:19:29 | INFO | prediction_worker | Processing headline: Best Memorial Day Deals: Garmin, Birdfy, Branch (2026)
2026-05-24 02:19:29 | INFO | prediction_worker | Prediction complete → Positive
2026-05-24 02:19:29 | INFO | prediction_worker | Saved to Supabase
2026-05-24 02:19:29 | INFO | prediction_worker | Published prediction event
2026-05-24 02:19:29 | INFO | prediction_worker | Processing headline: A 'Golden Orb' on the Ocean Floor Came From a Mysterious Animal
2026-05-24 02:19:29 | INFO | prediction_worker | Prediction complete → Neutral
2026-05-24 02:19:29 | INFO | prediction_worker | Saved to Supabase
2026-05-24 02:19:29 | INFO | prediction_worker | Published prediction event
2026-05-24 02:19:29 | INFO | prediction_worker | Processing headline: All Vehicles Sold in the EU Must Be Able to Hook Up to a Breathalyzer
2026-05-24 02:19:29 | INFO | prediction_worker | Prediction complete → Negative
2026-05-24 02:19:29 | INFO | prediction_worker | Saved to Supabase
2026-05-24 02:19:29 | INFO | prediction_worker | Published prediction event
2026-05-24 02:19:29 | INFO | prediction_worker | Processing headline: SpaceX's Starship V3—still a work in progress—mostly successful on first flight
2026-05-24 02:19:29 | INFO | prediction_worker | Prediction complete → Neutral
2026-05-24 02:19:30 | INFO | prediction_worker | Saved to Supabase
2026-05-24 02:19:30 | INFO | prediction_worker | Published prediction event
2026-05-24 02:19:30 | INFO | prediction_worker | Processing headline: Two space shuttle-era spacewalkers enter Astronaut Hall of Fame
2026-05-24 02:19:30 | INFO | prediction_worker | Prediction complete → Neutral
2026-05-24 02:19:30 | INFO | prediction_worker | Saved to Supabase
2026-05-24 02:19:30 | INFO | prediction_worker | Published prediction event
2026-05-24 02:19:30 | INFO | prediction_worker | Processing headline: China’s shark finning could lead to US seafood sanctions
2026-05-24 02:19:30 | INFO | prediction_worker | Prediction complete → Neutral
2026-05-24 02:19:30 | INFO | prediction_worker | Saved to Supabase
2026-05-24 02:19:30 | INFO | prediction_worker | Published prediction event
2026-05-24 02:19:30 | INFO | prediction_worker | Processing headline: Four Russian satellites are now within striking distance of an ICEYE radarsat
2026-05-24 02:19:30 | INFO | prediction_worker | Prediction complete → Neutral
2026-05-24 02:19:30 | INFO | prediction_worker | Saved to Supabase
2026-05-24 02:19:30 | INFO | prediction_worker | Published prediction event
2026-05-24 02:19:30 | INFO | prediction_worker | Processing headline: Ebola outbreak now third largest recorded and "spreading rapidly"
2026-05-24 02:19:30 | INFO | prediction_worker | Prediction complete → Negative
2026-05-24 02:19:31 | INFO | prediction_worker | Saved to Supabase
2026-05-24 02:19:31 | INFO | prediction_worker | Published prediction event
2026-05-24 02:19:31 | INFO | prediction_worker | Processing headline: First-generation Chromecast users stressed by devices suddenly failing
2026-05-24 02:19:31 | INFO | prediction_worker | Prediction complete → Neutral
2026-05-24 02:19:31 | INFO | prediction_worker | Saved to Supabase
2026-05-24 02:19:31 | INFO | prediction_worker | Published prediction event
2026-05-24 02:19:31 | INFO | prediction_worker | Processing headline: Trump FCC asks public to comment on whether ABC's The View is a news show
2026-05-24 02:19:31 | INFO | prediction_worker | Prediction complete → Neutral
2026-05-24 02:19:31 | INFO | prediction_worker | Saved to Supabase
2026-05-24 02:19:31 | INFO | prediction_worker | Published prediction event
2026-05-24 02:19:31 | INFO | prediction_worker | Processing headline: US scrambles to stop Internet users re-creating dead pilots’ voices
2026-05-24 02:19:31 | INFO | prediction_worker | Prediction complete → Negative
2026-05-24 02:19:31 | INFO | prediction_worker | Saved to Supabase
2026-05-24 02:19:31 | INFO | prediction_worker | Published prediction event
2026-05-24 02:19:31 | INFO | prediction_worker | Processing headline: The Boys is dead. Long live Vought Rising.
2026-05-24 02:19:31 | INFO | prediction_worker | Prediction complete → Positive
2026-05-24 02:19:32 | INFO | prediction_worker | Saved to Supabase
2026-05-24 02:19:32 | INFO | prediction_worker | Published prediction event
2026-05-24 02:19:32 | INFO | prediction_worker | Processing headline: Police boast of hacking VPN where criminals "believed themselves to be safe"
2026-05-24 02:19:32 | INFO | prediction_worker | Prediction complete → Negative
2026-05-24 02:19:32 | INFO | prediction_worker | Saved to Supabase
2026-05-24 02:19:32 | INFO | prediction_worker | Published prediction event
2026-05-24 02:20:25 | INFO | prediction_worker | Processing headline: SolarSquare in talks to raise up to $60M as India’s rooftop solar market draws m
2026-05-24 02:20:25 | INFO | prediction_worker | Prediction complete → Neutral
2026-05-24 02:20:26 | INFO | prediction_worker | Saved to Supabase
2026-05-24 02:20:26 | INFO | prediction_worker | Published prediction event
2026-05-24 02:20:26 | INFO | prediction_worker | Processing headline: These special phone and app features can help protect you from spyware
2026-05-24 02:20:26 | INFO | prediction_worker | Prediction complete → Positive
2026-05-24 02:20:26 | INFO | prediction_worker | Saved to Supabase
2026-05-24 02:20:26 | INFO | prediction_worker | Published prediction event
2026-05-24 02:20:26 | INFO | prediction_worker | Processing headline: Ferrari is using IBM’s AI to create F1 superfans
2026-05-24 02:20:26 | INFO | prediction_worker | Prediction complete → Neutral
2026-05-24 02:20:26 | INFO | prediction_worker | Saved to Supabase
2026-05-24 02:20:26 | INFO | prediction_worker | Published prediction event
2026-05-24 02:20:26 | INFO | prediction_worker | Processing headline: Nuclear startup Deep Fission says it’s going public, again, and I have questions
2026-05-24 02:20:26 | INFO | prediction_worker | Prediction complete → Neutral
2026-05-24 02:20:26 | INFO | prediction_worker | Saved to Supabase
2026-05-24 02:20:26 | INFO | prediction_worker | Published prediction event
2026-05-24 02:20:26 | INFO | prediction_worker | Processing headline: Elon Musk has given up on solar power (on Earth)
2026-05-24 02:20:26 | INFO | prediction_worker | Prediction complete → Neutral
2026-05-24 02:20:27 | INFO | prediction_worker | Saved to Supabase
2026-05-24 02:20:27 | INFO | prediction_worker | Published prediction event
2026-05-24 02:20:27 | INFO | prediction_worker | Processing headline: Peec, one of Berlin’s rising startups, more than doubled annualized revenue in m
2026-05-24 02:20:27 | INFO | prediction_worker | Prediction complete → Neutral
2026-05-24 02:20:27 | INFO | prediction_worker | Saved to Supabase
2026-05-24 02:20:27 | INFO | prediction_worker | Published prediction event
2026-05-24 02:20:27 | INFO | prediction_worker | Processing headline: AI is being used to resurrect the voices of dead pilots
2026-05-24 02:20:27 | INFO | prediction_worker | Prediction complete → Neutral
2026-05-24 02:20:27 | INFO | prediction_worker | Saved to Supabase
2026-05-24 02:20:27 | INFO | prediction_worker | Published prediction event
2026-05-24 02:20:27 | INFO | prediction_worker | Processing headline: SpaceX launches Starship V3 for the first time, but loses booster on return
2026-05-24 02:20:27 | INFO | prediction_worker | Prediction complete → Neutral
2026-05-24 02:20:27 | INFO | prediction_worker | Saved to Supabase
2026-05-24 02:20:27 | INFO | prediction_worker | Published prediction event
2026-05-24 02:20:27 | INFO | prediction_worker | Processing headline: Blue Origin cleared to fly New Glenn mega-rocket after April mishap
2026-05-24 02:20:27 | INFO | prediction_worker | Prediction complete → Neutral
2026-05-24 02:20:27 | INFO | prediction_worker | Saved to Supabase
2026-05-24 02:20:28 | INFO | prediction_worker | Published prediction event
2026-05-24 02:20:28 | INFO | prediction_worker | Processing headline: Google goes for the glitter with disco-ball icons: ‘Are y’all sure you still wan
2026-05-24 02:20:28 | INFO | prediction_worker | Prediction complete → Neutral
2026-05-24 02:20:28 | INFO | prediction_worker | Saved to Supabase
2026-05-24 02:20:28 | INFO | prediction_worker | Published prediction event
2026-05-24 02:20:28 | INFO | prediction_worker | Processing headline: The man behind the legendary MPC, Roger Linn, stays focused with a single browse
2026-05-24 02:20:28 | INFO | prediction_worker | Prediction complete → Neutral
2026-05-24 02:20:28 | INFO | prediction_worker | Saved to Supabase
2026-05-24 02:20:28 | INFO | prediction_worker | Published prediction event
2026-05-24 02:20:28 | INFO | prediction_worker | Processing headline: Here are 38 Memorial Day deals we recommend for $50 or less
2026-05-24 02:20:28 | INFO | prediction_worker | Prediction complete → Positive
2026-05-24 02:20:28 | INFO | prediction_worker | Saved to Supabase
2026-05-24 02:20:28 | INFO | prediction_worker | Published prediction event
2026-05-24 02:20:28 | INFO | prediction_worker | Processing headline: Hanging out in my favorite virtual coffee shop in Tokyo
2026-05-24 02:20:28 | INFO | prediction_worker | Prediction complete → Positive
2026-05-24 02:20:28 | INFO | prediction_worker | Saved to Supabase
2026-05-24 02:20:28 | INFO | prediction_worker | Published prediction event
2026-05-24 02:20:28 | INFO | prediction_worker | Processing headline: I have a new go-to browser
2026-05-24 02:20:28 | INFO | prediction_worker | Prediction complete → Positive
2026-05-24 02:20:29 | INFO | prediction_worker | Saved to Supabase
2026-05-24 02:20:29 | INFO | prediction_worker | Published prediction event
2026-05-24 02:20:29 | INFO | prediction_worker | Processing headline: Google’s new anything-to-anything AI model is wild
2026-05-24 02:20:29 | INFO | prediction_worker | Prediction complete → Positive
2026-05-24 02:20:29 | INFO | prediction_worker | Saved to Supabase
2026-05-24 02:20:29 | INFO | prediction_worker | Published prediction event
2026-05-24 02:20:29 | INFO | prediction_worker | Processing headline: Google&#8217;s AI search is so broken it can &#8216;disregard&#8217; what you&#8
2026-05-24 02:20:29 | INFO | prediction_worker | Prediction complete → Neutral
2026-05-24 02:20:29 | INFO | prediction_worker | Saved to Supabase
2026-05-24 02:20:29 | INFO | prediction_worker | Published prediction event
2026-05-24 02:20:29 | INFO | prediction_worker | Processing headline: Twelve South’s AirFly Pro 2 has hit one of its best prices ahead of summer trave
2026-05-24 02:20:29 | INFO | prediction_worker | Prediction complete → Positive
2026-05-24 02:20:30 | INFO | prediction_worker | Saved to Supabase
2026-05-24 02:20:30 | INFO | prediction_worker | Published prediction event
2026-05-24 02:20:30 | INFO | prediction_worker | Processing headline: Meta’s Forum is part Reddit, part Facebook, and part Google AI Overview
2026-05-24 02:20:30 | INFO | prediction_worker | Prediction complete → Neutral
2026-05-24 02:20:30 | INFO | prediction_worker | Saved to Supabase
2026-05-24 02:20:30 | INFO | prediction_worker | Published prediction event
2026-05-24 02:20:30 | INFO | prediction_worker | Processing headline: Elon, stop trying to make Grok happen
2026-05-24 02:20:30 | INFO | prediction_worker | Prediction complete → Neutral
2026-05-24 02:20:30 | INFO | prediction_worker | Saved to Supabase
2026-05-24 02:20:30 | INFO | prediction_worker | Published prediction event
2026-05-24 02:20:30 | INFO | prediction_worker | Processing headline: The best Memorial Day sales you can shop this weekend
2026-05-24 02:20:30 | INFO | prediction_worker | Prediction complete → Positive
2026-05-24 02:20:30 | INFO | prediction_worker | Saved to Supabase
2026-05-24 02:20:30 | INFO | prediction_worker | Published prediction event
2026-05-24 02:20:30 | INFO | prediction_worker | Processing headline: Best Power Banks (2026): My Picks After Testing Over 100
2026-05-24 02:20:30 | INFO | prediction_worker | Prediction complete → Positive
2026-05-24 02:20:31 | INFO | prediction_worker | Saved to Supabase
2026-05-24 02:20:31 | INFO | prediction_worker | Published prediction event
2026-05-24 02:20:31 | INFO | prediction_worker | Processing headline: Memorial Day Dyson Vacuum Deals: V15 Detect, Gen5Detect, PencilVac On Sale
2026-05-24 02:20:31 | INFO | prediction_worker | Prediction complete → Positive
2026-05-24 02:20:31 | INFO | prediction_worker | Saved to Supabase
2026-05-24 02:20:31 | INFO | prediction_worker | Published prediction event
2026-05-24 02:20:31 | INFO | prediction_worker | Processing headline: L.L.Bean's Zip Hunter's Tote Is the Only Carryall You Need
2026-05-24 02:20:31 | INFO | prediction_worker | Prediction complete → Neutral
2026-05-24 02:20:37 | INFO | prediction_worker | 🚀 Prediction worker started
2026-05-24 02:20:37 | INFO | prediction_worker | ✅ Sentiment model loaded
2026-05-24 02:21:30 | INFO | prediction_worker | Processing headline: SolarSquare in talks to raise up to $60M as India’s rooftop solar market draws m
2026-05-24 02:21:33 | INFO | prediction_worker | Prediction complete → Neutral
2026-05-24 02:21:34 | INFO | prediction_worker | Saved to Supabase
2026-05-24 02:21:34 | INFO | prediction_worker | Published prediction event
2026-05-24 02:21:34 | INFO | prediction_worker | Processing headline: These special phone and app features can help protect you from spyware
2026-05-24 02:21:34 | INFO | prediction_worker | Prediction complete → Positive
2026-05-24 02:21:34 | INFO | prediction_worker | Saved to Supabase
2026-05-24 02:21:34 | INFO | prediction_worker | Published prediction event
2026-05-24 02:21:34 | INFO | prediction_worker | Processing headline: Ferrari is using IBM’s AI to create F1 superfans
2026-05-24 02:21:34 | INFO | prediction_worker | Prediction complete → Neutral
2026-05-24 02:21:35 | INFO | prediction_worker | Saved to Supabase
2026-05-24 02:21:35 | INFO | prediction_worker | Published prediction event
2026-05-24 02:21:35 | INFO | prediction_worker | Processing headline: Nuclear startup Deep Fission says it’s going public, again, and I have questions
2026-05-24 02:21:35 | INFO | prediction_worker | Prediction complete → Neutral
2026-05-24 02:21:35 | INFO | prediction_worker | Saved to Supabase
2026-05-24 02:21:35 | INFO | prediction_worker | Published prediction event
2026-05-24 02:21:35 | INFO | prediction_worker | Processing headline: Elon Musk has given up on solar power (on Earth)
2026-05-24 02:21:35 | INFO | prediction_worker | Prediction complete → Neutral
2026-05-24 02:21:35 | INFO | prediction_worker | Saved to Supabase
2026-05-24 02:21:35 | INFO | prediction_worker | Published prediction event
2026-05-24 02:21:35 | INFO | prediction_worker | Processing headline: Peec, one of Berlin’s rising startups, more than doubled annualized revenue in m
2026-05-24 02:21:35 | INFO | prediction_worker | Prediction complete → Neutral
2026-05-24 02:21:36 | INFO | prediction_worker | Saved to Supabase
2026-05-24 02:21:36 | INFO | prediction_worker | Published prediction event
2026-05-24 02:21:36 | INFO | prediction_worker | Processing headline: AI is being used to resurrect the voices of dead pilots
2026-05-24 02:21:36 | INFO | prediction_worker | Prediction complete → Neutral
2026-05-24 02:21:36 | INFO | prediction_worker | Saved to Supabase
2026-05-24 02:21:36 | INFO | prediction_worker | Published prediction event
2026-05-24 02:21:36 | INFO | prediction_worker | Processing headline: SpaceX launches Starship V3 for the first time, but loses booster on return
2026-05-24 02:21:36 | INFO | prediction_worker | Prediction complete → Neutral
2026-05-24 02:21:36 | INFO | prediction_worker | Saved to Supabase
2026-05-24 02:21:36 | INFO | prediction_worker | Published prediction event
2026-05-24 02:21:36 | INFO | prediction_worker | Processing headline: Blue Origin cleared to fly New Glenn mega-rocket after April mishap
2026-05-24 02:21:36 | INFO | prediction_worker | Prediction complete → Neutral
2026-05-24 02:21:36 | INFO | prediction_worker | Saved to Supabase
2026-05-24 02:21:37 | INFO | prediction_worker | Published prediction event
2026-05-24 02:21:37 | INFO | prediction_worker | Processing headline: Google goes for the glitter with disco-ball icons: ‘Are y’all sure you still wan
2026-05-24 02:21:37 | INFO | prediction_worker | Prediction complete → Neutral
2026-05-24 02:21:37 | INFO | prediction_worker | Saved to Supabase
2026-05-24 02:21:37 | INFO | prediction_worker | Published prediction event
2026-05-24 02:21:37 | INFO | prediction_worker | Processing headline: The man behind the legendary MPC, Roger Linn, stays focused with a single browse
2026-05-24 02:21:37 | INFO | prediction_worker | Prediction complete → Neutral
2026-05-24 02:21:37 | INFO | prediction_worker | Saved to Supabase
2026-05-24 02:21:37 | INFO | prediction_worker | Published prediction event
2026-05-24 02:21:37 | INFO | prediction_worker | Processing headline: Here are 38 Memorial Day deals we recommend for $50 or less
2026-05-24 02:21:37 | INFO | prediction_worker | Prediction complete → Positive
2026-05-24 02:21:37 | INFO | prediction_worker | Saved to Supabase
2026-05-24 02:21:37 | INFO | prediction_worker | Published prediction event
2026-05-24 02:21:38 | INFO | prediction_worker | Processing headline: Hanging out in my favorite virtual coffee shop in Tokyo
2026-05-24 02:21:38 | INFO | prediction_worker | Prediction complete → Positive
2026-05-24 02:21:38 | INFO | prediction_worker | Saved to Supabase
2026-05-24 02:21:38 | INFO | prediction_worker | Published prediction event
2026-05-24 02:21:38 | INFO | prediction_worker | Processing headline: I have a new go-to browser
2026-05-24 02:21:38 | INFO | prediction_worker | Prediction complete → Positive
2026-05-24 02:21:38 | INFO | prediction_worker | Saved to Supabase
2026-05-24 02:21:38 | INFO | prediction_worker | Published prediction event
2026-05-24 02:21:38 | INFO | prediction_worker | Processing headline: Google’s new anything-to-anything AI model is wild
2026-05-24 02:21:38 | INFO | prediction_worker | Prediction complete → Positive
2026-05-24 02:21:38 | INFO | prediction_worker | Saved to Supabase
2026-05-24 02:21:38 | INFO | prediction_worker | Published prediction event
2026-05-24 02:21:38 | INFO | prediction_worker | Processing headline: Google&#8217;s AI search is so broken it can &#8216;disregard&#8217; what you&#8
2026-05-24 02:21:38 | INFO | prediction_worker | Prediction complete → Neutral
2026-05-24 02:21:38 | INFO | prediction_worker | Saved to Supabase
2026-05-24 02:21:39 | INFO | prediction_worker | Published prediction event
2026-05-24 02:21:39 | INFO | prediction_worker | Processing headline: Twelve South’s AirFly Pro 2 has hit one of its best prices ahead of summer trave
2026-05-24 02:21:39 | INFO | prediction_worker | Prediction complete → Positive
2026-05-24 02:21:39 | INFO | prediction_worker | Saved to Supabase
2026-05-24 02:21:39 | INFO | prediction_worker | Published prediction event
2026-05-24 02:21:39 | INFO | prediction_worker | Processing headline: Meta’s Forum is part Reddit, part Facebook, and part Google AI Overview
2026-05-24 02:21:39 | INFO | prediction_worker | Prediction complete → Neutral
2026-05-24 02:21:39 | INFO | prediction_worker | Saved to Supabase
2026-05-24 02:21:39 | INFO | prediction_worker | Published prediction event
2026-05-24 02:21:39 | INFO | prediction_worker | Processing headline: Elon, stop trying to make Grok happen
2026-05-24 02:21:39 | INFO | prediction_worker | Prediction complete → Neutral
2026-05-24 02:21:39 | INFO | prediction_worker | Saved to Supabase
2026-05-24 02:21:39 | INFO | prediction_worker | Published prediction event
2026-05-24 02:21:39 | INFO | prediction_worker | Processing headline: The best Memorial Day sales you can shop this weekend
2026-05-24 02:21:39 | INFO | prediction_worker | Prediction complete → Positive
2026-05-24 02:21:40 | INFO | prediction_worker | Saved to Supabase
2026-05-24 02:21:40 | INFO | prediction_worker | Published prediction event
2026-05-24 02:21:40 | INFO | prediction_worker | Processing headline: Best Power Banks (2026): My Picks After Testing Over 100
2026-05-24 02:21:40 | INFO | prediction_worker | Prediction complete → Positive
2026-05-24 02:21:40 | INFO | prediction_worker | Saved to Supabase
2026-05-24 02:21:40 | INFO | prediction_worker | Published prediction event
2026-05-24 02:21:40 | INFO | prediction_worker | Processing headline: Memorial Day Dyson Vacuum Deals: V15 Detect, Gen5Detect, PencilVac On Sale
2026-05-24 02:21:40 | INFO | prediction_worker | Prediction complete → Positive
2026-05-24 02:21:40 | INFO | prediction_worker | Saved to Supabase
2026-05-24 02:21:40 | INFO | prediction_worker | Published prediction event
2026-05-24 02:21:40 | INFO | prediction_worker | Processing headline: L.L.Bean's Zip Hunter's Tote Is the Only Carryall You Need
2026-05-24 02:21:40 | INFO | prediction_worker | Prediction complete → Neutral
2026-05-24 02:21:41 | INFO | prediction_worker | Saved to Supabase
2026-05-24 02:21:41 | INFO | prediction_worker | Published prediction event
2026-05-24 02:21:41 | INFO | prediction_worker | Processing headline: Quantum ‘Jamming’ Could Help Unlock the Mysteries of Causality
2026-05-24 02:21:41 | INFO | prediction_worker | Prediction complete → Neutral
2026-05-24 02:21:41 | INFO | prediction_worker | Saved to Supabase
2026-05-24 02:21:41 | INFO | prediction_worker | Published prediction event
2026-05-24 02:21:41 | INFO | prediction_worker | Processing headline: The Best Smart Sprinklers and Irrigation Systems: In-Ground Sprinklers, Hose Tim
2026-05-24 02:21:41 | INFO | prediction_worker | Prediction complete → Positive
2026-05-24 02:21:41 | INFO | prediction_worker | Saved to Supabase
2026-05-24 02:21:41 | INFO | prediction_worker | Published prediction event
2026-05-24 02:21:41 | INFO | prediction_worker | Processing headline: The FBI Wants ‘Near Real-Time’ Access to US License Plate Readers
2026-05-24 02:21:41 | INFO | prediction_worker | Prediction complete → Neutral
2026-05-24 02:21:41 | INFO | prediction_worker | Saved to Supabase
2026-05-24 02:21:41 | INFO | prediction_worker | Published prediction event
2026-05-24 02:21:42 | INFO | prediction_worker | Processing headline: Cosmic Voids May Contain the Universe’s Best Secrets
2026-05-24 02:21:42 | INFO | prediction_worker | Prediction complete → Positive
2026-05-24 02:21:42 | INFO | prediction_worker | Saved to Supabase
2026-05-24 02:21:42 | INFO | prediction_worker | Published prediction event
2026-05-24 02:21:42 | INFO | prediction_worker | Processing headline: Best Memorial Day Deals: Garmin, Birdfy, Branch (2026)
2026-05-24 02:21:42 | INFO | prediction_worker | Prediction complete → Positive
2026-05-24 02:21:42 | INFO | prediction_worker | Saved to Supabase
2026-05-24 02:21:42 | INFO | prediction_worker | Published prediction event
2026-05-24 02:21:42 | INFO | prediction_worker | Processing headline: A 'Golden Orb' on the Ocean Floor Came From a Mysterious Animal
2026-05-24 02:21:42 | INFO | prediction_worker | Prediction complete → Neutral
2026-05-24 02:21:42 | INFO | prediction_worker | Saved to Supabase
2026-05-24 02:21:42 | INFO | prediction_worker | Published prediction event
2026-05-24 02:21:42 | INFO | prediction_worker | Processing headline: All Vehicles Sold in the EU Must Be Able to Hook Up to a Breathalyzer
2026-05-24 02:21:42 | INFO | prediction_worker | Prediction complete → Negative
2026-05-24 02:21:43 | INFO | prediction_worker | Saved to Supabase
2026-05-24 02:21:43 | INFO | prediction_worker | Published prediction event
2026-05-24 02:21:43 | INFO | prediction_worker | Processing headline: SpaceX's Starship V3—still a work in progress—mostly successful on first flight
2026-05-24 02:21:43 | INFO | prediction_worker | Prediction complete → Neutral
2026-05-24 02:21:43 | INFO | prediction_worker | Saved to Supabase
2026-05-24 02:21:43 | INFO | prediction_worker | Published prediction event
2026-05-24 02:21:43 | INFO | prediction_worker | Processing headline: Two space shuttle-era spacewalkers enter Astronaut Hall of Fame
2026-05-24 02:21:43 | INFO | prediction_worker | Prediction complete → Neutral
2026-05-24 02:21:43 | INFO | prediction_worker | Saved to Supabase
2026-05-24 02:21:43 | INFO | prediction_worker | Published prediction event
2026-05-24 02:21:43 | INFO | prediction_worker | Processing headline: China’s shark finning could lead to US seafood sanctions
2026-05-24 02:21:43 | INFO | prediction_worker | Prediction complete → Neutral
2026-05-24 02:21:44 | INFO | prediction_worker | Saved to Supabase
2026-05-24 02:21:44 | INFO | prediction_worker | Published prediction event
2026-05-24 02:21:44 | INFO | prediction_worker | Processing headline: Four Russian satellites are now within striking distance of an ICEYE radarsat
2026-05-24 02:21:44 | INFO | prediction_worker | Prediction complete → Neutral
2026-05-24 02:21:44 | INFO | prediction_worker | Saved to Supabase
2026-05-24 02:21:44 | INFO | prediction_worker | Published prediction event
2026-05-24 02:21:44 | INFO | prediction_worker | Processing headline: Ebola outbreak now third largest recorded and "spreading rapidly"
2026-05-24 02:21:44 | INFO | prediction_worker | Prediction complete → Negative
2026-05-24 02:21:44 | INFO | prediction_worker | Saved to Supabase
2026-05-24 02:21:44 | INFO | prediction_worker | Published prediction event
2026-05-24 02:21:44 | INFO | prediction_worker | Processing headline: First-generation Chromecast users stressed by devices suddenly failing
2026-05-24 02:21:44 | INFO | prediction_worker | Prediction complete → Neutral
2026-05-24 02:21:44 | INFO | prediction_worker | Saved to Supabase
2026-05-24 02:21:44 | INFO | prediction_worker | Published prediction event
2026-05-24 02:21:44 | INFO | prediction_worker | Processing headline: Trump FCC asks public to comment on whether ABC's The View is a news show
2026-05-24 02:21:44 | INFO | prediction_worker | Prediction complete → Neutral
2026-05-24 02:21:45 | INFO | prediction_worker | Saved to Supabase
2026-05-24 02:21:45 | INFO | prediction_worker | Published prediction event
2026-05-24 02:21:45 | INFO | prediction_worker | Processing headline: US scrambles to stop Internet users re-creating dead pilots’ voices
2026-05-24 02:21:45 | INFO | prediction_worker | Prediction complete → Negative
2026-05-24 02:21:45 | INFO | prediction_worker | Saved to Supabase
2026-05-24 02:21:45 | INFO | prediction_worker | Published prediction event
2026-05-24 02:21:45 | INFO | prediction_worker | Processing headline: The Boys is dead. Long live Vought Rising.
2026-05-24 02:21:45 | INFO | prediction_worker | Prediction complete → Positive
2026-05-24 02:21:45 | INFO | prediction_worker | Saved to Supabase
2026-05-24 02:21:45 | INFO | prediction_worker | Published prediction event
2026-05-24 02:21:45 | INFO | prediction_worker | Processing headline: Police boast of hacking VPN where criminals "believed themselves to be safe"
2026-05-24 02:21:45 | INFO | prediction_worker | Prediction complete → Negative
2026-05-24 02:21:46 | INFO | prediction_worker | Saved to Supabase
2026-05-24 02:21:46 | INFO | prediction_worker | Published prediction event
2026-05-24 02:22:35 | INFO | prediction_worker | Processing headline: SolarSquare in talks to raise up to $60M as India’s rooftop solar market draws m
2026-05-24 02:22:35 | INFO | prediction_worker | Prediction complete → Neutral
2026-05-24 02:22:36 | INFO | prediction_worker | Saved to Supabase
2026-05-24 02:22:36 | INFO | prediction_worker | Published prediction event
2026-05-24 02:22:36 | INFO | prediction_worker | Processing headline: These special phone and app features can help protect you from spyware
2026-05-24 02:22:36 | INFO | prediction_worker | Prediction complete → Positive
2026-05-24 02:22:36 | INFO | prediction_worker | Saved to Supabase
2026-05-24 02:22:36 | INFO | prediction_worker | Published prediction event
2026-05-24 02:22:36 | INFO | prediction_worker | Processing headline: Ferrari is using IBM’s AI to create F1 superfans
2026-05-24 02:22:36 | INFO | prediction_worker | Prediction complete → Neutral
2026-05-24 02:22:36 | INFO | prediction_worker | Saved to Supabase
2026-05-24 02:22:36 | INFO | prediction_worker | Published prediction event
2026-05-24 02:22:36 | INFO | prediction_worker | Processing headline: Nuclear startup Deep Fission says it’s going public, again, and I have questions
2026-05-24 02:22:36 | INFO | prediction_worker | Prediction complete → Neutral
2026-05-24 02:22:37 | INFO | prediction_worker | Saved to Supabase
2026-05-24 02:22:37 | INFO | prediction_worker | Published prediction event
2026-05-24 02:22:37 | INFO | prediction_worker | Processing headline: Elon Musk has given up on solar power (on Earth)
2026-05-24 02:22:37 | INFO | prediction_worker | Prediction complete → Neutral
2026-05-24 02:22:37 | INFO | prediction_worker | Saved to Supabase
2026-05-24 02:22:37 | INFO | prediction_worker | Published prediction event
2026-05-24 02:22:37 | INFO | prediction_worker | Processing headline: Peec, one of Berlin’s rising startups, more than doubled annualized revenue in m
2026-05-24 02:22:37 | INFO | prediction_worker | Prediction complete → Neutral
2026-05-24 02:22:37 | INFO | prediction_worker | Saved to Supabase
2026-05-24 02:22:37 | INFO | prediction_worker | Published prediction event
2026-05-24 02:22:37 | INFO | prediction_worker | Processing headline: AI is being used to resurrect the voices of dead pilots
2026-05-24 02:22:37 | INFO | prediction_worker | Prediction complete → Neutral
2026-05-24 02:22:37 | INFO | prediction_worker | Saved to Supabase
2026-05-24 02:22:37 | INFO | prediction_worker | Published prediction event
2026-05-24 02:22:37 | INFO | prediction_worker | Processing headline: SpaceX launches Starship V3 for the first time, but loses booster on return
2026-05-24 02:22:37 | INFO | prediction_worker | Prediction complete → Neutral
2026-05-24 02:22:38 | INFO | prediction_worker | Saved to Supabase
2026-05-24 02:22:38 | INFO | prediction_worker | Published prediction event
2026-05-24 02:22:38 | INFO | prediction_worker | Processing headline: Blue Origin cleared to fly New Glenn mega-rocket after April mishap
2026-05-24 02:22:38 | INFO | prediction_worker | Prediction complete → Neutral
2026-05-24 02:22:38 | INFO | prediction_worker | Saved to Supabase
2026-05-24 02:22:38 | INFO | prediction_worker | Published prediction event
2026-05-24 02:22:38 | INFO | prediction_worker | Processing headline: Google goes for the glitter with disco-ball icons: ‘Are y’all sure you still wan
2026-05-24 02:22:38 | INFO | prediction_worker | Prediction complete → Neutral
2026-05-24 02:22:38 | INFO | prediction_worker | Saved to Supabase
2026-05-24 02:22:38 | INFO | prediction_worker | Published prediction event
2026-05-24 02:22:38 | INFO | prediction_worker | Processing headline: The man behind the legendary MPC, Roger Linn, stays focused with a single browse
2026-05-24 02:22:38 | INFO | prediction_worker | Prediction complete → Neutral
2026-05-24 02:22:38 | INFO | prediction_worker | Saved to Supabase
2026-05-24 02:22:38 | INFO | prediction_worker | Published prediction event
2026-05-24 02:22:38 | INFO | prediction_worker | Processing headline: Here are 38 Memorial Day deals we recommend for $50 or less
2026-05-24 02:22:38 | INFO | prediction_worker | Prediction complete → Positive
2026-05-24 02:22:39 | INFO | prediction_worker | Saved to Supabase
2026-05-24 02:22:39 | INFO | prediction_worker | Published prediction event
2026-05-24 02:22:39 | INFO | prediction_worker | Processing headline: Hanging out in my favorite virtual coffee shop in Tokyo
2026-05-24 02:22:39 | INFO | prediction_worker | Prediction complete → Positive
2026-05-24 02:22:39 | INFO | prediction_worker | Saved to Supabase
2026-05-24 02:22:39 | INFO | prediction_worker | Published prediction event
2026-05-24 02:22:39 | INFO | prediction_worker | Processing headline: I have a new go-to browser
2026-05-24 02:22:39 | INFO | prediction_worker | Prediction complete → Positive
2026-05-24 02:22:39 | INFO | prediction_worker | Saved to Supabase
2026-05-24 02:22:39 | INFO | prediction_worker | Published prediction event
2026-05-24 02:22:39 | INFO | prediction_worker | Processing headline: Google’s new anything-to-anything AI model is wild
2026-05-24 02:22:39 | INFO | prediction_worker | Prediction complete → Positive
2026-05-24 02:22:40 | INFO | prediction_worker | Saved to Supabase
2026-05-24 02:22:40 | INFO | prediction_worker | Published prediction event
2026-05-24 02:22:40 | INFO | prediction_worker | Processing headline: Google&#8217;s AI search is so broken it can &#8216;disregard&#8217; what you&#8
2026-05-24 02:22:40 | INFO | prediction_worker | Prediction complete → Neutral
2026-05-24 02:22:40 | INFO | prediction_worker | Saved to Supabase
2026-05-24 02:22:40 | INFO | prediction_worker | Published prediction event
2026-05-24 02:22:40 | INFO | prediction_worker | Processing headline: Twelve South’s AirFly Pro 2 has hit one of its best prices ahead of summer trave
2026-05-24 02:22:40 | INFO | prediction_worker | Prediction complete → Positive
2026-05-24 02:22:40 | INFO | prediction_worker | Saved to Supabase
2026-05-24 02:22:40 | INFO | prediction_worker | Published prediction event
2026-05-24 02:22:40 | INFO | prediction_worker | Processing headline: Meta’s Forum is part Reddit, part Facebook, and part Google AI Overview
2026-05-24 02:22:40 | INFO | prediction_worker | Prediction complete → Neutral
2026-05-24 02:22:40 | INFO | prediction_worker | Saved to Supabase
2026-05-24 02:22:40 | INFO | prediction_worker | Published prediction event
2026-05-24 02:22:40 | INFO | prediction_worker | Processing headline: Elon, stop trying to make Grok happen
2026-05-24 02:22:40 | INFO | prediction_worker | Prediction complete → Neutral
2026-05-24 02:22:41 | INFO | prediction_worker | Saved to Supabase
2026-05-24 02:22:41 | INFO | prediction_worker | Published prediction event
2026-05-24 02:22:41 | INFO | prediction_worker | Processing headline: The best Memorial Day sales you can shop this weekend
2026-05-24 02:22:41 | INFO | prediction_worker | Prediction complete → Positive
2026-05-24 02:22:41 | INFO | prediction_worker | Saved to Supabase
2026-05-24 02:22:41 | INFO | prediction_worker | Published prediction event
2026-05-24 02:22:41 | INFO | prediction_worker | Processing headline: Best Power Banks (2026): My Picks After Testing Over 100
2026-05-24 02:22:41 | INFO | prediction_worker | Prediction complete → Positive
2026-05-24 02:22:41 | INFO | prediction_worker | Saved to Supabase
2026-05-24 02:22:41 | INFO | prediction_worker | Published prediction event
2026-05-24 02:22:41 | INFO | prediction_worker | Processing headline: Memorial Day Dyson Vacuum Deals: V15 Detect, Gen5Detect, PencilVac On Sale
2026-05-24 02:22:41 | INFO | prediction_worker | Prediction complete → Positive
2026-05-24 02:22:42 | INFO | prediction_worker | Saved to Supabase
2026-05-24 02:22:42 | INFO | prediction_worker | Published prediction event
2026-05-24 02:22:42 | INFO | prediction_worker | Processing headline: L.L.Bean's Zip Hunter's Tote Is the Only Carryall You Need
2026-05-24 02:22:42 | INFO | prediction_worker | Prediction complete → Neutral
2026-05-24 02:22:42 | INFO | prediction_worker | Saved to Supabase
2026-05-24 02:22:42 | INFO | prediction_worker | Published prediction event
2026-05-24 02:22:42 | INFO | prediction_worker | Processing headline: Quantum ‘Jamming’ Could Help Unlock the Mysteries of Causality
2026-05-24 02:22:42 | INFO | prediction_worker | Prediction complete → Neutral
2026-05-24 02:22:42 | INFO | prediction_worker | Saved to Supabase
2026-05-24 02:22:42 | INFO | prediction_worker | Published prediction event
2026-05-24 02:22:42 | INFO | prediction_worker | Processing headline: The Best Smart Sprinklers and Irrigation Systems: In-Ground Sprinklers, Hose Tim
2026-05-24 02:22:42 | INFO | prediction_worker | Prediction complete → Positive
2026-05-24 02:22:42 | INFO | prediction_worker | Saved to Supabase
2026-05-24 02:22:42 | INFO | prediction_worker | Published prediction event
2026-05-24 02:22:42 | INFO | prediction_worker | Processing headline: The FBI Wants ‘Near Real-Time’ Access to US License Plate Readers
2026-05-24 02:22:42 | INFO | prediction_worker | Prediction complete → Neutral
2026-05-24 02:22:43 | INFO | prediction_worker | Saved to Supabase
2026-05-24 02:22:43 | INFO | prediction_worker | Published prediction event
2026-05-24 02:22:43 | INFO | prediction_worker | Processing headline: Cosmic Voids May Contain the Universe’s Best Secrets
2026-05-24 02:22:43 | INFO | prediction_worker | Prediction complete → Positive
2026-05-24 02:22:43 | INFO | prediction_worker | Saved to Supabase
2026-05-24 02:22:43 | INFO | prediction_worker | Published prediction event
2026-05-24 02:22:43 | INFO | prediction_worker | Processing headline: Best Memorial Day Deals: Garmin, Birdfy, Branch (2026)
2026-05-24 02:22:43 | INFO | prediction_worker | Prediction complete → Positive
2026-05-24 02:22:43 | INFO | prediction_worker | Saved to Supabase
2026-05-24 02:22:43 | INFO | prediction_worker | Published prediction event
2026-05-24 02:22:43 | INFO | prediction_worker | Processing headline: A 'Golden Orb' on the Ocean Floor Came From a Mysterious Animal
2026-05-24 02:22:43 | INFO | prediction_worker | Prediction complete → Neutral
2026-05-24 02:22:44 | INFO | prediction_worker | Saved to Supabase
2026-05-24 02:22:44 | INFO | prediction_worker | Published prediction event
2026-05-24 02:22:44 | INFO | prediction_worker | Processing headline: All Vehicles Sold in the EU Must Be Able to Hook Up to a Breathalyzer
2026-05-24 02:22:44 | INFO | prediction_worker | Prediction complete → Negative
2026-05-24 02:22:44 | INFO | prediction_worker | Saved to Supabase
2026-05-24 02:22:44 | INFO | prediction_worker | Published prediction event
2026-05-24 02:22:44 | INFO | prediction_worker | Processing headline: SpaceX's Starship V3—still a work in progress—mostly successful on first flight
2026-05-24 02:22:44 | INFO | prediction_worker | Prediction complete → Neutral
2026-05-24 02:22:44 | INFO | prediction_worker | Saved to Supabase
2026-05-24 02:22:44 | INFO | prediction_worker | Published prediction event
2026-05-24 02:22:44 | INFO | prediction_worker | Processing headline: Two space shuttle-era spacewalkers enter Astronaut Hall of Fame
2026-05-24 02:22:44 | INFO | prediction_worker | Prediction complete → Neutral
2026-05-24 02:22:44 | INFO | prediction_worker | Saved to Supabase
2026-05-24 02:22:45 | INFO | prediction_worker | Published prediction event
2026-05-24 02:22:45 | INFO | prediction_worker | Processing headline: China’s shark finning could lead to US seafood sanctions
2026-05-24 02:22:45 | INFO | prediction_worker | Prediction complete → Neutral
2026-05-24 02:22:45 | INFO | prediction_worker | Saved to Supabase
2026-05-24 02:22:45 | INFO | prediction_worker | Published prediction event
2026-05-24 02:22:45 | INFO | prediction_worker | Processing headline: Four Russian satellites are now within striking distance of an ICEYE radarsat
2026-05-24 02:22:45 | INFO | prediction_worker | Prediction complete → Neutral
2026-05-24 02:22:45 | INFO | prediction_worker | Saved to Supabase
2026-05-24 02:22:45 | INFO | prediction_worker | Published prediction event
2026-05-24 02:22:45 | INFO | prediction_worker | Processing headline: Ebola outbreak now third largest recorded and "spreading rapidly"
2026-05-24 02:22:45 | INFO | prediction_worker | Prediction complete → Negative
2026-05-24 02:22:45 | INFO | prediction_worker | Saved to Supabase
2026-05-24 02:22:45 | INFO | prediction_worker | Published prediction event
2026-05-24 02:22:45 | INFO | prediction_worker | Processing headline: First-generation Chromecast users stressed by devices suddenly failing
2026-05-24 02:22:45 | INFO | prediction_worker | Prediction complete → Neutral
2026-05-24 02:22:46 | INFO | prediction_worker | Saved to Supabase
2026-05-24 02:22:46 | INFO | prediction_worker | Published prediction event
2026-05-24 02:22:46 | INFO | prediction_worker | Processing headline: Trump FCC asks public to comment on whether ABC's The View is a news show
2026-05-24 02:22:46 | INFO | prediction_worker | Prediction complete → Neutral
2026-05-24 02:22:46 | INFO | prediction_worker | Saved to Supabase
2026-05-24 02:22:46 | INFO | prediction_worker | Published prediction event
2026-05-24 02:22:46 | INFO | prediction_worker | Processing headline: US scrambles to stop Internet users re-creating dead pilots’ voices
2026-05-24 02:22:46 | INFO | prediction_worker | Prediction complete → Negative
2026-05-24 02:22:46 | INFO | prediction_worker | Saved to Supabase
2026-05-24 02:22:46 | INFO | prediction_worker | Published prediction event
2026-05-24 02:22:46 | INFO | prediction_worker | Processing headline: The Boys is dead. Long live Vought Rising.
2026-05-24 02:22:46 | INFO | prediction_worker | Prediction complete → Positive
2026-05-24 02:22:46 | INFO | prediction_worker | Saved to Supabase
2026-05-24 02:22:46 | INFO | prediction_worker | Published prediction event
2026-05-24 02:22:46 | INFO | prediction_worker | Processing headline: Police boast of hacking VPN where criminals "believed themselves to be safe"
2026-05-24 02:22:46 | INFO | prediction_worker | Prediction complete → Negative
2026-05-24 02:22:47 | INFO | prediction_worker | Saved to Supabase
2026-05-24 02:22:47 | INFO | prediction_worker | Published prediction event
2026-05-24 02:23:40 | INFO | prediction_worker | Processing headline: SolarSquare in talks to raise up to $60M as India’s rooftop solar market draws m
2026-05-24 02:23:40 | INFO | prediction_worker | Prediction complete → Neutral
2026-05-24 02:23:40 | INFO | prediction_worker | Saved to Supabase
2026-05-24 02:23:40 | INFO | prediction_worker | Published prediction event
2026-05-24 02:23:40 | INFO | prediction_worker | Processing headline: These special phone and app features can help protect you from spyware
2026-05-24 02:23:40 | INFO | prediction_worker | Prediction complete → Positive
2026-05-24 02:23:41 | INFO | prediction_worker | Saved to Supabase
2026-05-24 02:23:41 | INFO | prediction_worker | Published prediction event
2026-05-24 02:23:41 | INFO | prediction_worker | Processing headline: Ferrari is using IBM’s AI to create F1 superfans
2026-05-24 02:23:41 | INFO | prediction_worker | Prediction complete → Neutral
2026-05-24 02:23:41 | INFO | prediction_worker | Saved to Supabase
2026-05-24 02:23:41 | INFO | prediction_worker | Published prediction event
2026-05-24 02:23:41 | INFO | prediction_worker | Processing headline: Nuclear startup Deep Fission says it’s going public, again, and I have questions
2026-05-24 02:23:41 | INFO | prediction_worker | Prediction complete → Neutral
2026-05-24 02:23:41 | INFO | prediction_worker | Saved to Supabase
2026-05-24 02:23:41 | INFO | prediction_worker | Published prediction event
2026-05-24 02:23:41 | INFO | prediction_worker | Processing headline: Elon Musk has given up on solar power (on Earth)
2026-05-24 02:23:41 | INFO | prediction_worker | Prediction complete → Neutral
2026-05-24 02:23:41 | INFO | prediction_worker | Saved to Supabase
2026-05-24 02:23:41 | INFO | prediction_worker | Published prediction event
2026-05-24 02:23:41 | INFO | prediction_worker | Processing headline: Peec, one of Berlin’s rising startups, more than doubled annualized revenue in m
2026-05-24 02:23:41 | INFO | prediction_worker | Prediction complete → Neutral
2026-05-24 02:23:42 | INFO | prediction_worker | Saved to Supabase
2026-05-24 02:23:42 | INFO | prediction_worker | Published prediction event
2026-05-24 02:23:42 | INFO | prediction_worker | Processing headline: AI is being used to resurrect the voices of dead pilots
2026-05-24 02:23:42 | INFO | prediction_worker | Prediction complete → Neutral
2026-05-24 02:23:42 | INFO | prediction_worker | Saved to Supabase
2026-05-24 02:23:42 | INFO | prediction_worker | Published prediction event
2026-05-24 02:23:42 | INFO | prediction_worker | Processing headline: SpaceX launches Starship V3 for the first time, but loses booster on return
2026-05-24 02:23:42 | INFO | prediction_worker | Prediction complete → Neutral
2026-05-24 02:23:42 | INFO | prediction_worker | Saved to Supabase
2026-05-24 02:23:42 | INFO | prediction_worker | Published prediction event
2026-05-24 02:23:42 | INFO | prediction_worker | Processing headline: Blue Origin cleared to fly New Glenn mega-rocket after April mishap
2026-05-24 02:23:42 | INFO | prediction_worker | Prediction complete → Neutral
2026-05-24 02:23:42 | INFO | prediction_worker | Saved to Supabase
2026-05-24 02:23:42 | INFO | prediction_worker | Published prediction event
2026-05-24 02:23:42 | INFO | prediction_worker | Processing headline: Google goes for the glitter with disco-ball icons: ‘Are y’all sure you still wan
2026-05-24 02:23:42 | INFO | prediction_worker | Prediction complete → Neutral
2026-05-24 02:23:42 | INFO | prediction_worker | Saved to Supabase
2026-05-24 02:23:43 | INFO | prediction_worker | Published prediction event
2026-05-24 02:23:43 | INFO | prediction_worker | Processing headline: The man behind the legendary MPC, Roger Linn, stays focused with a single browse
2026-05-24 02:23:43 | INFO | prediction_worker | Prediction complete → Neutral
2026-05-24 02:23:43 | INFO | prediction_worker | Saved to Supabase
2026-05-24 02:23:43 | INFO | prediction_worker | Published prediction event
2026-05-24 02:23:43 | INFO | prediction_worker | Processing headline: Here are 38 Memorial Day deals we recommend for $50 or less
2026-05-24 02:23:43 | INFO | prediction_worker | Prediction complete → Positive
2026-05-24 02:23:43 | INFO | prediction_worker | Saved to Supabase
2026-05-24 02:23:43 | INFO | prediction_worker | Published prediction event
2026-05-24 02:23:43 | INFO | prediction_worker | Processing headline: Hanging out in my favorite virtual coffee shop in Tokyo
2026-05-24 02:23:43 | INFO | prediction_worker | Prediction complete → Positive
2026-05-24 02:23:43 | INFO | prediction_worker | Saved to Supabase
2026-05-24 02:23:43 | INFO | prediction_worker | Published prediction event
2026-05-24 02:23:43 | INFO | prediction_worker | Processing headline: I have a new go-to browser
2026-05-24 02:23:43 | INFO | prediction_worker | Prediction complete → Positive
2026-05-24 02:23:44 | INFO | prediction_worker | Saved to Supabase
2026-05-24 02:23:44 | INFO | prediction_worker | Published prediction event
2026-05-24 02:23:44 | INFO | prediction_worker | Processing headline: Google’s new anything-to-anything AI model is wild
2026-05-24 02:23:44 | INFO | prediction_worker | Prediction complete → Positive
2026-05-24 02:23:44 | INFO | prediction_worker | Saved to Supabase
2026-05-24 02:23:44 | INFO | prediction_worker | Published prediction event
2026-05-24 02:23:44 | INFO | prediction_worker | Processing headline: Google&#8217;s AI search is so broken it can &#8216;disregard&#8217; what you&#8
2026-05-24 02:23:44 | INFO | prediction_worker | Prediction complete → Neutral
2026-05-24 02:23:44 | INFO | prediction_worker | Saved to Supabase
2026-05-24 02:23:44 | INFO | prediction_worker | Published prediction event
2026-05-24 02:23:44 | INFO | prediction_worker | Processing headline: Twelve South’s AirFly Pro 2 has hit one of its best prices ahead of summer trave
2026-05-24 02:23:44 | INFO | prediction_worker | Prediction complete → Positive
2026-05-24 02:23:44 | INFO | prediction_worker | Saved to Supabase
2026-05-24 02:23:44 | INFO | prediction_worker | Published prediction event
2026-05-24 02:23:44 | INFO | prediction_worker | Processing headline: Meta’s Forum is part Reddit, part Facebook, and part Google AI Overview
2026-05-24 02:23:44 | INFO | prediction_worker | Prediction complete → Neutral
2026-05-24 02:23:44 | INFO | prediction_worker | Saved to Supabase
2026-05-24 02:23:45 | INFO | prediction_worker | Published prediction event
2026-05-24 02:23:45 | INFO | prediction_worker | Processing headline: Elon, stop trying to make Grok happen
2026-05-24 02:23:45 | INFO | prediction_worker | Prediction complete → Neutral
2026-05-24 02:23:45 | INFO | prediction_worker | Saved to Supabase
2026-05-24 02:23:45 | INFO | prediction_worker | Published prediction event
2026-05-24 02:23:45 | INFO | prediction_worker | Processing headline: The best Memorial Day sales you can shop this weekend
2026-05-24 02:23:45 | INFO | prediction_worker | Prediction complete → Positive
2026-05-24 02:23:45 | INFO | prediction_worker | Saved to Supabase
2026-05-24 02:23:45 | INFO | prediction_worker | Published prediction event
2026-05-24 02:23:45 | INFO | prediction_worker | Processing headline: Best Power Banks (2026): My Picks After Testing Over 100
2026-05-24 02:23:45 | INFO | prediction_worker | Prediction complete → Positive
2026-05-24 02:23:45 | INFO | prediction_worker | Saved to Supabase
2026-05-24 02:23:45 | INFO | prediction_worker | Published prediction event
2026-05-24 02:23:46 | INFO | prediction_worker | Processing headline: Memorial Day Dyson Vacuum Deals: V15 Detect, Gen5Detect, PencilVac On Sale
2026-05-24 02:23:46 | INFO | prediction_worker | Prediction complete → Positive
2026-05-24 02:23:46 | INFO | prediction_worker | Saved to Supabase
2026-05-24 02:23:46 | INFO | prediction_worker | Published prediction event
2026-05-24 02:23:46 | INFO | prediction_worker | Processing headline: L.L.Bean's Zip Hunter's Tote Is the Only Carryall You Need
2026-05-24 02:23:46 | INFO | prediction_worker | Prediction complete → Neutral
2026-05-24 02:23:46 | INFO | prediction_worker | Saved to Supabase
2026-05-24 02:23:46 | INFO | prediction_worker | Published prediction event
2026-05-24 02:23:46 | INFO | prediction_worker | Processing headline: Quantum ‘Jamming’ Could Help Unlock the Mysteries of Causality
2026-05-24 02:23:46 | INFO | prediction_worker | Prediction complete → Neutral
2026-05-24 02:23:46 | INFO | prediction_worker | Saved to Supabase
2026-05-24 02:23:46 | INFO | prediction_worker | Published prediction event
2026-05-24 02:23:46 | INFO | prediction_worker | Processing headline: The Best Smart Sprinklers and Irrigation Systems: In-Ground Sprinklers, Hose Tim
2026-05-24 02:23:46 | INFO | prediction_worker | Prediction complete → Positive
2026-05-24 02:23:47 | INFO | prediction_worker | Saved to Supabase
2026-05-24 02:23:47 | INFO | prediction_worker | Published prediction event
2026-05-24 02:23:47 | INFO | prediction_worker | Processing headline: The FBI Wants ‘Near Real-Time’ Access to US License Plate Readers
2026-05-24 02:23:47 | INFO | prediction_worker | Prediction complete → Neutral
2026-05-24 02:23:47 | INFO | prediction_worker | Saved to Supabase
2026-05-24 02:23:47 | INFO | prediction_worker | Published prediction event
2026-05-24 02:23:47 | INFO | prediction_worker | Processing headline: Cosmic Voids May Contain the Universe’s Best Secrets
2026-05-24 02:23:47 | INFO | prediction_worker | Prediction complete → Positive
2026-05-24 02:23:47 | INFO | prediction_worker | Saved to Supabase
2026-05-24 02:23:47 | INFO | prediction_worker | Published prediction event
2026-05-24 02:23:47 | INFO | prediction_worker | Processing headline: Best Memorial Day Deals: Garmin, Birdfy, Branch (2026)
2026-05-24 02:23:47 | INFO | prediction_worker | Prediction complete → Positive
2026-05-24 02:23:47 | INFO | prediction_worker | Saved to Supabase
2026-05-24 02:23:47 | INFO | prediction_worker | Published prediction event
2026-05-24 02:23:48 | INFO | prediction_worker | Processing headline: A 'Golden Orb' on the Ocean Floor Came From a Mysterious Animal
2026-05-24 02:23:48 | INFO | prediction_worker | Prediction complete → Neutral
2026-05-24 02:23:48 | INFO | prediction_worker | Saved to Supabase
2026-05-24 02:23:48 | INFO | prediction_worker | Published prediction event
2026-05-24 02:23:48 | INFO | prediction_worker | Processing headline: All Vehicles Sold in the EU Must Be Able to Hook Up to a Breathalyzer
2026-05-24 02:23:48 | INFO | prediction_worker | Prediction complete → Negative
2026-05-24 02:23:48 | INFO | prediction_worker | Saved to Supabase
2026-05-24 02:23:48 | INFO | prediction_worker | Published prediction event
2026-05-24 02:23:48 | INFO | prediction_worker | Processing headline: SpaceX's Starship V3—still a work in progress—mostly successful on first flight
2026-05-24 02:23:48 | INFO | prediction_worker | Prediction complete → Neutral
2026-05-24 02:23:48 | INFO | prediction_worker | Saved to Supabase
2026-05-24 02:23:48 | INFO | prediction_worker | Published prediction event
2026-05-24 02:23:48 | INFO | prediction_worker | Processing headline: Two space shuttle-era spacewalkers enter Astronaut Hall of Fame
2026-05-24 02:23:48 | INFO | prediction_worker | Prediction complete → Neutral
2026-05-24 02:23:48 | INFO | prediction_worker | Saved to Supabase
2026-05-24 02:23:49 | INFO | prediction_worker | Published prediction event
2026-05-24 02:23:49 | INFO | prediction_worker | Processing headline: China’s shark finning could lead to US seafood sanctions
2026-05-24 02:23:49 | INFO | prediction_worker | Prediction complete → Neutral
2026-05-24 02:23:49 | INFO | prediction_worker | Saved to Supabase
2026-05-24 02:23:49 | INFO | prediction_worker | Published prediction event
2026-05-24 02:23:49 | INFO | prediction_worker | Processing headline: Four Russian satellites are now within striking distance of an ICEYE radarsat
2026-05-24 02:23:49 | INFO | prediction_worker | Prediction complete → Neutral
2026-05-24 02:23:49 | INFO | prediction_worker | Saved to Supabase
2026-05-24 02:23:49 | INFO | prediction_worker | Published prediction event
2026-05-24 02:23:49 | INFO | prediction_worker | Processing headline: Ebola outbreak now third largest recorded and "spreading rapidly"
2026-05-24 02:23:49 | INFO | prediction_worker | Prediction complete → Negative
2026-05-24 02:23:49 | INFO | prediction_worker | Saved to Supabase
2026-05-24 02:23:49 | INFO | prediction_worker | Published prediction event
2026-05-24 02:23:49 | INFO | prediction_worker | Processing headline: First-generation Chromecast users stressed by devices suddenly failing
2026-05-24 02:23:49 | INFO | prediction_worker | Prediction complete → Neutral
2026-05-24 02:23:49 | INFO | prediction_worker | Saved to Supabase
2026-05-24 02:23:50 | INFO | prediction_worker | Published prediction event
2026-05-24 02:23:50 | INFO | prediction_worker | Processing headline: Trump FCC asks public to comment on whether ABC's The View is a news show
2026-05-24 02:23:50 | INFO | prediction_worker | Prediction complete → Neutral
2026-05-24 02:23:50 | INFO | prediction_worker | Saved to Supabase
2026-05-24 02:23:50 | INFO | prediction_worker | Published prediction event
2026-05-24 02:23:50 | INFO | prediction_worker | Processing headline: US scrambles to stop Internet users re-creating dead pilots’ voices
2026-05-24 02:23:50 | INFO | prediction_worker | Prediction complete → Negative
2026-05-24 02:23:50 | INFO | prediction_worker | Saved to Supabase
2026-05-24 02:23:50 | INFO | prediction_worker | Published prediction event
2026-05-24 02:23:50 | INFO | prediction_worker | Processing headline: The Boys is dead. Long live Vought Rising.
2026-05-24 02:23:50 | INFO | prediction_worker | Prediction complete → Positive
2026-05-24 02:23:50 | INFO | prediction_worker | Saved to Supabase
2026-05-24 02:23:50 | INFO | prediction_worker | Published prediction event
2026-05-24 02:23:50 | INFO | prediction_worker | Processing headline: Police boast of hacking VPN where criminals "believed themselves to be safe"
2026-05-24 02:23:50 | INFO | prediction_worker | Prediction complete → Negative
2026-05-24 02:23:51 | INFO | prediction_worker | Saved to Supabase
2026-05-24 02:23:51 | INFO | prediction_worker | Published prediction event
2026-05-24 02:24:45 | INFO | prediction_worker | Processing headline: SolarSquare in talks to raise up to $60M as India’s rooftop solar market draws m
2026-05-24 02:24:45 | INFO | prediction_worker | Prediction complete → Neutral
2026-05-24 02:24:46 | INFO | prediction_worker | Saved to Supabase
2026-05-24 02:24:46 | INFO | prediction_worker | Published prediction event
2026-05-24 02:24:46 | INFO | prediction_worker | Processing headline: These special phone and app features can help protect you from spyware
2026-05-24 02:24:46 | INFO | prediction_worker | Prediction complete → Positive
2026-05-24 02:24:46 | INFO | prediction_worker | Saved to Supabase
2026-05-24 02:24:46 | INFO | prediction_worker | Published prediction event
2026-05-24 02:24:46 | INFO | prediction_worker | Processing headline: Ferrari is using IBM’s AI to create F1 superfans
2026-05-24 02:24:46 | INFO | prediction_worker | Prediction complete → Neutral
2026-05-24 02:24:46 | INFO | prediction_worker | Saved to Supabase
2026-05-24 02:24:47 | INFO | prediction_worker | Published prediction event
2026-05-24 02:24:47 | INFO | prediction_worker | Processing headline: Nuclear startup Deep Fission says it’s going public, again, and I have questions
2026-05-24 02:24:47 | INFO | prediction_worker | Prediction complete → Neutral
2026-05-24 02:24:47 | INFO | prediction_worker | Saved to Supabase
2026-05-24 02:24:47 | INFO | prediction_worker | Published prediction event
2026-05-24 02:24:47 | INFO | prediction_worker | Processing headline: Elon Musk has given up on solar power (on Earth)
2026-05-24 02:24:47 | INFO | prediction_worker | Prediction complete → Neutral
2026-05-24 02:24:47 | INFO | prediction_worker | Saved to Supabase
2026-05-24 02:24:47 | INFO | prediction_worker | Published prediction event
2026-05-24 02:24:47 | INFO | prediction_worker | Processing headline: Peec, one of Berlin’s rising startups, more than doubled annualized revenue in m
2026-05-24 02:24:47 | INFO | prediction_worker | Prediction complete → Neutral
2026-05-24 02:24:47 | INFO | prediction_worker | Saved to Supabase
2026-05-24 02:24:47 | INFO | prediction_worker | Published prediction event
2026-05-24 02:24:47 | INFO | prediction_worker | Processing headline: AI is being used to resurrect the voices of dead pilots
2026-05-24 02:24:47 | INFO | prediction_worker | Prediction complete → Neutral
2026-05-24 02:24:47 | INFO | prediction_worker | Saved to Supabase
2026-05-24 02:24:47 | INFO | prediction_worker | Published prediction event
2026-05-24 02:24:47 | INFO | prediction_worker | Processing headline: SpaceX launches Starship V3 for the first time, but loses booster on return
2026-05-24 02:24:47 | INFO | prediction_worker | Prediction complete → Neutral
2026-05-24 02:24:48 | INFO | prediction_worker | Saved to Supabase
2026-05-24 02:24:48 | INFO | prediction_worker | Published prediction event
2026-05-24 02:24:48 | INFO | prediction_worker | Processing headline: Blue Origin cleared to fly New Glenn mega-rocket after April mishap
2026-05-24 02:24:48 | INFO | prediction_worker | Prediction complete → Neutral
2026-05-24 02:24:48 | INFO | prediction_worker | Saved to Supabase
2026-05-24 02:24:48 | INFO | prediction_worker | Published prediction event
2026-05-24 02:24:48 | INFO | prediction_worker | Processing headline: Google goes for the glitter with disco-ball icons: ‘Are y’all sure you still wan
2026-05-24 02:24:48 | INFO | prediction_worker | Prediction complete → Neutral
2026-05-24 02:24:48 | INFO | prediction_worker | Saved to Supabase
2026-05-24 02:24:48 | INFO | prediction_worker | Published prediction event
2026-05-24 02:24:48 | INFO | prediction_worker | Processing headline: The man behind the legendary MPC, Roger Linn, stays focused with a single browse
2026-05-24 02:24:48 | INFO | prediction_worker | Prediction complete → Neutral
2026-05-24 02:24:49 | INFO | prediction_worker | Saved to Supabase
2026-05-24 02:24:49 | INFO | prediction_worker | Published prediction event
2026-05-24 02:24:49 | INFO | prediction_worker | Processing headline: Here are 38 Memorial Day deals we recommend for $50 or less
2026-05-24 02:24:49 | INFO | prediction_worker | Prediction complete → Positive
2026-05-24 02:24:49 | INFO | prediction_worker | Saved to Supabase
2026-05-24 02:24:49 | INFO | prediction_worker | Published prediction event
2026-05-24 02:24:49 | INFO | prediction_worker | Processing headline: Hanging out in my favorite virtual coffee shop in Tokyo
2026-05-24 02:24:49 | INFO | prediction_worker | Prediction complete → Positive
2026-05-24 02:24:49 | INFO | prediction_worker | Saved to Supabase
2026-05-24 02:24:49 | INFO | prediction_worker | Published prediction event
2026-05-24 02:24:49 | INFO | prediction_worker | Processing headline: I have a new go-to browser
2026-05-24 02:24:49 | INFO | prediction_worker | Prediction complete → Positive
2026-05-24 02:24:49 | INFO | prediction_worker | Saved to Supabase
2026-05-24 02:24:49 | INFO | prediction_worker | Published prediction event
2026-05-24 02:24:49 | INFO | prediction_worker | Processing headline: Google’s new anything-to-anything AI model is wild
2026-05-24 02:24:49 | INFO | prediction_worker | Prediction complete → Positive
2026-05-24 02:24:50 | INFO | prediction_worker | Saved to Supabase
2026-05-24 02:24:50 | INFO | prediction_worker | Published prediction event
2026-05-24 02:24:50 | INFO | prediction_worker | Processing headline: Google&#8217;s AI search is so broken it can &#8216;disregard&#8217; what you&#8
2026-05-24 02:24:50 | INFO | prediction_worker | Prediction complete → Neutral
2026-05-24 02:24:50 | INFO | prediction_worker | Saved to Supabase
2026-05-24 02:24:50 | INFO | prediction_worker | Published prediction event
2026-05-24 02:24:50 | INFO | prediction_worker | Processing headline: Twelve South’s AirFly Pro 2 has hit one of its best prices ahead of summer trave
2026-05-24 02:24:50 | INFO | prediction_worker | Prediction complete → Positive
2026-05-24 02:24:50 | INFO | prediction_worker | Saved to Supabase
2026-05-24 02:24:50 | INFO | prediction_worker | Published prediction event
2026-05-24 02:24:50 | INFO | prediction_worker | Processing headline: Meta’s Forum is part Reddit, part Facebook, and part Google AI Overview
2026-05-24 02:24:50 | INFO | prediction_worker | Prediction complete → Neutral
2026-05-24 02:24:50 | INFO | prediction_worker | Saved to Supabase
2026-05-24 02:24:50 | INFO | prediction_worker | Published prediction event
2026-05-24 02:24:50 | INFO | prediction_worker | Processing headline: Elon, stop trying to make Grok happen
2026-05-24 02:24:50 | INFO | prediction_worker | Prediction complete → Neutral
2026-05-24 02:24:51 | INFO | prediction_worker | Saved to Supabase
2026-05-24 02:24:51 | INFO | prediction_worker | Published prediction event
2026-05-24 02:24:51 | INFO | prediction_worker | Processing headline: The best Memorial Day sales you can shop this weekend
2026-05-24 02:24:51 | INFO | prediction_worker | Prediction complete → Positive
2026-05-24 02:24:51 | INFO | prediction_worker | Saved to Supabase
2026-05-24 02:24:51 | INFO | prediction_worker | Published prediction event
2026-05-24 02:24:51 | INFO | prediction_worker | Processing headline: Best Power Banks (2026): My Picks After Testing Over 100
2026-05-24 02:24:51 | INFO | prediction_worker | Prediction complete → Positive
2026-05-24 02:24:51 | INFO | prediction_worker | Saved to Supabase
2026-05-24 02:24:51 | INFO | prediction_worker | Published prediction event
2026-05-24 02:24:51 | INFO | prediction_worker | Processing headline: Memorial Day Dyson Vacuum Deals: V15 Detect, Gen5Detect, PencilVac On Sale
2026-05-24 02:24:51 | INFO | prediction_worker | Prediction complete → Positive
2026-05-24 02:24:51 | INFO | prediction_worker | Saved to Supabase
2026-05-24 02:24:51 | INFO | prediction_worker | Published prediction event
2026-05-24 02:24:51 | INFO | prediction_worker | Processing headline: L.L.Bean's Zip Hunter's Tote Is the Only Carryall You Need
2026-05-24 02:24:51 | INFO | prediction_worker | Prediction complete → Neutral
2026-05-24 02:24:52 | INFO | prediction_worker | Saved to Supabase
2026-05-24 02:24:52 | INFO | prediction_worker | Published prediction event
2026-05-24 02:24:52 | INFO | prediction_worker | Processing headline: Quantum ‘Jamming’ Could Help Unlock the Mysteries of Causality
2026-05-24 02:24:52 | INFO | prediction_worker | Prediction complete → Neutral
2026-05-24 02:24:52 | INFO | prediction_worker | Saved to Supabase
2026-05-24 02:24:52 | INFO | prediction_worker | Published prediction event
2026-05-24 02:24:52 | INFO | prediction_worker | Processing headline: The Best Smart Sprinklers and Irrigation Systems: In-Ground Sprinklers, Hose Tim
2026-05-24 02:24:52 | INFO | prediction_worker | Prediction complete → Positive
2026-05-24 02:24:52 | INFO | prediction_worker | Saved to Supabase
2026-05-24 02:24:52 | INFO | prediction_worker | Published prediction event
2026-05-24 02:24:52 | INFO | prediction_worker | Processing headline: The FBI Wants ‘Near Real-Time’ Access to US License Plate Readers
2026-05-24 02:24:52 | INFO | prediction_worker | Prediction complete → Neutral
2026-05-24 02:24:52 | INFO | prediction_worker | Saved to Supabase
2026-05-24 02:24:52 | INFO | prediction_worker | Published prediction event
2026-05-24 02:24:52 | INFO | prediction_worker | Processing headline: Cosmic Voids May Contain the Universe’s Best Secrets
2026-05-24 02:24:52 | INFO | prediction_worker | Prediction complete → Positive
2026-05-24 02:24:52 | INFO | prediction_worker | Saved to Supabase
2026-05-24 02:24:53 | INFO | prediction_worker | Published prediction event
2026-05-24 02:24:53 | INFO | prediction_worker | Processing headline: Best Memorial Day Deals: Garmin, Birdfy, Branch (2026)
2026-05-24 02:24:53 | INFO | prediction_worker | Prediction complete → Positive
2026-05-24 02:24:53 | INFO | prediction_worker | Saved to Supabase
2026-05-24 02:24:53 | INFO | prediction_worker | Published prediction event
2026-05-24 02:24:53 | INFO | prediction_worker | Processing headline: A 'Golden Orb' on the Ocean Floor Came From a Mysterious Animal
2026-05-24 02:24:53 | INFO | prediction_worker | Prediction complete → Neutral
2026-05-24 02:24:53 | INFO | prediction_worker | Saved to Supabase
2026-05-24 02:24:53 | INFO | prediction_worker | Published prediction event
2026-05-24 02:24:53 | INFO | prediction_worker | Processing headline: All Vehicles Sold in the EU Must Be Able to Hook Up to a Breathalyzer
2026-05-24 02:24:53 | INFO | prediction_worker | Prediction complete → Negative
2026-05-24 02:24:53 | INFO | prediction_worker | Saved to Supabase
2026-05-24 02:24:53 | INFO | prediction_worker | Published prediction event
2026-05-24 02:24:53 | INFO | prediction_worker | Processing headline: SpaceX's Starship V3—still a work in progress—mostly successful on first flight
2026-05-24 02:24:53 | INFO | prediction_worker | Prediction complete → Neutral
2026-05-24 02:24:54 | INFO | prediction_worker | Saved to Supabase
2026-05-24 02:24:54 | INFO | prediction_worker | Published prediction event
2026-05-24 02:24:54 | INFO | prediction_worker | Processing headline: Two space shuttle-era spacewalkers enter Astronaut Hall of Fame
2026-05-24 02:24:54 | INFO | prediction_worker | Prediction complete → Neutral
2026-05-24 02:24:54 | INFO | prediction_worker | Saved to Supabase
2026-05-24 02:24:54 | INFO | prediction_worker | Published prediction event
2026-05-24 02:24:54 | INFO | prediction_worker | Processing headline: China’s shark finning could lead to US seafood sanctions
2026-05-24 02:24:54 | INFO | prediction_worker | Prediction complete → Neutral
2026-05-24 02:24:54 | INFO | prediction_worker | Saved to Supabase
2026-05-24 02:24:54 | INFO | prediction_worker | Published prediction event
2026-05-24 02:24:54 | INFO | prediction_worker | Processing headline: Four Russian satellites are now within striking distance of an ICEYE radarsat
2026-05-24 02:24:54 | INFO | prediction_worker | Prediction complete → Neutral
2026-05-24 02:24:55 | INFO | prediction_worker | Saved to Supabase
2026-05-24 02:24:55 | INFO | prediction_worker | Published prediction event
2026-05-24 02:24:55 | INFO | prediction_worker | Processing headline: Ebola outbreak now third largest recorded and "spreading rapidly"
2026-05-24 02:24:55 | INFO | prediction_worker | Prediction complete → Negative
2026-05-24 02:24:55 | INFO | prediction_worker | Saved to Supabase
2026-05-24 02:24:55 | INFO | prediction_worker | Published prediction event
2026-05-24 02:24:55 | INFO | prediction_worker | Processing headline: First-generation Chromecast users stressed by devices suddenly failing
2026-05-24 02:24:55 | INFO | prediction_worker | Prediction complete → Neutral
2026-05-24 02:24:55 | INFO | prediction_worker | Saved to Supabase
2026-05-24 02:24:55 | INFO | prediction_worker | Published prediction event
2026-05-24 02:24:55 | INFO | prediction_worker | Processing headline: Trump FCC asks public to comment on whether ABC's The View is a news show
2026-05-24 02:24:55 | INFO | prediction_worker | Prediction complete → Neutral
2026-05-24 02:24:56 | INFO | prediction_worker | Saved to Supabase
2026-05-24 02:24:56 | INFO | prediction_worker | Published prediction event
2026-05-24 02:24:56 | INFO | prediction_worker | Processing headline: US scrambles to stop Internet users re-creating dead pilots’ voices
2026-05-24 02:24:56 | INFO | prediction_worker | Prediction complete → Negative
2026-05-24 02:24:56 | INFO | prediction_worker | Saved to Supabase
2026-05-24 02:24:56 | INFO | prediction_worker | Published prediction event
2026-05-24 02:24:56 | INFO | prediction_worker | Processing headline: The Boys is dead. Long live Vought Rising.
2026-05-24 02:24:56 | INFO | prediction_worker | Prediction complete → Positive
2026-05-24 02:24:56 | INFO | prediction_worker | Saved to Supabase
2026-05-24 02:24:56 | INFO | prediction_worker | Published prediction event
2026-05-24 02:24:56 | INFO | prediction_worker | Processing headline: Police boast of hacking VPN where criminals "believed themselves to be safe"
2026-05-24 02:24:56 | INFO | prediction_worker | Prediction complete → Negative
2026-05-24 02:24:56 | INFO | prediction_worker | Saved to Supabase
2026-05-24 02:24:56 | INFO | prediction_worker | Published prediction event
