2026-05-24 01:18:21 | ERROR | redis_service | ❌ Redis connection failed: Port could not be cast to integer value as '6379"'
Traceback (most recent call last):
  File "C:\Users\sucha\Downloads\portfolio\portfolio\ml-backend\services\redis_service.py", line 53, in connect
    self.redis_client = redis.from_url(
                        ^^^^^^^^^^^^^^^
  File "C:\Users\sucha\Downloads\portfolio\portfolio\ml-backend\venv\Lib\site-packages\redis\asyncio\utils.py", line 16, in from_url
    return Redis.from_url(url, **kwargs)
           ^^^^^^^^^^^^^^^^^^^^^^^^^^^^^
  File "C:\Users\sucha\Downloads\portfolio\portfolio\ml-backend\venv\Lib\site-packages\redis\asyncio\client.py", line 163, in from_url
    connection_pool = ConnectionPool.from_url(url, **kwargs)
                      ^^^^^^^^^^^^^^^^^^^^^^^^^^^^^^^^^^^^^^
  File "C:\Users\sucha\Downloads\portfolio\portfolio\ml-backend\venv\Lib\site-packages\redis\asyncio\connection.py", line 1006, in from_url
    url_options = parse_url(url)
                  ^^^^^^^^^^^^^^
  File "C:\Users\sucha\Downloads\portfolio\portfolio\ml-backend\venv\Lib\site-packages\redis\asyncio\connection.py", line 924, in parse_url
    if parsed.port:
       ^^^^^^^^^^^
  File "C:\Program Files\Python311\Lib\urllib\parse.py", line 182, in port
    raise ValueError(f"Port could not be cast to integer value as {port!r}")
ValueError: Port could not be cast to integer value as '6379"'
2026-05-24 01:22:32 | INFO | redis_service | Redis connection closed
2026-05-24 01:22:43 | INFO | redis_service | ✅ Connected to Redis
2026-05-24 01:30:14 | INFO | redis_service | Redis connection closed
2026-05-24 01:31:07 | INFO | redis_service | ✅ Connected to Redis
2026-05-24 01:31:08 | INFO | redis_service | Published message to 'news_headlines'
2026-05-24 01:31:08 | INFO | redis_service | Published message to 'news_headlines'
2026-05-24 01:31:09 | INFO | redis_service | Published message to 'news_headlines'
2026-05-24 01:31:09 | INFO | redis_service | Published message to 'news_headlines'
2026-05-24 01:31:09 | INFO | redis_service | Published message to 'news_headlines'
2026-05-24 01:31:09 | INFO | redis_service | Published message to 'news_headlines'
2026-05-24 01:31:09 | INFO | redis_service | Published message to 'news_headlines'
2026-05-24 01:31:09 | INFO | redis_service | Published message to 'news_headlines'
2026-05-24 01:31:09 | INFO | redis_service | Published message to 'news_headlines'
2026-05-24 01:31:09 | INFO | redis_service | Published message to 'news_headlines'
2026-05-24 01:31:09 | INFO | redis_service | Published message to 'news_headlines'
2026-05-24 01:31:09 | INFO | redis_service | Published message to 'news_headlines'
2026-05-24 01:31:09 | INFO | redis_service | Published message to 'news_headlines'
2026-05-24 01:31:09 | INFO | redis_service | Published message to 'news_headlines'
2026-05-24 01:31:09 | INFO | redis_service | Published message to 'news_headlines'
2026-05-24 01:31:09 | INFO | redis_service | Published message to 'news_headlines'
2026-05-24 01:31:09 | INFO | redis_service | Published message to 'news_headlines'
2026-05-24 01:31:09 | INFO | redis_service | Published message to 'news_headlines'
2026-05-24 01:31:09 | INFO | redis_service | Published message to 'news_headlines'
2026-05-24 01:31:09 | INFO | redis_service | Published message to 'news_headlines'
2026-05-24 01:31:10 | INFO | redis_service | Published message to 'news_headlines'
2026-05-24 01:31:10 | INFO | redis_service | Published message to 'news_headlines'
2026-05-24 01:31:10 | INFO | redis_service | Published message to 'news_headlines'
2026-05-24 01:31:10 | INFO | redis_service | Published message to 'news_headlines'
2026-05-24 01:31:10 | INFO | redis_service | Published message to 'news_headlines'
2026-05-24 01:31:10 | INFO | redis_service | Published message to 'news_headlines'
2026-05-24 01:31:10 | INFO | redis_service | Published message to 'news_headlines'
2026-05-24 01:31:10 | INFO | redis_service | Published message to 'news_headlines'
2026-05-24 01:31:10 | INFO | redis_service | Published message to 'news_headlines'
2026-05-24 01:31:10 | INFO | redis_service | Published message to 'news_headlines'
2026-05-24 01:31:10 | INFO | redis_service | Published message to 'news_headlines'
2026-05-24 01:31:10 | INFO | redis_service | Published message to 'news_headlines'
2026-05-24 01:31:10 | INFO | redis_service | Published message to 'news_headlines'
2026-05-24 01:31:10 | INFO | redis_service | Published message to 'news_headlines'
2026-05-24 01:31:10 | INFO | redis_service | Published message to 'news_headlines'
2026-05-24 01:31:10 | INFO | redis_service | Published message to 'news_headlines'
2026-05-24 01:31:10 | INFO | redis_service | Published message to 'news_headlines'
2026-05-24 01:31:10 | INFO | redis_service | Published message to 'news_headlines'
2026-05-24 01:31:11 | INFO | redis_service | Published message to 'news_headlines'
2026-05-24 01:31:11 | INFO | redis_service | Published message to 'news_headlines'
2026-05-24 01:34:53 | INFO | redis_service | ✅ Connected to Redis
2026-05-24 01:34:56 | INFO | redis_service | Published message to 'news_headlines'
2026-05-24 01:34:56 | INFO | redis_service | Published message to 'news_headlines'
2026-05-24 01:34:56 | INFO | redis_service | Published message to 'news_headlines'
2026-05-24 01:34:56 | INFO | redis_service | Published message to 'news_headlines'
2026-05-24 01:34:56 | INFO | redis_service | Published message to 'news_headlines'
2026-05-24 01:34:56 | INFO | redis_service | Published message to 'news_headlines'
2026-05-24 01:34:56 | INFO | redis_service | Published message to 'news_headlines'
2026-05-24 01:34:56 | INFO | redis_service | Published message to 'news_headlines'
2026-05-24 01:34:56 | INFO | redis_service | Published message to 'news_headlines'
2026-05-24 01:34:56 | INFO | redis_service | Published message to 'news_headlines'
2026-05-24 01:34:57 | INFO | redis_service | Published message to 'news_headlines'
2026-05-24 01:34:57 | INFO | redis_service | Published message to 'news_headlines'
2026-05-24 01:34:57 | INFO | redis_service | Published message to 'news_headlines'
2026-05-24 01:34:57 | INFO | redis_service | Published message to 'news_headlines'
2026-05-24 01:34:57 | INFO | redis_service | Published message to 'news_headlines'
2026-05-24 01:34:57 | INFO | redis_service | Published message to 'news_headlines'
2026-05-24 01:34:57 | INFO | redis_service | Published message to 'news_headlines'
2026-05-24 01:34:57 | INFO | redis_service | Published message to 'news_headlines'
2026-05-24 01:34:57 | INFO | redis_service | Published message to 'news_headlines'
2026-05-24 01:34:57 | INFO | redis_service | Published message to 'news_headlines'
2026-05-24 01:34:57 | INFO | redis_service | Published message to 'news_headlines'
2026-05-24 01:34:57 | INFO | redis_service | Published message to 'news_headlines'
2026-05-24 01:34:57 | INFO | redis_service | Published message to 'news_headlines'
2026-05-24 01:34:57 | INFO | redis_service | Published message to 'news_headlines'
2026-05-24 01:34:57 | INFO | redis_service | Published message to 'news_headlines'
2026-05-24 01:34:57 | INFO | redis_service | Published message to 'news_headlines'
2026-05-24 01:34:57 | INFO | redis_service | Published message to 'news_headlines'
2026-05-24 01:34:57 | INFO | redis_service | Published message to 'news_headlines'
2026-05-24 01:34:57 | INFO | redis_service | Published message to 'news_headlines'
2026-05-24 01:34:58 | INFO | redis_service | Published message to 'news_headlines'
2026-05-24 01:34:58 | INFO | redis_service | Published message to 'news_headlines'
2026-05-24 01:34:58 | INFO | redis_service | Published message to 'news_headlines'
2026-05-24 01:34:58 | INFO | redis_service | Published message to 'news_headlines'
2026-05-24 01:34:58 | INFO | redis_service | Published message to 'news_headlines'
2026-05-24 01:34:58 | INFO | redis_service | Published message to 'news_headlines'
2026-05-24 01:34:58 | INFO | redis_service | Published message to 'news_headlines'
2026-05-24 01:34:58 | INFO | redis_service | Published message to 'news_headlines'
2026-05-24 01:34:58 | INFO | redis_service | Published message to 'news_headlines'
2026-05-24 01:34:58 | INFO | redis_service | Published message to 'news_headlines'
2026-05-24 01:34:58 | INFO | redis_service | Published message to 'news_headlines'
2026-05-24 01:39:32 | INFO | redis_service | ✅ Connected to Redis
2026-05-24 01:39:33 | INFO | redis_service | Published message to 'news_headlines'
2026-05-24 01:39:33 | INFO | redis_service | Published message to 'news_headlines'
2026-05-24 01:39:33 | INFO | redis_service | Published message to 'news_headlines'
2026-05-24 01:39:33 | INFO | redis_service | Published message to 'news_headlines'
2026-05-24 01:39:33 | INFO | redis_service | Published message to 'news_headlines'
2026-05-24 01:39:34 | INFO | redis_service | Published message to 'news_headlines'
2026-05-24 01:39:34 | INFO | redis_service | Published message to 'news_headlines'
2026-05-24 01:39:34 | INFO | redis_service | Published message to 'news_headlines'
2026-05-24 01:39:34 | INFO | redis_service | Published message to 'news_headlines'
2026-05-24 01:39:34 | INFO | redis_service | Published message to 'news_headlines'
2026-05-24 01:39:34 | INFO | redis_service | Published message to 'news_headlines'
2026-05-24 01:39:34 | INFO | redis_service | Published message to 'news_headlines'
2026-05-24 01:39:34 | INFO | redis_service | Published message to 'news_headlines'
2026-05-24 01:39:34 | INFO | redis_service | Published message to 'news_headlines'
2026-05-24 01:39:34 | INFO | redis_service | Published message to 'news_headlines'
2026-05-24 01:39:34 | INFO | redis_service | Published message to 'news_headlines'
2026-05-24 01:39:34 | INFO | redis_service | Published message to 'news_headlines'
2026-05-24 01:39:34 | INFO | redis_service | Published message to 'news_headlines'
2026-05-24 01:39:34 | INFO | redis_service | Published message to 'news_headlines'
2026-05-24 01:39:34 | INFO | redis_service | Published message to 'news_headlines'
2026-05-24 01:39:34 | INFO | redis_service | Published message to 'news_headlines'
2026-05-24 01:39:34 | INFO | redis_service | Published message to 'news_headlines'
2026-05-24 01:39:34 | INFO | redis_service | Published message to 'news_headlines'
2026-05-24 01:39:34 | INFO | redis_service | Published message to 'news_headlines'
2026-05-24 01:39:35 | INFO | redis_service | Published message to 'news_headlines'
2026-05-24 01:39:35 | INFO | redis_service | Published message to 'news_headlines'
2026-05-24 01:39:35 | INFO | redis_service | Published message to 'news_headlines'
2026-05-24 01:39:35 | INFO | redis_service | Published message to 'news_headlines'
2026-05-24 01:39:35 | INFO | redis_service | Published message to 'news_headlines'
2026-05-24 01:39:35 | INFO | redis_service | Published message to 'news_headlines'
2026-05-24 01:39:35 | INFO | redis_service | Published message to 'news_headlines'
2026-05-24 01:39:35 | INFO | redis_service | Published message to 'news_headlines'
2026-05-24 01:39:35 | INFO | redis_service | Published message to 'news_headlines'
2026-05-24 01:39:35 | INFO | redis_service | Published message to 'news_headlines'
2026-05-24 01:39:35 | INFO | redis_service | Published message to 'news_headlines'
2026-05-24 01:39:35 | INFO | redis_service | Published message to 'news_headlines'
2026-05-24 01:39:35 | INFO | redis_service | Published message to 'news_headlines'
2026-05-24 01:39:35 | INFO | redis_service | Published message to 'news_headlines'
2026-05-24 01:39:35 | INFO | redis_service | Published message to 'news_headlines'
2026-05-24 01:39:35 | INFO | redis_service | Published message to 'news_headlines'
2026-05-24 01:44:01 | INFO | redis_service | ✅ Connected to Redis
2026-05-24 01:44:02 | INFO | redis_service | Published message to 'news_headlines'
2026-05-24 01:44:02 | INFO | redis_service | Published message to 'news_headlines'
2026-05-24 01:44:02 | INFO | redis_service | Published message to 'news_headlines'
2026-05-24 01:44:02 | INFO | redis_service | Published message to 'news_headlines'
2026-05-24 01:44:02 | INFO | redis_service | Published message to 'news_headlines'
2026-05-24 01:44:02 | INFO | redis_service | Published message to 'news_headlines'
2026-05-24 01:44:02 | INFO | redis_service | Published message to 'news_headlines'
2026-05-24 01:44:02 | INFO | redis_service | Published message to 'news_headlines'
2026-05-24 01:44:03 | INFO | redis_service | Published message to 'news_headlines'
2026-05-24 01:44:03 | INFO | redis_service | Published message to 'news_headlines'
2026-05-24 01:44:03 | INFO | redis_service | Published message to 'news_headlines'
2026-05-24 01:44:03 | INFO | redis_service | Published message to 'news_headlines'
2026-05-24 01:44:03 | INFO | redis_service | Published message to 'news_headlines'
2026-05-24 01:44:03 | INFO | redis_service | Published message to 'news_headlines'
2026-05-24 01:44:03 | INFO | redis_service | Published message to 'news_headlines'
2026-05-24 01:44:03 | INFO | redis_service | Published message to 'news_headlines'
2026-05-24 01:44:03 | INFO | redis_service | Published message to 'news_headlines'
2026-05-24 01:44:03 | INFO | redis_service | Published message to 'news_headlines'
2026-05-24 01:44:03 | INFO | redis_service | Published message to 'news_headlines'
2026-05-24 01:44:03 | INFO | redis_service | Published message to 'news_headlines'
2026-05-24 01:44:03 | INFO | redis_service | Published message to 'news_headlines'
2026-05-24 01:44:03 | INFO | redis_service | Published message to 'news_headlines'
2026-05-24 01:44:03 | INFO | redis_service | Published message to 'news_headlines'
2026-05-24 01:44:03 | INFO | redis_service | Published message to 'news_headlines'
2026-05-24 01:44:03 | INFO | redis_service | Published message to 'news_headlines'
2026-05-24 01:44:03 | INFO | redis_service | Published message to 'news_headlines'
2026-05-24 01:44:03 | INFO | redis_service | Published message to 'news_headlines'
2026-05-24 01:44:03 | INFO | redis_service | Published message to 'news_headlines'
2026-05-24 01:44:04 | INFO | redis_service | Published message to 'news_headlines'
2026-05-24 01:44:04 | INFO | redis_service | Published message to 'news_headlines'
2026-05-24 01:44:04 | INFO | redis_service | Published message to 'news_headlines'
2026-05-24 01:44:04 | INFO | redis_service | Published message to 'news_headlines'
2026-05-24 01:44:04 | INFO | redis_service | Published message to 'news_headlines'
2026-05-24 01:44:04 | INFO | redis_service | Published message to 'news_headlines'
2026-05-24 01:44:04 | INFO | redis_service | Published message to 'news_headlines'
2026-05-24 01:44:04 | INFO | redis_service | Published message to 'news_headlines'
2026-05-24 01:44:04 | INFO | redis_service | Published message to 'news_headlines'
2026-05-24 01:44:04 | INFO | redis_service | Published message to 'news_headlines'
2026-05-24 01:44:04 | INFO | redis_service | Published message to 'news_headlines'
2026-05-24 01:44:04 | INFO | redis_service | Published message to 'news_headlines'
2026-05-24 01:44:21 | INFO | redis_service | ✅ Connected to Redis
2026-05-24 01:44:21 | INFO | redis_service | Subscribed to channel 'news_headlines'
2026-05-24 01:54:36 | INFO | redis_service | ✅ Connected to Redis
2026-05-24 01:54:39 | INFO | redis_service | Published message to 'news_headlines'
2026-05-24 01:54:39 | INFO | redis_service | Published message to 'news_headlines'
2026-05-24 01:54:39 | INFO | redis_service | Published message to 'news_headlines'
2026-05-24 01:54:39 | INFO | redis_service | Published message to 'news_headlines'
2026-05-24 01:54:39 | INFO | redis_service | Published message to 'news_headlines'
2026-05-24 01:54:39 | INFO | redis_service | Published message to 'news_headlines'
2026-05-24 01:54:39 | INFO | redis_service | Published message to 'news_headlines'
2026-05-24 01:54:39 | INFO | redis_service | Published message to 'news_headlines'
2026-05-24 01:54:39 | INFO | redis_service | Published message to 'news_headlines'
2026-05-24 01:54:39 | INFO | redis_service | Published message to 'news_headlines'
2026-05-24 01:54:39 | INFO | redis_service | Published message to 'news_headlines'
2026-05-24 01:54:39 | INFO | redis_service | Published message to 'news_headlines'
2026-05-24 01:54:40 | INFO | redis_service | Published message to 'news_headlines'
2026-05-24 01:54:40 | INFO | redis_service | Published message to 'news_headlines'
2026-05-24 01:54:40 | INFO | redis_service | Published message to 'news_headlines'
2026-05-24 01:54:40 | INFO | redis_service | Published message to 'news_headlines'
2026-05-24 01:54:40 | INFO | redis_service | Published message to 'news_headlines'
2026-05-24 01:54:40 | INFO | redis_service | Published message to 'news_headlines'
2026-05-24 01:54:40 | INFO | redis_service | Published message to 'news_headlines'
2026-05-24 01:54:40 | INFO | redis_service | Published message to 'news_headlines'
2026-05-24 01:54:40 | INFO | redis_service | Published message to 'news_headlines'
2026-05-24 01:54:40 | INFO | redis_service | Published message to 'news_headlines'
2026-05-24 01:54:40 | INFO | redis_service | Published message to 'news_headlines'
2026-05-24 01:54:40 | INFO | redis_service | Published message to 'news_headlines'
2026-05-24 01:54:40 | INFO | redis_service | Published message to 'news_headlines'
2026-05-24 01:54:40 | INFO | redis_service | Published message to 'news_headlines'
2026-05-24 01:54:40 | INFO | redis_service | Published message to 'news_headlines'
2026-05-24 01:54:40 | INFO | redis_service | Published message to 'news_headlines'
2026-05-24 01:54:40 | INFO | redis_service | Published message to 'news_headlines'
2026-05-24 01:54:40 | INFO | redis_service | Published message to 'news_headlines'
2026-05-24 01:54:40 | INFO | redis_service | Published message to 'news_headlines'
2026-05-24 01:54:40 | INFO | redis_service | Published message to 'news_headlines'
2026-05-24 01:54:41 | INFO | redis_service | Published message to 'news_headlines'
2026-05-24 01:54:41 | INFO | redis_service | Published message to 'news_headlines'
2026-05-24 01:54:41 | INFO | redis_service | Published message to 'news_headlines'
2026-05-24 01:54:41 | INFO | redis_service | Published message to 'news_headlines'
2026-05-24 01:54:41 | INFO | redis_service | Published message to 'news_headlines'
2026-05-24 01:54:41 | INFO | redis_service | Published message to 'news_headlines'
2026-05-24 01:54:41 | INFO | redis_service | Published message to 'news_headlines'
2026-05-24 01:54:41 | INFO | redis_service | Published message to 'news_headlines'
2026-05-24 01:54:46 | INFO | redis_service | ✅ Connected to Redis
2026-05-24 01:54:46 | INFO | redis_service | Subscribed to channel 'news_headlines'
2026-05-24 01:55:43 | INFO | redis_service | Published message to 'news_headlines'
2026-05-24 01:55:43 | INFO | redis_service | Published message to 'news_headlines'
2026-05-24 01:55:43 | INFO | redis_service | Published message to 'news_headlines'
2026-05-24 01:55:43 | INFO | redis_service | Published message to 'news_headlines'
2026-05-24 01:55:43 | INFO | redis_service | Published message to 'news_headlines'
2026-05-24 01:55:43 | INFO | redis_service | Published message to 'news_headlines'
2026-05-24 01:55:43 | INFO | redis_service | Published message to 'news_headlines'
2026-05-24 01:55:43 | INFO | redis_service | Published message to 'news_headlines'
2026-05-24 01:55:43 | INFO | redis_service | Published message to 'news_headlines'
2026-05-24 01:55:43 | INFO | redis_service | Published message to 'news_headlines'
2026-05-24 01:55:43 | INFO | redis_service | Published message to 'news_headlines'
2026-05-24 01:55:43 | INFO | redis_service | Published message to 'news_headlines'
2026-05-24 01:55:43 | INFO | redis_service | Published message to 'news_headlines'
2026-05-24 01:55:43 | INFO | redis_service | Published message to 'news_headlines'
2026-05-24 01:55:43 | INFO | redis_service | Published message to 'news_headlines'
2026-05-24 01:55:44 | INFO | redis_service | Published message to 'news_headlines'
2026-05-24 01:55:44 | INFO | redis_service | Published message to 'news_headlines'
2026-05-24 01:55:44 | INFO | redis_service | Published message to 'news_headlines'
2026-05-24 01:55:44 | INFO | redis_service | Published message to 'news_headlines'
2026-05-24 01:55:44 | INFO | redis_service | Published message to 'news_headlines'
2026-05-24 01:55:44 | INFO | redis_service | Published message to 'news_headlines'
2026-05-24 01:55:44 | INFO | redis_service | Published message to 'news_headlines'
2026-05-24 01:55:44 | INFO | redis_service | Published message to 'news_headlines'
2026-05-24 01:55:44 | INFO | redis_service | Published message to 'news_headlines'
2026-05-24 01:55:44 | INFO | redis_service | Published message to 'news_headlines'
2026-05-24 01:55:44 | INFO | redis_service | Published message to 'news_headlines'
2026-05-24 01:55:44 | INFO | redis_service | Published message to 'news_headlines'
2026-05-24 01:55:44 | INFO | redis_service | Published message to 'news_headlines'
2026-05-24 01:55:44 | INFO | redis_service | Published message to 'news_headlines'
2026-05-24 01:55:44 | INFO | redis_service | Published message to 'news_headlines'
2026-05-24 01:55:44 | INFO | redis_service | Published message to 'news_headlines'
2026-05-24 01:55:44 | INFO | redis_service | Published message to 'news_headlines'
2026-05-24 01:55:44 | INFO | redis_service | Published message to 'news_headlines'
2026-05-24 01:55:44 | INFO | redis_service | Published message to 'news_headlines'
2026-05-24 01:55:44 | INFO | redis_service | Published message to 'news_headlines'
2026-05-24 01:55:45 | INFO | redis_service | Published message to 'news_headlines'
2026-05-24 01:55:45 | INFO | redis_service | Published message to 'news_headlines'
2026-05-24 01:55:45 | INFO | redis_service | Published message to 'news_headlines'
2026-05-24 01:55:45 | INFO | redis_service | Published message to 'news_headlines'
2026-05-24 01:55:45 | INFO | redis_service | Published message to 'news_headlines'
2026-05-24 01:56:48 | INFO | redis_service | Published message to 'news_headlines'
2026-05-24 01:56:48 | INFO | redis_service | Published message to 'news_headlines'
2026-05-24 01:56:48 | INFO | redis_service | Published message to 'news_headlines'
2026-05-24 01:56:48 | INFO | redis_service | Published message to 'news_headlines'
2026-05-24 01:56:48 | INFO | redis_service | Published message to 'news_headlines'
2026-05-24 01:56:48 | INFO | redis_service | Published message to 'news_headlines'
2026-05-24 01:56:48 | INFO | redis_service | Published message to 'news_headlines'
2026-05-24 01:56:48 | INFO | redis_service | Published message to 'news_headlines'
2026-05-24 01:56:48 | INFO | redis_service | Published message to 'news_headlines'
2026-05-24 01:56:48 | INFO | redis_service | Published message to 'news_headlines'
2026-05-24 01:56:48 | INFO | redis_service | Published message to 'news_headlines'
2026-05-24 01:56:48 | INFO | redis_service | Published message to 'news_headlines'
2026-05-24 01:56:48 | INFO | redis_service | Published message to 'news_headlines'
2026-05-24 01:56:48 | INFO | redis_service | Published message to 'news_headlines'
2026-05-24 01:56:48 | INFO | redis_service | Published message to 'news_headlines'
2026-05-24 01:56:48 | INFO | redis_service | Published message to 'news_headlines'
2026-05-24 01:56:48 | INFO | redis_service | Published message to 'news_headlines'
2026-05-24 01:56:49 | INFO | redis_service | Published message to 'news_headlines'
2026-05-24 01:56:49 | INFO | redis_service | Published message to 'news_headlines'
2026-05-24 01:56:49 | INFO | redis_service | Published message to 'news_headlines'
2026-05-24 01:56:49 | INFO | redis_service | Published message to 'news_headlines'
2026-05-24 01:56:49 | INFO | redis_service | Published message to 'news_headlines'
2026-05-24 01:56:49 | INFO | redis_service | Published message to 'news_headlines'
2026-05-24 01:56:49 | INFO | redis_service | Published message to 'news_headlines'
2026-05-24 01:56:49 | INFO | redis_service | Published message to 'news_headlines'
2026-05-24 01:56:49 | INFO | redis_service | Published message to 'news_headlines'
2026-05-24 01:56:49 | INFO | redis_service | Published message to 'news_headlines'
2026-05-24 01:56:49 | INFO | redis_service | Published message to 'news_headlines'
2026-05-24 01:56:49 | INFO | redis_service | Published message to 'news_headlines'
2026-05-24 01:56:49 | INFO | redis_service | Published message to 'news_headlines'
2026-05-24 01:56:49 | INFO | redis_service | Published message to 'news_headlines'
2026-05-24 01:56:49 | INFO | redis_service | Published message to 'news_headlines'
2026-05-24 01:56:49 | INFO | redis_service | Published message to 'news_headlines'
2026-05-24 01:56:49 | INFO | redis_service | Published message to 'news_headlines'
2026-05-24 01:56:49 | INFO | redis_service | Published message to 'news_headlines'
2026-05-24 01:56:49 | INFO | redis_service | Published message to 'news_headlines'
2026-05-24 01:56:50 | INFO | redis_service | Published message to 'news_headlines'
2026-05-24 01:56:50 | INFO | redis_service | Published message to 'news_headlines'
2026-05-24 01:56:50 | INFO | redis_service | Published message to 'news_headlines'
2026-05-24 01:56:50 | INFO | redis_service | Published message to 'news_headlines'
2026-05-24 01:57:53 | INFO | redis_service | Published message to 'news_headlines'
2026-05-24 01:57:53 | INFO | redis_service | Published message to 'news_headlines'
2026-05-24 01:57:53 | INFO | redis_service | Published message to 'news_headlines'
2026-05-24 01:57:53 | INFO | redis_service | Published message to 'news_headlines'
2026-05-24 01:57:53 | INFO | redis_service | Published message to 'news_headlines'
2026-05-24 01:57:53 | INFO | redis_service | Published message to 'news_headlines'
2026-05-24 01:57:53 | INFO | redis_service | Published message to 'news_headlines'
2026-05-24 01:57:53 | INFO | redis_service | Published message to 'news_headlines'
2026-05-24 01:57:53 | INFO | redis_service | Published message to 'news_headlines'
2026-05-24 01:57:53 | INFO | redis_service | Published message to 'news_headlines'
2026-05-24 01:57:54 | INFO | redis_service | Published message to 'news_headlines'
2026-05-24 01:57:54 | INFO | redis_service | Published message to 'news_headlines'
2026-05-24 01:57:54 | INFO | redis_service | Published message to 'news_headlines'
2026-05-24 01:57:54 | INFO | redis_service | Published message to 'news_headlines'
2026-05-24 01:57:54 | INFO | redis_service | Published message to 'news_headlines'
2026-05-24 01:57:54 | INFO | redis_service | Published message to 'news_headlines'
2026-05-24 01:57:54 | INFO | redis_service | Published message to 'news_headlines'
2026-05-24 01:57:54 | INFO | redis_service | Published message to 'news_headlines'
2026-05-24 01:57:54 | INFO | redis_service | Published message to 'news_headlines'
2026-05-24 01:57:54 | INFO | redis_service | Published message to 'news_headlines'
2026-05-24 01:57:54 | INFO | redis_service | Published message to 'news_headlines'
2026-05-24 01:57:54 | INFO | redis_service | Published message to 'news_headlines'
2026-05-24 01:57:54 | INFO | redis_service | Published message to 'news_headlines'
2026-05-24 01:57:54 | INFO | redis_service | Published message to 'news_headlines'
2026-05-24 01:57:54 | INFO | redis_service | Published message to 'news_headlines'
2026-05-24 01:57:54 | INFO | redis_service | Published message to 'news_headlines'
2026-05-24 01:57:54 | INFO | redis_service | Published message to 'news_headlines'
2026-05-24 01:57:55 | INFO | redis_service | Published message to 'news_headlines'
2026-05-24 01:57:55 | INFO | redis_service | Published message to 'news_headlines'
2026-05-24 01:57:55 | INFO | redis_service | Published message to 'news_headlines'
2026-05-24 01:57:55 | INFO | redis_service | Published message to 'news_headlines'
2026-05-24 01:57:55 | INFO | redis_service | Published message to 'news_headlines'
2026-05-24 01:57:55 | INFO | redis_service | Published message to 'news_headlines'
2026-05-24 01:57:55 | INFO | redis_service | Published message to 'news_headlines'
2026-05-24 01:57:55 | INFO | redis_service | Published message to 'news_headlines'
2026-05-24 01:57:55 | INFO | redis_service | Published message to 'news_headlines'
2026-05-24 01:57:55 | INFO | redis_service | Published message to 'news_headlines'
2026-05-24 01:57:55 | INFO | redis_service | Published message to 'news_headlines'
2026-05-24 01:57:55 | INFO | redis_service | Published message to 'news_headlines'
2026-05-24 01:57:55 | INFO | redis_service | Published message to 'news_headlines'
2026-05-24 01:58:57 | INFO | redis_service | Published message to 'news_headlines'
2026-05-24 01:58:57 | INFO | redis_service | Published message to 'news_headlines'
2026-05-24 01:58:57 | INFO | redis_service | Published message to 'news_headlines'
2026-05-24 01:58:57 | INFO | redis_service | Published message to 'news_headlines'
2026-05-24 01:58:57 | INFO | redis_service | Published message to 'news_headlines'
2026-05-24 01:58:57 | INFO | redis_service | Published message to 'news_headlines'
2026-05-24 01:58:57 | INFO | redis_service | Published message to 'news_headlines'
2026-05-24 01:58:57 | INFO | redis_service | Published message to 'news_headlines'
2026-05-24 01:58:57 | INFO | redis_service | Published message to 'news_headlines'
2026-05-24 01:58:57 | INFO | redis_service | Published message to 'news_headlines'
2026-05-24 01:58:57 | INFO | redis_service | Published message to 'news_headlines'
2026-05-24 01:58:57 | INFO | redis_service | Published message to 'news_headlines'
2026-05-24 01:58:57 | INFO | redis_service | Published message to 'news_headlines'
2026-05-24 01:58:57 | INFO | redis_service | Published message to 'news_headlines'
2026-05-24 01:58:57 | INFO | redis_service | Published message to 'news_headlines'
2026-05-24 01:58:57 | INFO | redis_service | Published message to 'news_headlines'
2026-05-24 01:58:57 | INFO | redis_service | Published message to 'news_headlines'
2026-05-24 01:58:57 | INFO | redis_service | Published message to 'news_headlines'
2026-05-24 01:58:58 | INFO | redis_service | Published message to 'news_headlines'
2026-05-24 01:58:58 | INFO | redis_service | Published message to 'news_headlines'
2026-05-24 01:58:58 | INFO | redis_service | Published message to 'news_headlines'
2026-05-24 01:58:58 | INFO | redis_service | Published message to 'news_headlines'
2026-05-24 01:58:58 | INFO | redis_service | Published message to 'news_headlines'
2026-05-24 01:58:58 | INFO | redis_service | Published message to 'news_headlines'
2026-05-24 01:58:58 | INFO | redis_service | Published message to 'news_headlines'
2026-05-24 01:58:58 | INFO | redis_service | Published message to 'news_headlines'
2026-05-24 01:58:58 | INFO | redis_service | Published message to 'news_headlines'
2026-05-24 01:58:58 | INFO | redis_service | Published message to 'news_headlines'
2026-05-24 01:58:58 | INFO | redis_service | Published message to 'news_headlines'
2026-05-24 01:58:58 | INFO | redis_service | Published message to 'news_headlines'
2026-05-24 01:58:58 | INFO | redis_service | Published message to 'news_headlines'
2026-05-24 01:58:58 | INFO | redis_service | Published message to 'news_headlines'
2026-05-24 01:58:58 | INFO | redis_service | Published message to 'news_headlines'
2026-05-24 01:58:58 | INFO | redis_service | Published message to 'news_headlines'
2026-05-24 01:58:58 | INFO | redis_service | Published message to 'news_headlines'
2026-05-24 01:58:58 | INFO | redis_service | Published message to 'news_headlines'
2026-05-24 01:58:58 | INFO | redis_service | Published message to 'news_headlines'
2026-05-24 01:58:59 | INFO | redis_service | Published message to 'news_headlines'
2026-05-24 01:58:59 | INFO | redis_service | Published message to 'news_headlines'
2026-05-24 01:58:59 | INFO | redis_service | Published message to 'news_headlines'
2026-05-24 02:00:02 | INFO | redis_service | Published message to 'news_headlines'
2026-05-24 02:00:02 | INFO | redis_service | Published message to 'news_headlines'
2026-05-24 02:00:02 | INFO | redis_service | Published message to 'news_headlines'
2026-05-24 02:00:02 | INFO | redis_service | Published message to 'news_headlines'
2026-05-24 02:00:02 | INFO | redis_service | Published message to 'news_headlines'
2026-05-24 02:00:02 | INFO | redis_service | Published message to 'news_headlines'
2026-05-24 02:00:02 | INFO | redis_service | Published message to 'news_headlines'
2026-05-24 02:00:02 | INFO | redis_service | Published message to 'news_headlines'
2026-05-24 02:00:02 | INFO | redis_service | Published message to 'news_headlines'
2026-05-24 02:00:02 | INFO | redis_service | Published message to 'news_headlines'
2026-05-24 02:00:02 | INFO | redis_service | Published message to 'news_headlines'
2026-05-24 02:00:02 | INFO | redis_service | Published message to 'news_headlines'
2026-05-24 02:00:02 | INFO | redis_service | Published message to 'news_headlines'
2026-05-24 02:00:02 | INFO | redis_service | Published message to 'news_headlines'
2026-05-24 02:00:02 | INFO | redis_service | Published message to 'news_headlines'
2026-05-24 02:00:02 | INFO | redis_service | Published message to 'news_headlines'
2026-05-24 02:00:02 | INFO | redis_service | Published message to 'news_headlines'
2026-05-24 02:00:02 | INFO | redis_service | Published message to 'news_headlines'
2026-05-24 02:00:02 | INFO | redis_service | Published message to 'news_headlines'
2026-05-24 02:00:03 | INFO | redis_service | Published message to 'news_headlines'
2026-05-24 02:00:03 | INFO | redis_service | Published message to 'news_headlines'
2026-05-24 02:00:03 | INFO | redis_service | Published message to 'news_headlines'
2026-05-24 02:00:03 | INFO | redis_service | Published message to 'news_headlines'
2026-05-24 02:00:03 | INFO | redis_service | Published message to 'news_headlines'
2026-05-24 02:00:03 | INFO | redis_service | Published message to 'news_headlines'
2026-05-24 02:00:03 | INFO | redis_service | Published message to 'news_headlines'
2026-05-24 02:00:03 | INFO | redis_service | Published message to 'news_headlines'
2026-05-24 02:00:03 | INFO | redis_service | Published message to 'news_headlines'
2026-05-24 02:00:03 | INFO | redis_service | Published message to 'news_headlines'
2026-05-24 02:00:03 | INFO | redis_service | Published message to 'news_headlines'
2026-05-24 02:00:03 | INFO | redis_service | Published message to 'news_headlines'
2026-05-24 02:00:03 | INFO | redis_service | Published message to 'news_headlines'
2026-05-24 02:00:03 | INFO | redis_service | Published message to 'news_headlines'
2026-05-24 02:00:03 | INFO | redis_service | Published message to 'news_headlines'
2026-05-24 02:00:03 | INFO | redis_service | Published message to 'news_headlines'
2026-05-24 02:00:03 | INFO | redis_service | Published message to 'news_headlines'
2026-05-24 02:00:03 | INFO | redis_service | Published message to 'news_headlines'
2026-05-24 02:00:04 | INFO | redis_service | Published message to 'news_headlines'
2026-05-24 02:00:04 | INFO | redis_service | Published message to 'news_headlines'
2026-05-24 02:00:04 | INFO | redis_service | Published message to 'news_headlines'
2026-05-24 02:01:03 | INFO | redis_service | ✅ Connected to Redis
2026-05-24 02:01:05 | INFO | redis_service | Published message to 'news_headlines'
2026-05-24 02:01:05 | INFO | redis_service | Published message to 'news_headlines'
2026-05-24 02:01:05 | INFO | redis_service | Published message to 'news_headlines'
2026-05-24 02:01:05 | INFO | redis_service | Published message to 'news_headlines'
2026-05-24 02:01:05 | INFO | redis_service | Published message to 'news_headlines'
2026-05-24 02:01:05 | INFO | redis_service | Published message to 'news_headlines'
2026-05-24 02:01:05 | INFO | redis_service | Published message to 'news_headlines'
2026-05-24 02:01:05 | INFO | redis_service | Published message to 'news_headlines'
2026-05-24 02:01:05 | INFO | redis_service | Published message to 'news_headlines'
2026-05-24 02:01:06 | INFO | redis_service | Published message to 'news_headlines'
2026-05-24 02:01:06 | INFO | redis_service | Published message to 'news_headlines'
2026-05-24 02:01:06 | INFO | redis_service | Published message to 'news_headlines'
2026-05-24 02:01:06 | INFO | redis_service | Published message to 'news_headlines'
2026-05-24 02:01:06 | INFO | redis_service | Published message to 'news_headlines'
2026-05-24 02:01:06 | INFO | redis_service | Published message to 'news_headlines'
2026-05-24 02:01:06 | INFO | redis_service | Published message to 'news_headlines'
2026-05-24 02:01:06 | INFO | redis_service | Published message to 'news_headlines'
2026-05-24 02:01:06 | INFO | redis_service | Published message to 'news_headlines'
2026-05-24 02:01:06 | INFO | redis_service | Published message to 'news_headlines'
2026-05-24 02:01:06 | INFO | redis_service | Published message to 'news_headlines'
2026-05-24 02:01:06 | INFO | redis_service | Published message to 'news_headlines'
2026-05-24 02:01:06 | INFO | redis_service | Published message to 'news_headlines'
2026-05-24 02:01:06 | INFO | redis_service | Published message to 'news_headlines'
2026-05-24 02:01:06 | INFO | redis_service | Published message to 'news_headlines'
2026-05-24 02:01:06 | INFO | redis_service | Published message to 'news_headlines'
2026-05-24 02:01:06 | INFO | redis_service | Published message to 'news_headlines'
2026-05-24 02:01:06 | INFO | redis_service | Published message to 'news_headlines'
2026-05-24 02:01:06 | INFO | redis_service | Published message to 'news_headlines'
2026-05-24 02:01:07 | INFO | redis_service | Published message to 'news_headlines'
2026-05-24 02:01:07 | INFO | redis_service | Published message to 'news_headlines'
2026-05-24 02:01:07 | INFO | redis_service | Published message to 'news_headlines'
2026-05-24 02:01:07 | INFO | redis_service | Published message to 'news_headlines'
2026-05-24 02:01:07 | INFO | redis_service | Published message to 'news_headlines'
2026-05-24 02:01:07 | INFO | redis_service | Published message to 'news_headlines'
2026-05-24 02:01:07 | INFO | redis_service | Published message to 'news_headlines'
2026-05-24 02:01:07 | INFO | redis_service | Published message to 'news_headlines'
2026-05-24 02:01:07 | INFO | redis_service | Published message to 'news_headlines'
2026-05-24 02:01:07 | INFO | redis_service | Published message to 'news_headlines'
2026-05-24 02:01:07 | INFO | redis_service | Published message to 'news_headlines'
2026-05-24 02:01:07 | INFO | redis_service | Published message to 'news_headlines'
2026-05-24 02:01:17 | INFO | redis_service | ✅ Connected to Redis
2026-05-24 02:01:17 | INFO | redis_service | Subscribed to channel 'news_headlines'
2026-05-24 02:02:10 | INFO | redis_service | Published message to 'news_headlines'
2026-05-24 02:02:10 | INFO | redis_service | Published message to 'news_headlines'
2026-05-24 02:02:10 | INFO | redis_service | Published message to 'news_headlines'
2026-05-24 02:02:10 | INFO | redis_service | Published message to 'news_headlines'
2026-05-24 02:02:11 | INFO | redis_service | Published message to 'news_headlines'
2026-05-24 02:02:11 | INFO | redis_service | Published message to 'news_headlines'
2026-05-24 02:02:11 | INFO | redis_service | Published message to 'news_headlines'
2026-05-24 02:02:11 | INFO | redis_service | Published message to 'news_headlines'
2026-05-24 02:02:11 | INFO | redis_service | Published message to 'news_headlines'
2026-05-24 02:02:11 | INFO | redis_service | Published message to 'news_headlines'
2026-05-24 02:02:11 | INFO | redis_service | Published message to 'news_headlines'
2026-05-24 02:02:11 | INFO | redis_service | Published message to 'news_headlines'
2026-05-24 02:02:11 | INFO | redis_service | Published message to 'news_headlines'
2026-05-24 02:02:11 | INFO | redis_service | Published message to 'news_headlines'
2026-05-24 02:02:11 | INFO | redis_service | Published message to 'news_headlines'
2026-05-24 02:02:11 | INFO | redis_service | Published message to 'news_headlines'
2026-05-24 02:02:11 | INFO | redis_service | Published message to 'news_headlines'
2026-05-24 02:02:11 | INFO | redis_service | Published message to 'news_headlines'
2026-05-24 02:02:11 | INFO | redis_service | Published message to 'news_headlines'
2026-05-24 02:02:11 | INFO | redis_service | Published message to 'news_headlines'
2026-05-24 02:02:11 | INFO | redis_service | Published message to 'news_headlines'
2026-05-24 02:02:11 | INFO | redis_service | Published message to 'news_headlines'
2026-05-24 02:02:12 | INFO | redis_service | Published message to 'news_headlines'
2026-05-24 02:02:12 | INFO | redis_service | Published message to 'news_headlines'
2026-05-24 02:02:12 | INFO | redis_service | Published message to 'news_headlines'
2026-05-24 02:02:12 | INFO | redis_service | Published message to 'news_headlines'
2026-05-24 02:02:12 | INFO | redis_service | Published message to 'news_headlines'
2026-05-24 02:02:12 | INFO | redis_service | Published message to 'news_headlines'
2026-05-24 02:02:12 | INFO | redis_service | Published message to 'news_headlines'
2026-05-24 02:02:12 | INFO | redis_service | Published message to 'news_headlines'
2026-05-24 02:02:12 | INFO | redis_service | Published message to 'news_headlines'
2026-05-24 02:02:12 | INFO | redis_service | Published message to 'news_headlines'
2026-05-24 02:02:12 | INFO | redis_service | Published message to 'news_headlines'
2026-05-24 02:02:12 | INFO | redis_service | Published message to 'news_headlines'
2026-05-24 02:02:12 | INFO | redis_service | Published message to 'news_headlines'
2026-05-24 02:02:12 | INFO | redis_service | Published message to 'news_headlines'
2026-05-24 02:02:12 | INFO | redis_service | Published message to 'news_headlines'
2026-05-24 02:02:12 | INFO | redis_service | Published message to 'news_headlines'
2026-05-24 02:02:12 | INFO | redis_service | Published message to 'news_headlines'
2026-05-24 02:02:12 | INFO | redis_service | Published message to 'news_headlines'
2026-05-24 02:02:16 | INFO | redis_service | Published message to 'predictions'
2026-05-24 02:02:16 | INFO | redis_service | Published message to 'predictions'
2026-05-24 02:02:16 | INFO | redis_service | Published message to 'predictions'
2026-05-24 02:02:16 | INFO | redis_service | Published message to 'predictions'
2026-05-24 02:02:16 | INFO | redis_service | Published message to 'predictions'
2026-05-24 02:02:16 | INFO | redis_service | Published message to 'predictions'
2026-05-24 02:02:16 | INFO | redis_service | Published message to 'predictions'
2026-05-24 02:02:16 | INFO | redis_service | Published message to 'predictions'
2026-05-24 02:02:16 | INFO | redis_service | Published message to 'predictions'
2026-05-24 02:02:16 | INFO | redis_service | Published message to 'predictions'
2026-05-24 02:02:17 | INFO | redis_service | Published message to 'predictions'
2026-05-24 02:02:17 | INFO | redis_service | Published message to 'predictions'
2026-05-24 02:02:17 | INFO | redis_service | Published message to 'predictions'
2026-05-24 02:02:17 | INFO | redis_service | Published message to 'predictions'
2026-05-24 02:02:17 | INFO | redis_service | Published message to 'predictions'
2026-05-24 02:02:17 | INFO | redis_service | Published message to 'predictions'
2026-05-24 02:02:17 | INFO | redis_service | Published message to 'predictions'
2026-05-24 02:02:17 | INFO | redis_service | Published message to 'predictions'
2026-05-24 02:02:17 | INFO | redis_service | Published message to 'predictions'
2026-05-24 02:02:17 | INFO | redis_service | Published message to 'predictions'
2026-05-24 02:02:17 | INFO | redis_service | Published message to 'predictions'
2026-05-24 02:02:17 | INFO | redis_service | Published message to 'predictions'
2026-05-24 02:02:18 | INFO | redis_service | Published message to 'predictions'
2026-05-24 02:02:18 | INFO | redis_service | Published message to 'predictions'
2026-05-24 02:02:18 | INFO | redis_service | Published message to 'predictions'
2026-05-24 02:02:18 | INFO | redis_service | Published message to 'predictions'
2026-05-24 02:02:18 | INFO | redis_service | Published message to 'predictions'
2026-05-24 02:02:18 | INFO | redis_service | Published message to 'predictions'
2026-05-24 02:02:18 | INFO | redis_service | Published message to 'predictions'
2026-05-24 02:02:18 | INFO | redis_service | Published message to 'predictions'
2026-05-24 02:02:18 | INFO | redis_service | Published message to 'predictions'
2026-05-24 02:02:18 | INFO | redis_service | Published message to 'predictions'
2026-05-24 02:02:18 | INFO | redis_service | Published message to 'predictions'
2026-05-24 02:02:18 | INFO | redis_service | Published message to 'predictions'
2026-05-24 02:02:18 | INFO | redis_service | Published message to 'predictions'
2026-05-24 02:02:19 | INFO | redis_service | Published message to 'predictions'
2026-05-24 02:02:19 | INFO | redis_service | Published message to 'predictions'
2026-05-24 02:02:19 | INFO | redis_service | Published message to 'predictions'
2026-05-24 02:02:19 | INFO | redis_service | Published message to 'predictions'
2026-05-24 02:02:19 | INFO | redis_service | Published message to 'predictions'
2026-05-24 02:03:15 | INFO | redis_service | Published message to 'news_headlines'
2026-05-24 02:03:16 | INFO | redis_service | Published message to 'predictions'
2026-05-24 02:03:16 | INFO | redis_service | Published message to 'news_headlines'
2026-05-24 02:03:16 | INFO | redis_service | Published message to 'news_headlines'
2026-05-24 02:03:16 | INFO | redis_service | Published message to 'predictions'
2026-05-24 02:03:16 | INFO | redis_service | Published message to 'news_headlines'
2026-05-24 02:03:16 | INFO | redis_service | Published message to 'news_headlines'
2026-05-24 02:03:16 | INFO | redis_service | Published message to 'predictions'
2026-05-24 02:03:16 | INFO | redis_service | Published message to 'news_headlines'
2026-05-24 02:03:16 | INFO | redis_service | Published message to 'predictions'
2026-05-24 02:03:16 | INFO | redis_service | Published message to 'news_headlines'
2026-05-24 02:03:16 | INFO | redis_service | Published message to 'news_headlines'
2026-05-24 02:03:16 | INFO | redis_service | Published message to 'news_headlines'
2026-05-24 02:03:16 | INFO | redis_service | Published message to 'predictions'
2026-05-24 02:03:16 | INFO | redis_service | Published message to 'news_headlines'
2026-05-24 02:03:16 | INFO | redis_service | Published message to 'predictions'
2026-05-24 02:03:16 | INFO | redis_service | Published message to 'news_headlines'
2026-05-24 02:03:16 | INFO | redis_service | Published message to 'news_headlines'
2026-05-24 02:03:16 | INFO | redis_service | Published message to 'predictions'
2026-05-24 02:03:16 | INFO | redis_service | Published message to 'news_headlines'
2026-05-24 02:03:16 | INFO | redis_service | Published message to 'predictions'
2026-05-24 02:03:16 | INFO | redis_service | Published message to 'news_headlines'
2026-05-24 02:03:16 | INFO | redis_service | Published message to 'news_headlines'
2026-05-24 02:03:16 | INFO | redis_service | Published message to 'predictions'
2026-05-24 02:03:16 | INFO | redis_service | Published message to 'news_headlines'
2026-05-24 02:03:16 | INFO | redis_service | Published message to 'predictions'
2026-05-24 02:03:16 | INFO | redis_service | Published message to 'news_headlines'
2026-05-24 02:03:16 | INFO | redis_service | Published message to 'news_headlines'
2026-05-24 02:03:16 | INFO | redis_service | Published message to 'predictions'
2026-05-24 02:03:16 | INFO | redis_service | Published message to 'news_headlines'
2026-05-24 02:03:17 | INFO | redis_service | Published message to 'news_headlines'
2026-05-24 02:03:17 | INFO | redis_service | Published message to 'news_headlines'
2026-05-24 02:03:17 | INFO | redis_service | Published message to 'predictions'
2026-05-24 02:03:17 | INFO | redis_service | Published message to 'news_headlines'
2026-05-24 02:03:17 | INFO | redis_service | Published message to 'predictions'
2026-05-24 02:03:17 | INFO | redis_service | Published message to 'news_headlines'
2026-05-24 02:03:17 | INFO | redis_service | Published message to 'news_headlines'
2026-05-24 02:03:17 | INFO | redis_service | Published message to 'predictions'
2026-05-24 02:03:17 | INFO | redis_service | Published message to 'news_headlines'
2026-05-24 02:03:17 | INFO | redis_service | Published message to 'news_headlines'
2026-05-24 02:03:17 | INFO | redis_service | Published message to 'predictions'
2026-05-24 02:03:17 | INFO | redis_service | Published message to 'news_headlines'
2026-05-24 02:03:17 | INFO | redis_service | Published message to 'predictions'
2026-05-24 02:03:17 | INFO | redis_service | Published message to 'news_headlines'
2026-05-24 02:03:17 | INFO | redis_service | Published message to 'news_headlines'
2026-05-24 02:03:17 | INFO | redis_service | Published message to 'predictions'
2026-05-24 02:03:17 | INFO | redis_service | Published message to 'news_headlines'
2026-05-24 02:03:17 | INFO | redis_service | Published message to 'predictions'
2026-05-24 02:03:17 | INFO | redis_service | Published message to 'news_headlines'
2026-05-24 02:03:17 | INFO | redis_service | Published message to 'predictions'
2026-05-24 02:03:17 | INFO | redis_service | Published message to 'news_headlines'
2026-05-24 02:03:17 | INFO | redis_service | Published message to 'news_headlines'
2026-05-24 02:03:17 | INFO | redis_service | Published message to 'predictions'
2026-05-24 02:03:17 | INFO | redis_service | Published message to 'news_headlines'
2026-05-24 02:03:17 | INFO | redis_service | Published message to 'news_headlines'
2026-05-24 02:03:17 | INFO | redis_service | Published message to 'predictions'
2026-05-24 02:03:17 | INFO | redis_service | Published message to 'news_headlines'
2026-05-24 02:03:17 | INFO | redis_service | Published message to 'predictions'
2026-05-24 02:03:17 | INFO | redis_service | Published message to 'news_headlines'
2026-05-24 02:03:17 | INFO | redis_service | Published message to 'predictions'
2026-05-24 02:03:17 | INFO | redis_service | Published message to 'news_headlines'
2026-05-24 02:03:18 | INFO | redis_service | Published message to 'news_headlines'
2026-05-24 02:03:18 | INFO | redis_service | Published message to 'predictions'
2026-05-24 02:03:18 | INFO | redis_service | Published message to 'news_headlines'
2026-05-24 02:03:18 | INFO | redis_service | Published message to 'predictions'
2026-05-24 02:03:18 | INFO | redis_service | Published message to 'predictions'
2026-05-24 02:03:18 | INFO | redis_service | Published message to 'predictions'
2026-05-24 02:03:18 | INFO | redis_service | Published message to 'predictions'
2026-05-24 02:03:18 | INFO | redis_service | Published message to 'predictions'
2026-05-24 02:03:18 | INFO | redis_service | Published message to 'predictions'
2026-05-24 02:03:18 | INFO | redis_service | Published message to 'predictions'
2026-05-24 02:03:18 | INFO | redis_service | Published message to 'predictions'
2026-05-24 02:03:18 | INFO | redis_service | Published message to 'predictions'
2026-05-24 02:03:18 | INFO | redis_service | Published message to 'predictions'
2026-05-24 02:03:18 | INFO | redis_service | Published message to 'predictions'
2026-05-24 02:03:19 | INFO | redis_service | Published message to 'predictions'
2026-05-24 02:03:19 | INFO | redis_service | Published message to 'predictions'
2026-05-24 02:03:19 | INFO | redis_service | Published message to 'predictions'
2026-05-24 02:04:19 | INFO | redis_service | Published message to 'news_headlines'
2026-05-24 02:04:19 | INFO | redis_service | Published message to 'news_headlines'
2026-05-24 02:04:19 | INFO | redis_service | Published message to 'predictions'
2026-05-24 02:04:20 | INFO | redis_service | Published message to 'news_headlines'
2026-05-24 02:04:20 | INFO | redis_service | Published message to 'predictions'
2026-05-24 02:04:20 | INFO | redis_service | Published message to 'news_headlines'
2026-05-24 02:04:20 | INFO | redis_service | Published message to 'predictions'
2026-05-24 02:04:20 | INFO | redis_service | Published message to 'news_headlines'
2026-05-24 02:04:20 | INFO | redis_service | Published message to 'news_headlines'
2026-05-24 02:04:20 | INFO | redis_service | Published message to 'predictions'
2026-05-24 02:04:20 | INFO | redis_service | Published message to 'news_headlines'
2026-05-24 02:04:20 | INFO | redis_service | Published message to 'predictions'
2026-05-24 02:04:20 | INFO | redis_service | Published message to 'news_headlines'
2026-05-24 02:04:20 | INFO | redis_service | Published message to 'news_headlines'
2026-05-24 02:04:20 | INFO | redis_service | Published message to 'predictions'
2026-05-24 02:04:20 | INFO | redis_service | Published message to 'news_headlines'
2026-05-24 02:04:20 | INFO | redis_service | Published message to 'predictions'
2026-05-24 02:04:20 | INFO | redis_service | Published message to 'news_headlines'
2026-05-24 02:04:20 | INFO | redis_service | Published message to 'news_headlines'
2026-05-24 02:04:20 | INFO | redis_service | Published message to 'news_headlines'
2026-05-24 02:04:20 | INFO | redis_service | Published message to 'predictions'
2026-05-24 02:04:20 | INFO | redis_service | Published message to 'news_headlines'
2026-05-24 02:04:20 | INFO | redis_service | Published message to 'predictions'
'
2026-05-24 02:04:20 | INFO | redis_service | Published message to 'news_headlines'
2026-05-24 02:04:20 | INFO | redis_service | Published message to 'predictions'
2026-05-24 02:04:20 | INFO | redis_service | Published message to 'news_headlines'
2026-05-24 02:04:20 | INFO | redis_service | Published message to 'predictions'
'
2026-05-24 02:04:20 | INFO | redis_service | Published message to 'news_headlines'
2026-05-24 02:04:20 | INFO | redis_service | Published message to 'predictions'
2026-05-24 02:04:20 | INFO | redis_service | Published message to 'news_headlines'
2026-05-24 02:04:20 | INFO | redis_service | Published message to 'news_headlines'
2026-05-24 02:04:20 | INFO | redis_service | Published message to 'predictions'
2026-05-24 02:04:21 | INFO | redis_service | Published message to 'news_headlines'
2026-05-24 02:04:21 | INFO | redis_service | Published message to 'predictions'
2026-05-24 02:04:21 | INFO | redis_service | Published message to 'news_headlines'
2026-05-24 02:04:21 | INFO | redis_service | Published message to 'predictions'
2026-05-24 02:04:21 | INFO | redis_service | Published message to 'news_headlines'
2026-05-24 02:04:21 | INFO | redis_service | Published message to 'news_headlines'
2026-05-24 02:04:21 | INFO | redis_service | Published message to 'predictions'
2026-05-24 02:04:21 | INFO | redis_service | Published message to 'news_headlines'
2026-05-24 02:04:21 | INFO | redis_service | Published message to 'predictions'
2026-05-24 02:04:21 | INFO | redis_service | Published message to 'news_headlines'
2026-05-24 02:04:21 | INFO | redis_service | Published message to 'news_headlines'
2026-05-24 02:04:21 | INFO | redis_service | Published message to 'predictions'
2026-05-24 02:04:21 | INFO | redis_service | Published message to 'news_headlines'
2026-05-24 02:04:21 | INFO | redis_service | Published message to 'predictions'
2026-05-24 02:04:21 | INFO | redis_service | Published message to 'news_headlines'
2026-05-24 02:04:21 | INFO | redis_service | Published message to 'news_headlines'
2026-05-24 02:04:21 | INFO | redis_service | Published message to 'news_headlines'
2026-05-24 02:04:21 | INFO | redis_service | Published message to 'predictions'
2026-05-24 02:04:21 | INFO | redis_service | Published message to 'news_headlines'
2026-05-24 02:04:21 | INFO | redis_service | Published message to 'news_headlines'
2026-05-24 02:04:21 | INFO | redis_service | Published message to 'predictions'
2026-05-24 02:04:21 | INFO | redis_service | Published message to 'news_headlines'
2026-05-24 02:04:21 | INFO | redis_service | Published message to 'predictions'
2026-05-24 02:04:21 | INFO | redis_service | Published message to 'news_headlines'
2026-05-24 02:04:21 | INFO | redis_service | Published message to 'predictions'
2026-05-24 02:04:21 | INFO | redis_service | Published message to 'news_headlines'
2026-05-24 02:04:21 | INFO | redis_service | Published message to 'news_headlines'
2026-05-24 02:04:21 | INFO | redis_service | Published message to 'predictions'
2026-05-24 02:04:21 | INFO | redis_service | Published message to 'news_headlines'
2026-05-24 02:04:21 | INFO | redis_service | Published message to 'predictions'
2026-05-24 02:04:22 | INFO | redis_service | Published message to 'news_headlines'
2026-05-24 02:04:22 | INFO | redis_service | Published message to 'predictions'
2026-05-24 02:04:22 | INFO | redis_service | Published message to 'predictions'
2026-05-24 02:04:22 | INFO | redis_service | Published message to 'predictions'
2026-05-24 02:04:22 | INFO | redis_service | Published message to 'predictions'
2026-05-24 02:04:22 | INFO | redis_service | Published message to 'predictions'
2026-05-24 02:04:22 | INFO | redis_service | Published message to 'predictions'
2026-05-24 02:04:22 | INFO | redis_service | Published message to 'predictions'
2026-05-24 02:04:22 | INFO | redis_service | Published message to 'predictions'
2026-05-24 02:04:22 | INFO | redis_service | Published message to 'predictions'
2026-05-24 02:04:22 | INFO | redis_service | Published message to 'predictions'
2026-05-24 02:04:22 | INFO | redis_service | Published message to 'predictions'
2026-05-24 02:04:22 | INFO | redis_service | Published message to 'predictions'
2026-05-24 02:04:23 | INFO | redis_service | Published message to 'predictions'
2026-05-24 02:05:23 | INFO | redis_service | Published message to 'news_headlines'
2026-05-24 02:05:23 | INFO | redis_service | Published message to 'news_headlines'
2026-05-24 02:05:23 | INFO | redis_service | Published message to 'news_headlines'
2026-05-24 02:05:23 | INFO | redis_service | Published message to 'news_headlines'
2026-05-24 02:05:23 | INFO | redis_service | Published message to 'news_headlines'
2026-05-24 02:05:23 | INFO | redis_service | Published message to 'news_headlines'
2026-05-24 02:05:23 | INFO | redis_service | Published message to 'news_headlines'
2026-05-24 02:05:24 | INFO | redis_service | Published message to 'news_headlines'
2026-05-24 02:05:24 | INFO | redis_service | Published message to 'news_headlines'
2026-05-24 02:05:24 | INFO | redis_service | Published message to 'news_headlines'
2026-05-24 02:05:24 | INFO | redis_service | Published message to 'news_headlines'
2026-05-24 02:05:24 | INFO | redis_service | Published message to 'news_headlines'
2026-05-24 02:05:24 | INFO | redis_service | Published message to 'news_headlines'
2026-05-24 02:05:24 | INFO | redis_service | Published message to 'news_headlines'
2026-05-24 02:05:24 | INFO | redis_service | Published message to 'news_headlines'
2026-05-24 02:05:24 | INFO | redis_service | Published message to 'news_headlines'
2026-05-24 02:05:24 | INFO | redis_service | Published message to 'news_headlines'
2026-05-24 02:05:24 | INFO | redis_service | Published message to 'news_headlines'
2026-05-24 02:05:24 | INFO | redis_service | Published message to 'news_headlines'
2026-05-24 02:05:24 | INFO | redis_service | Published message to 'news_headlines'
2026-05-24 02:05:24 | INFO | redis_service | Published message to 'news_headlines'
2026-05-24 02:05:24 | INFO | redis_service | Published message to 'news_headlines'
2026-05-24 02:05:24 | INFO | redis_service | Published message to 'news_headlines'
2026-05-24 02:05:24 | INFO | redis_service | Published message to 'news_headlines'
2026-05-24 02:05:24 | INFO | redis_service | Published message to 'news_headlines'
2026-05-24 02:05:24 | INFO | redis_service | Published message to 'news_headlines'
2026-05-24 02:05:25 | INFO | redis_service | Published message to 'news_headlines'
2026-05-24 02:05:25 | INFO | redis_service | Published message to 'news_headlines'
2026-05-24 02:05:25 | INFO | redis_service | Published message to 'news_headlines'
2026-05-24 02:05:25 | INFO | redis_service | Published message to 'news_headlines'
2026-05-24 02:05:25 | INFO | redis_service | Published message to 'news_headlines'
2026-05-24 02:05:25 | INFO | redis_service | Published message to 'news_headlines'
2026-05-24 02:05:25 | INFO | redis_service | Published message to 'news_headlines'
2026-05-24 02:05:25 | INFO | redis_service | Published message to 'news_headlines'
2026-05-24 02:05:25 | INFO | redis_service | Published message to 'news_headlines'
2026-05-24 02:05:25 | INFO | redis_service | Published message to 'news_headlines'
2026-05-24 02:05:25 | INFO | redis_service | Published message to 'news_headlines'
2026-05-24 02:05:25 | INFO | redis_service | Published message to 'news_headlines'
2026-05-24 02:05:25 | INFO | redis_service | Published message to 'news_headlines'
2026-05-24 02:05:25 | INFO | redis_service | Published message to 'news_headlines'
2026-05-24 02:06:28 | INFO | redis_service | Published message to 'news_headlines'
2026-05-24 02:06:28 | INFO | redis_service | Published message to 'news_headlines'
2026-05-24 02:06:28 | INFO | redis_service | Published message to 'news_headlines'
2026-05-24 02:06:28 | INFO | redis_service | Published message to 'news_headlines'
2026-05-24 02:06:28 | INFO | redis_service | Published message to 'news_headlines'
2026-05-24 02:06:28 | INFO | redis_service | Published message to 'news_headlines'
2026-05-24 02:06:28 | INFO | redis_service | Published message to 'news_headlines'
2026-05-24 02:06:29 | INFO | redis_service | Published message to 'news_headlines'
2026-05-24 02:06:29 | INFO | redis_service | Published message to 'news_headlines'
2026-05-24 02:06:29 | INFO | redis_service | Published message to 'news_headlines'
2026-05-24 02:06:29 | INFO | redis_service | Published message to 'news_headlines'
2026-05-24 02:06:29 | INFO | redis_service | Published message to 'news_headlines'
2026-05-24 02:06:29 | INFO | redis_service | Published message to 'news_headlines'
2026-05-24 02:06:29 | INFO | redis_service | Published message to 'news_headlines'
2026-05-24 02:06:29 | INFO | redis_service | Published message to 'news_headlines'
2026-05-24 02:06:29 | INFO | redis_service | Published message to 'news_headlines'
2026-05-24 02:06:29 | INFO | redis_service | Published message to 'news_headlines'
2026-05-24 02:06:29 | INFO | redis_service | Published message to 'news_headlines'
2026-05-24 02:06:29 | INFO | redis_service | Published message to 'news_headlines'
2026-05-24 02:06:29 | INFO | redis_service | Published message to 'news_headlines'
2026-05-24 02:06:29 | INFO | redis_service | Published message to 'news_headlines'
2026-05-24 02:06:29 | INFO | redis_service | Published message to 'news_headlines'
2026-05-24 02:06:29 | INFO | redis_service | Published message to 'news_headlines'
2026-05-24 02:06:29 | INFO | redis_service | Published message to 'news_headlines'
2026-05-24 02:06:29 | INFO | redis_service | Published message to 'news_headlines'
2026-05-24 02:06:29 | INFO | redis_service | Published message to 'news_headlines'
2026-05-24 02:06:29 | INFO | redis_service | Published message to 'news_headlines'
2026-05-24 02:06:30 | INFO | redis_service | Published message to 'news_headlines'
2026-05-24 02:06:30 | INFO | redis_service | Published message to 'news_headlines'
2026-05-24 02:06:30 | INFO | redis_service | Published message to 'news_headlines'
2026-05-24 02:06:30 | INFO | redis_service | Published message to 'news_headlines'
2026-05-24 02:06:30 | INFO | redis_service | Published message to 'news_headlines'
2026-05-24 02:06:30 | INFO | redis_service | Published message to 'news_headlines'
2026-05-24 02:06:30 | INFO | redis_service | Published message to 'news_headlines'
2026-05-24 02:06:30 | INFO | redis_service | Published message to 'news_headlines'
2026-05-24 02:06:30 | INFO | redis_service | Published message to 'news_headlines'
2026-05-24 02:06:30 | INFO | redis_service | Published message to 'news_headlines'
2026-05-24 02:06:30 | INFO | redis_service | Published message to 'news_headlines'
2026-05-24 02:06:30 | INFO | redis_service | Published message to 'news_headlines'
2026-05-24 02:06:30 | INFO | redis_service | Published message to 'news_headlines'
2026-05-24 02:07:32 | INFO | redis_service | Published message to 'news_headlines'
2026-05-24 02:07:32 | INFO | redis_service | Published message to 'news_headlines'
2026-05-24 02:07:32 | INFO | redis_service | Published message to 'news_headlines'
2026-05-24 02:07:32 | INFO | redis_service | Published message to 'news_headlines'
2026-05-24 02:07:32 | INFO | redis_service | Published message to 'news_headlines'
2026-05-24 02:07:32 | INFO | redis_service | Published message to 'news_headlines'
2026-05-24 02:07:32 | INFO | redis_service | Published message to 'news_headlines'
2026-05-24 02:07:32 | INFO | redis_service | Published message to 'news_headlines'
2026-05-24 02:07:33 | INFO | redis_service | Published message to 'news_headlines'
2026-05-24 02:07:33 | INFO | redis_service | Published message to 'news_headlines'
2026-05-24 02:07:33 | INFO | redis_service | Published message to 'news_headlines'
2026-05-24 02:07:33 | INFO | redis_service | Published message to 'news_headlines'
2026-05-24 02:07:33 | INFO | redis_service | Published message to 'news_headlines'
2026-05-24 02:07:33 | INFO | redis_service | Published message to 'news_headlines'
2026-05-24 02:07:33 | INFO | redis_service | Published message to 'news_headlines'
2026-05-24 02:07:33 | INFO | redis_service | Published message to 'news_headlines'
2026-05-24 02:07:33 | INFO | redis_service | Published message to 'news_headlines'
2026-05-24 02:07:33 | INFO | redis_service | Published message to 'news_headlines'
2026-05-24 02:07:33 | INFO | redis_service | Published message to 'news_headlines'
2026-05-24 02:07:33 | INFO | redis_service | Published message to 'news_headlines'
2026-05-24 02:07:33 | INFO | redis_service | Published message to 'news_headlines'
2026-05-24 02:07:33 | INFO | redis_service | Published message to 'news_headlines'
2026-05-24 02:07:33 | INFO | redis_service | Published message to 'news_headlines'
2026-05-24 02:07:33 | INFO | redis_service | Published message to 'news_headlines'
2026-05-24 02:07:33 | INFO | redis_service | Published message to 'news_headlines'
2026-05-24 02:07:33 | INFO | redis_service | Published message to 'news_headlines'
2026-05-24 02:07:34 | INFO | redis_service | Published message to 'news_headlines'
2026-05-24 02:07:34 | INFO | redis_service | Published message to 'news_headlines'
2026-05-24 02:07:34 | INFO | redis_service | Published message to 'news_headlines'
2026-05-24 02:07:34 | INFO | redis_service | Published message to 'news_headlines'
2026-05-24 02:07:34 | INFO | redis_service | Published message to 'news_headlines'
2026-05-24 02:07:34 | INFO | redis_service | Published message to 'news_headlines'
2026-05-24 02:07:34 | INFO | redis_service | Published message to 'news_headlines'
2026-05-24 02:07:34 | INFO | redis_service | Published message to 'news_headlines'
2026-05-24 02:07:34 | INFO | redis_service | Published message to 'news_headlines'
2026-05-24 02:07:34 | INFO | redis_service | Published message to 'news_headlines'
2026-05-24 02:07:34 | INFO | redis_service | Published message to 'news_headlines'
2026-05-24 02:07:34 | INFO | redis_service | Published message to 'news_headlines'
2026-05-24 02:07:34 | INFO | redis_service | Published message to 'news_headlines'
2026-05-24 02:07:34 | INFO | redis_service | Published message to 'news_headlines'
2026-05-24 02:08:37 | INFO | redis_service | Published message to 'news_headlines'
2026-05-24 02:08:37 | INFO | redis_service | Published message to 'news_headlines'
2026-05-24 02:08:37 | INFO | redis_service | Published message to 'news_headlines'
2026-05-24 02:08:37 | INFO | redis_service | Published message to 'news_headlines'
2026-05-24 02:08:37 | INFO | redis_service | Published message to 'news_headlines'
2026-05-24 02:08:37 | INFO | redis_service | Published message to 'news_headlines'
2026-05-24 02:08:37 | INFO | redis_service | Published message to 'news_headlines'
2026-05-24 02:08:37 | INFO | redis_service | Published message to 'news_headlines'
2026-05-24 02:08:37 | INFO | redis_service | Published message to 'news_headlines'
2026-05-24 02:08:38 | INFO | redis_service | Published message to 'news_headlines'
2026-05-24 02:08:38 | INFO | redis_service | Published message to 'news_headlines'
2026-05-24 02:08:38 | INFO | redis_service | Published message to 'news_headlines'
2026-05-24 02:08:38 | INFO | redis_service | Published message to 'news_headlines'
2026-05-24 02:08:38 | INFO | redis_service | Published message to 'news_headlines'
2026-05-24 02:08:38 | INFO | redis_service | Published message to 'news_headlines'
2026-05-24 02:08:38 | INFO | redis_service | Published message to 'news_headlines'
2026-05-24 02:08:38 | INFO | redis_service | Published message to 'news_headlines'
2026-05-24 02:08:38 | INFO | redis_service | Published message to 'news_headlines'
2026-05-24 02:08:38 | INFO | redis_service | Published message to 'news_headlines'
2026-05-24 02:08:38 | INFO | redis_service | Published message to 'news_headlines'
2026-05-24 02:08:38 | INFO | redis_service | Published message to 'news_headlines'
2026-05-24 02:08:38 | INFO | redis_service | Published message to 'news_headlines'
2026-05-24 02:08:38 | INFO | redis_service | Published message to 'news_headlines'
2026-05-24 02:08:38 | INFO | redis_service | Published message to 'news_headlines'
2026-05-24 02:08:38 | INFO | redis_service | Published message to 'news_headlines'
2026-05-24 02:08:38 | INFO | redis_service | Published message to 'news_headlines'
2026-05-24 02:08:38 | INFO | redis_service | Published message to 'news_headlines'
2026-05-24 02:08:38 | INFO | redis_service | Published message to 'news_headlines'
2026-05-24 02:08:38 | INFO | redis_service | Published message to 'news_headlines'
2026-05-24 02:08:38 | INFO | redis_service | Published message to 'news_headlines'
2026-05-24 02:08:39 | INFO | redis_service | Published message to 'news_headlines'
2026-05-24 02:08:39 | INFO | redis_service | Published message to 'news_headlines'
2026-05-24 02:08:39 | INFO | redis_service | Published message to 'news_headlines'
2026-05-24 02:08:39 | INFO | redis_service | Published message to 'news_headlines'
2026-05-24 02:08:39 | INFO | redis_service | Published message to 'news_headlines'
2026-05-24 02:08:39 | INFO | redis_service | Published message to 'news_headlines'
2026-05-24 02:08:39 | INFO | redis_service | Published message to 'news_headlines'
2026-05-24 02:08:39 | INFO | redis_service | Published message to 'news_headlines'
2026-05-24 02:08:39 | INFO | redis_service | Published message to 'news_headlines'
2026-05-24 02:08:39 | INFO | redis_service | Published message to 'news_headlines'
2026-05-24 02:09:42 | INFO | redis_service | Published message to 'news_headlines'
2026-05-24 02:09:42 | INFO | redis_service | Published message to 'news_headlines'
2026-05-24 02:09:42 | INFO | redis_service | Published message to 'news_headlines'
2026-05-24 02:09:42 | INFO | redis_service | Published message to 'news_headlines'
2026-05-24 02:09:42 | INFO | redis_service | Published message to 'news_headlines'
2026-05-24 02:09:42 | INFO | redis_service | Published message to 'news_headlines'
2026-05-24 02:09:42 | INFO | redis_service | Published message to 'news_headlines'
2026-05-24 02:09:42 | INFO | redis_service | Published message to 'news_headlines'
2026-05-24 02:09:42 | INFO | redis_service | Published message to 'news_headlines'
2026-05-24 02:09:42 | INFO | redis_service | Published message to 'news_headlines'
2026-05-24 02:09:42 | INFO | redis_service | Published message to 'news_headlines'
2026-05-24 02:09:42 | INFO | redis_service | Published message to 'news_headlines'
2026-05-24 02:09:42 | INFO | redis_service | ✅ Connected to Redis
2026-05-24 02:09:42 | INFO | redis_service | Subscribed to channel 'news_headlines'
2026-05-24 02:09:42 | INFO | redis_service | Published message to 'news_headlines'
2026-05-24 02:09:42 | INFO | redis_service | Published message to 'news_headlines'
2026-05-24 02:09:42 | INFO | redis_service | Published message to 'news_headlines'
2026-05-24 02:09:42 | INFO | redis_service | Published message to 'news_headlines'
2026-05-24 02:09:42 | INFO | redis_service | Published message to 'news_headlines'
2026-05-24 02:09:43 | INFO | redis_service | Published message to 'news_headlines'
2026-05-24 02:09:43 | INFO | redis_service | Published message to 'news_headlines'
2026-05-24 02:09:43 | INFO | redis_service | Published message to 'news_headlines'
2026-05-24 02:09:43 | INFO | redis_service | Published message to 'news_headlines'
2026-05-24 02:09:43 | INFO | redis_service | Published message to 'news_headlines'
2026-05-24 02:09:43 | INFO | redis_service | Published message to 'news_headlines'
2026-05-24 02:09:43 | INFO | redis_service | Published message to 'news_headlines'
2026-05-24 02:09:43 | INFO | redis_service | Published message to 'news_headlines'
2026-05-24 02:09:43 | INFO | redis_service | Published message to 'news_headlines'
2026-05-24 02:09:43 | INFO | redis_service | Published message to 'news_headlines'
2026-05-24 02:09:43 | INFO | redis_service | Published message to 'news_headlines'
2026-05-24 02:09:43 | INFO | redis_service | Published message to 'news_headlines'
2026-05-24 02:09:43 | INFO | redis_service | Published message to 'news_headlines'
2026-05-24 02:09:43 | INFO | redis_service | Published message to 'news_headlines'
2026-05-24 02:09:43 | INFO | redis_service | Published message to 'news_headlines'
2026-05-24 02:09:43 | INFO | redis_service | Published message to 'news_headlines'
2026-05-24 02:09:43 | INFO | redis_service | Published message to 'news_headlines'
2026-05-24 02:09:43 | INFO | redis_service | Published message to 'news_headlines'
2026-05-24 02:09:43 | INFO | redis_service | Published message to 'news_headlines'
2026-05-24 02:09:44 | INFO | redis_service | Published message to 'news_headlines'
2026-05-24 02:09:44 | INFO | redis_service | Published message to 'news_headlines'
2026-05-24 02:09:44 | INFO | redis_service | Published message to 'news_headlines'
2026-05-24 02:09:44 | INFO | redis_service | Published message to 'news_headlines'
2026-05-24 02:09:45 | INFO | redis_service | Published message to 'predictions'
2026-05-24 02:09:45 | INFO | redis_service | Published message to 'predictions'
2026-05-24 02:09:46 | INFO | redis_service | Published message to 'predictions'
2026-05-24 02:09:46 | INFO | redis_service | Published message to 'predictions'
2026-05-24 02:09:46 | INFO | redis_service | Published message to 'predictions'
2026-05-24 02:09:46 | INFO | redis_service | Published message to 'predictions'
2026-05-24 02:09:46 | INFO | redis_service | Published message to 'predictions'
2026-05-24 02:09:46 | INFO | redis_service | Published message to 'predictions'
2026-05-24 02:09:46 | INFO | redis_service | Published message to 'predictions'
2026-05-24 02:09:46 | INFO | redis_service | Published message to 'predictions'
2026-05-24 02:09:46 | INFO | redis_service | Published message to 'predictions'
2026-05-24 02:09:46 | INFO | redis_service | Published message to 'predictions'
2026-05-24 02:09:46 | INFO | redis_service | Published message to 'predictions'
2026-05-24 02:09:46 | INFO | redis_service | Published message to 'predictions'
2026-05-24 02:09:46 | INFO | redis_service | Published message to 'predictions'
2026-05-24 02:09:47 | INFO | redis_service | Published message to 'predictions'
2026-05-24 02:09:47 | INFO | redis_service | Published message to 'predictions'
2026-05-24 02:09:47 | INFO | redis_service | Published message to 'predictions'
2026-05-24 02:09:47 | INFO | redis_service | Published message to 'predictions'
2026-05-24 02:09:47 | INFO | redis_service | Published message to 'predictions'
2026-05-24 02:09:47 | INFO | redis_service | Published message to 'predictions'
2026-05-24 02:09:47 | INFO | redis_service | Published message to 'predictions'
2026-05-24 02:09:47 | INFO | redis_service | Published message to 'predictions'
2026-05-24 02:09:47 | INFO | redis_service | Published message to 'predictions'
2026-05-24 02:09:47 | INFO | redis_service | Published message to 'predictions'
2026-05-24 02:09:47 | INFO | redis_service | Published message to 'predictions'
2026-05-24 02:09:47 | INFO | redis_service | Published message to 'predictions'
2026-05-24 02:10:47 | INFO | redis_service | Published message to 'news_headlines'
2026-05-24 02:10:47 | INFO | redis_service | Published message to 'news_headlines'
2026-05-24 02:10:47 | INFO | redis_service | Published message to 'predictions'
2026-05-24 02:10:47 | INFO | redis_service | Published message to 'news_headlines'
2026-05-24 02:10:47 | INFO | redis_service | Published message to 'predictions'
2026-05-24 02:10:47 | INFO | redis_service | Published message to 'news_headlines'
2026-05-24 02:10:47 | INFO | redis_service | Published message to 'news_headlines'
2026-05-24 02:10:47 | INFO | redis_service | Published message to 'predictions'
2026-05-24 02:10:47 | INFO | redis_service | Published message to 'news_headlines'
2026-05-24 02:10:47 | INFO | redis_service | Published message to 'predictions'
2026-05-24 02:10:47 | INFO | redis_service | Published message to 'news_headlines'
2026-05-24 02:10:47 | INFO | redis_service | Published message to 'news_headlines'
2026-05-24 02:10:47 | INFO | redis_service | Published message to 'predictions'
2026-05-24 02:10:47 | INFO | redis_service | Published message to 'news_headlines'
2026-05-24 02:10:47 | INFO | redis_service | Published message to 'predictions'
2026-05-24 02:10:47 | INFO | redis_service | Published message to 'news_headlines'
2026-05-24 02:10:47 | INFO | redis_service | Published message to 'news_headlines'
2026-05-24 02:10:47 | INFO | redis_service | Published message to 'predictions'
2026-05-24 02:10:47 | INFO | redis_service | Published message to 'news_headlines'
2026-05-24 02:10:48 | INFO | redis_service | Published message to 'news_headlines'
2026-05-24 02:10:48 | INFO | redis_service | Published message to 'predictions'
2026-05-24 02:10:48 | INFO | redis_service | Published message to 'news_headlines'
2026-05-24 02:10:48 | INFO | redis_service | Published message to 'predictions'
2026-05-24 02:10:48 | INFO | redis_service | Published message to 'news_headlines'
2026-05-24 02:10:48 | INFO | redis_service | Published message to 'news_headlines'
2026-05-24 02:10:48 | INFO | redis_service | Published message to 'predictions'
2026-05-24 02:10:48 | INFO | redis_service | Published message to 'news_headlines'
2026-05-24 02:10:48 | INFO | redis_service | Published message to 'news_headlines'
2026-05-24 02:10:48 | INFO | redis_service | Published message to 'predictions'
2026-05-24 02:10:48 | INFO | redis_service | Published message to 'news_headlines'
2026-05-24 02:10:48 | INFO | redis_service | Published message to 'news_headlines'
2026-05-24 02:10:48 | INFO | redis_service | Published message to 'predictions'
2026-05-24 02:10:48 | INFO | redis_service | Published message to 'news_headlines'
2026-05-24 02:10:48 | INFO | redis_service | Published message to 'predictions'
2026-05-24 02:10:48 | INFO | redis_service | Published message to 'news_headlines'
2026-05-24 02:10:48 | INFO | redis_service | Published message to 'predictions'
2026-05-24 02:10:48 | INFO | redis_service | Published message to 'news_headlines'
2026-05-24 02:10:48 | INFO | redis_service | Published message to 'news_headlines'
2026-05-24 02:10:48 | INFO | redis_service | Published message to 'predictions'
2026-05-24 02:10:48 | INFO | redis_service | Published message to 'news_headlines'
2026-05-24 02:10:48 | INFO | redis_service | Published message to 'news_headlines'
2026-05-24 02:10:48 | INFO | redis_service | Published message to 'predictions'
2026-05-24 02:10:48 | INFO | redis_service | Published message to 'news_headlines'
2026-05-24 02:10:48 | INFO | redis_service | Published message to 'predictions'
2026-05-24 02:10:48 | INFO | redis_service | Published message to 'news_headlines'
2026-05-24 02:10:48 | INFO | redis_service | Published message to 'news_headlines'
2026-05-24 02:10:48 | INFO | redis_service | Published message to 'predictions'
2026-05-24 02:10:48 | INFO | redis_service | Published message to 'news_headlines'
2026-05-24 02:10:49 | INFO | redis_service | Published message to 'predictions'
2026-05-24 02:10:49 | INFO | redis_service | Published message to 'news_headlines'
2026-05-24 02:10:49 | INFO | redis_service | Published message to 'news_headlines'
2026-05-24 02:10:49 | INFO | redis_service | Published message to 'predictions'
2026-05-24 02:10:49 | INFO | redis_service | Published message to 'news_headlines'
2026-05-24 02:10:49 | INFO | redis_service | Published message to 'predictions'
2026-05-24 02:10:49 | INFO | redis_service | Published message to 'news_headlines'
2026-05-24 02:10:49 | INFO | redis_service | Published message to 'news_headlines'
2026-05-24 02:10:49 | INFO | redis_service | Published message to 'predictions'
2026-05-24 02:10:49 | INFO | redis_service | Published message to 'news_headlines'
2026-05-24 02:10:49 | INFO | redis_service | Published message to 'predictions'
2026-05-24 02:10:49 | INFO | redis_service | Published message to 'news_headlines'
2026-05-24 02:10:49 | INFO | redis_service | Published message to 'news_headlines'
2026-05-24 02:10:49 | INFO | redis_service | Published message to 'predictions'
2026-05-24 02:10:49 | INFO | redis_service | Published message to 'news_headlines'
2026-05-24 02:10:49 | INFO | redis_service | Published message to 'predictions'
2026-05-24 02:10:49 | INFO | redis_service | Published message to 'news_headlines'
2026-05-24 02:10:49 | INFO | redis_service | Published message to 'predictions'
2026-05-24 02:10:49 | INFO | redis_service | Published message to 'predictions'
2026-05-24 02:10:49 | INFO | redis_service | Published message to 'predictions'
2026-05-24 02:10:49 | INFO | redis_service | Published message to 'predictions'
2026-05-24 02:10:49 | INFO | redis_service | Published message to 'predictions'
2026-05-24 02:10:49 | INFO | redis_service | Published message to 'predictions'
2026-05-24 02:10:50 | INFO | redis_service | Published message to 'predictions'
2026-05-24 02:10:50 | INFO | redis_service | Published message to 'predictions'
2026-05-24 02:10:50 | INFO | redis_service | Published message to 'predictions'
2026-05-24 02:10:50 | INFO | redis_service | Published message to 'predictions'
2026-05-24 02:10:50 | INFO | redis_service | Published message to 'predictions'
2026-05-24 02:10:50 | INFO | redis_service | Published message to 'predictions'
2026-05-24 02:10:50 | INFO | redis_service | Published message to 'predictions'
2026-05-24 02:10:50 | INFO | redis_service | Published message to 'predictions'
2026-05-24 02:10:50 | INFO | redis_service | Published message to 'predictions'
2026-05-24 02:11:52 | INFO | redis_service | Published message to 'news_headlines'
2026-05-24 02:11:52 | INFO | redis_service | Published message to 'news_headlines'
2026-05-24 02:11:52 | INFO | redis_service | Published message to 'predictions'
2026-05-24 02:11:52 | INFO | redis_service | Published message to 'news_headlines'
2026-05-24 02:11:52 | INFO | redis_service | Published message to 'predictions'
2026-05-24 02:11:52 | INFO | redis_service | Published message to 'news_headlines'
2026-05-24 02:11:53 | INFO | redis_service | Published message to 'news_headlines'
2026-05-24 02:11:53 | INFO | redis_service | Published message to 'predictions'
2026-05-24 02:11:53 | INFO | redis_service | Published message to 'news_headlines'
2026-05-24 02:11:53 | INFO | redis_service | Published message to 'predictions'
2026-05-24 02:11:53 | INFO | redis_service | Published message to 'news_headlines'
2026-05-24 02:11:53 | INFO | redis_service | Published message to 'news_headlines'
2026-05-24 02:11:53 | INFO | redis_service | Published message to 'predictions'
2026-05-24 02:11:53 | INFO | redis_service | Published message to 'news_headlines'
2026-05-24 02:11:53 | INFO | redis_service | Published message to 'predictions'
2026-05-24 02:11:53 | INFO | redis_service | Published message to 'news_headlines'
2026-05-24 02:11:53 | INFO | redis_service | Published message to 'news_headlines'
2026-05-24 02:11:53 | INFO | redis_service | Published message to 'predictions'
2026-05-24 02:11:53 | INFO | redis_service | Published message to 'news_headlines'
2026-05-24 02:11:53 | INFO | redis_service | Published message to 'news_headlines'
2026-05-24 02:11:53 | INFO | redis_service | Published message to 'predictions'
2026-05-24 02:11:53 | INFO | redis_service | Published message to 'news_headlines'
2026-05-24 02:11:53 | INFO | redis_service | Published message to 'predictions'
2026-05-24 02:11:53 | INFO | redis_service | Published message to 'news_headlines'
2026-05-24 02:11:53 | INFO | redis_service | Published message to 'news_headlines'
2026-05-24 02:11:53 | INFO | redis_service | Published message to 'predictions'
2026-05-24 02:11:53 | INFO | redis_service | Published message to 'news_headlines'
2026-05-24 02:11:53 | INFO | redis_service | Published message to 'predictions'
'
2026-05-24 02:11:53 | INFO | redis_service | Published message to 'news_headlines'
2026-05-24 02:11:53 | INFO | redis_service | Published message to 'predictions'
2026-05-24 02:11:53 | INFO | redis_service | Published message to 'news_headlines'
2026-05-24 02:11:53 | INFO | redis_service | Published message to 'news_headlines'
2026-05-24 02:11:53 | INFO | redis_service | Published message to 'predictions'
2026-05-24 02:11:53 | INFO | redis_service | Published message to 'news_headlines'
2026-05-24 02:11:53 | INFO | redis_service | Published message to 'news_headlines'
2026-05-24 02:11:53 | INFO | redis_service | Published message to 'predictions'
2026-05-24 02:11:54 | INFO | redis_service | Published message to 'news_headlines'
2026-05-24 02:11:54 | INFO | redis_service | Published message to 'predictions'
2026-05-24 02:11:54 | INFO | redis_service | Published message to 'news_headlines'
2026-05-24 02:11:54 | INFO | redis_service | Published message to 'predictions'
2026-05-24 02:11:54 | INFO | redis_service | Published message to 'news_headlines'
2026-05-24 02:11:54 | INFO | redis_service | Published message to 'news_headlines'
2026-05-24 02:11:54 | INFO | redis_service | Published message to 'predictions'
2026-05-24 02:11:54 | INFO | redis_service | Published message to 'news_headlines'
2026-05-24 02:11:54 | INFO | redis_service | Published message to 'predictions'
2026-05-24 02:11:54 | INFO | redis_service | Published message to 'news_headlines'
2026-05-24 02:11:54 | INFO | redis_service | Published message to 'news_headlines'
2026-05-24 02:11:54 | INFO | redis_service | Published message to 'predictions'
2026-05-24 02:11:54 | INFO | redis_service | Published message to 'news_headlines'
2026-05-24 02:11:54 | INFO | redis_service | Published message to 'news_headlines'
2026-05-24 02:11:54 | INFO | redis_service | Published message to 'news_headlines'
2026-05-24 02:11:54 | INFO | redis_service | Published message to 'predictions'
2026-05-24 02:11:54 | INFO | redis_service | Published message to 'news_headlines'
2026-05-24 02:11:54 | INFO | redis_service | Published message to 'news_headlines'
2026-05-24 02:11:54 | INFO | redis_service | Published message to 'predictions'
2026-05-24 02:11:54 | INFO | redis_service | Published message to 'news_headlines'
2026-05-24 02:11:54 | INFO | redis_service | Published message to 'news_headlines'
2026-05-24 02:11:54 | INFO | redis_service | Published message to 'news_headlines'
2026-05-24 02:11:54 | INFO | redis_service | Published message to 'predictions'
2026-05-24 02:11:54 | INFO | redis_service | Published message to 'news_headlines'
2026-05-24 02:11:54 | INFO | redis_service | Published message to 'news_headlines'
2026-05-24 02:11:54 | INFO | redis_service | Published message to 'predictions'
2026-05-24 02:11:55 | INFO | redis_service | Published message to 'predictions'
2026-05-24 02:11:55 | INFO | redis_service | Published message to 'predictions'
2026-05-24 02:11:55 | INFO | redis_service | Published message to 'predictions'
2026-05-24 02:11:55 | INFO | redis_service | Published message to 'predictions'
2026-05-24 02:11:55 | INFO | redis_service | Published message to 'predictions'
2026-05-24 02:11:55 | INFO | redis_service | Published message to 'predictions'
2026-05-24 02:11:55 | INFO | redis_service | Published message to 'predictions'
2026-05-24 02:11:55 | INFO | redis_service | Published message to 'predictions'
2026-05-24 02:11:55 | INFO | redis_service | Published message to 'predictions'
2026-05-24 02:11:55 | INFO | redis_service | Published message to 'predictions'
2026-05-24 02:11:55 | INFO | redis_service | Published message to 'predictions'
2026-05-24 02:11:55 | INFO | redis_service | Published message to 'predictions'
2026-05-24 02:11:56 | INFO | redis_service | Published message to 'predictions'
2026-05-24 02:11:56 | INFO | redis_service | Published message to 'predictions'
2026-05-24 02:11:56 | INFO | redis_service | Published message to 'predictions'
2026-05-24 02:12:57 | INFO | redis_service | Published message to 'news_headlines'
2026-05-24 02:12:57 | INFO | redis_service | Published message to 'news_headlines'
2026-05-24 02:12:57 | INFO | redis_service | Published message to 'predictions'
2026-05-24 02:12:58 | INFO | redis_service | Published message to 'news_headlines'
2026-05-24 02:12:58 | INFO | redis_service | Published message to 'predictions'
2026-05-24 02:12:58 | INFO | redis_service | Published message to 'news_headlines'
2026-05-24 02:12:58 | INFO | redis_service | Published message to 'predictions'
'
2026-05-24 02:12:58 | INFO | redis_service | Published message to 'news_headlines'
2026-05-24 02:12:58 | INFO | redis_service | Published message to 'predictions'
2026-05-24 02:12:58 | INFO | redis_service | Published message to 'news_headlines'
2026-05-24 02:12:58 | INFO | redis_service | Published message to 'news_headlines'
2026-05-24 02:12:58 | INFO | redis_service | Published message to 'predictions'
2026-05-24 02:12:58 | INFO | redis_service | Published message to 'news_headlines'
2026-05-24 02:12:58 | INFO | redis_service | Published message to 'predictions'
2026-05-24 02:12:58 | INFO | redis_service | Published message to 'news_headlines'
2026-05-24 02:12:58 | INFO | redis_service | Published message to 'news_headlines'
2026-05-24 02:12:58 | INFO | redis_service | Published message to 'predictions'
2026-05-24 02:12:58 | INFO | redis_service | Published message to 'news_headlines'
2026-05-24 02:12:58 | INFO | redis_service | Published message to 'predictions'
2026-05-24 02:12:58 | INFO | redis_service | Published message to 'news_headlines'
2026-05-24 02:12:58 | INFO | redis_service | Published message to 'predictions'
2026-05-24 02:12:58 | INFO | redis_service | Published message to 'news_headlines'
2026-05-24 02:12:58 | INFO | redis_service | Published message to 'news_headlines'
2026-05-24 02:12:58 | INFO | redis_service | Published message to 'predictions'
2026-05-24 02:12:58 | INFO | redis_service | Published message to 'news_headlines'
2026-05-24 02:12:58 | INFO | redis_service | Published message to 'predictions'
2026-05-24 02:12:58 | INFO | redis_service | Published message to 'news_headlines'
2026-05-24 02:12:58 | INFO | redis_service | Published message to 'predictions'
2026-05-24 02:12:58 | INFO | redis_service | Published message to 'news_headlines'
2026-05-24 02:12:58 | INFO | redis_service | Published message to 'predictions'
2026-05-24 02:12:58 | INFO | redis_service | Published message to 'news_headlines'
2026-05-24 02:12:58 | INFO | redis_service | Published message to 'news_headlines'
2026-05-24 02:12:58 | INFO | redis_service | Published message to 'predictions'
2026-05-24 02:12:58 | INFO | redis_service | Published message to 'news_headlines'
2026-05-24 02:12:58 | INFO | redis_service | Published message to 'news_headlines'
2026-05-24 02:12:58 | INFO | redis_service | Published message to 'predictions'
2026-05-24 02:12:59 | INFO | redis_service | Published message to 'news_headlines'
2026-05-24 02:12:59 | INFO | redis_service | Published message to 'predictions'
2026-05-24 02:12:59 | INFO | redis_service | Published message to 'news_headlines'
2026-05-24 02:12:59 | INFO | redis_service | Published message to 'news_headlines'
2026-05-24 02:12:59 | INFO | redis_service | Published message to 'predictions'
2026-05-24 02:12:59 | INFO | redis_service | Published message to 'news_headlines'
2026-05-24 02:12:59 | INFO | redis_service | Published message to 'predictions'
2026-05-24 02:12:59 | INFO | redis_service | Published message to 'news_headlines'
2026-05-24 02:12:59 | INFO | redis_service | Published message to 'news_headlines'
2026-05-24 02:12:59 | INFO | redis_service | Published message to 'predictions'
2026-05-24 02:12:59 | INFO | redis_service | Published message to 'news_headlines'
2026-05-24 02:12:59 | INFO | redis_service | Published message to 'predictions'
2026-05-24 02:12:59 | INFO | redis_service | Published message to 'news_headlines'
2026-05-24 02:12:59 | INFO | redis_service | Published message to 'predictions'
2026-05-24 02:12:59 | INFO | redis_service | Published message to 'news_headlines'
2026-05-24 02:12:59 | INFO | redis_service | Published message to 'news_headlines'
2026-05-24 02:12:59 | INFO | redis_service | Published message to 'predictions'
2026-05-24 02:12:59 | INFO | redis_service | Published message to 'news_headlines'
2026-05-24 02:12:59 | INFO | redis_service | Published message to 'news_headlines'
2026-05-24 02:12:59 | INFO | redis_service | Published message to 'predictions'
2026-05-24 02:12:59 | INFO | redis_service | Published message to 'news_headlines'
2026-05-24 02:12:59 | INFO | redis_service | Published message to 'predictions'
2026-05-24 02:12:59 | INFO | redis_service | Published message to 'news_headlines'
2026-05-24 02:12:59 | INFO | redis_service | Published message to 'predictions'
2026-05-24 02:12:59 | INFO | redis_service | Published message to 'news_headlines'
2026-05-24 02:12:59 | INFO | redis_service | Published message to 'predictions'
2026-05-24 02:12:59 | INFO | redis_service | Published message to 'news_headlines'
2026-05-24 02:12:59 | INFO | redis_service | Published message to 'predictions'
2026-05-24 02:12:59 | INFO | redis_service | Published message to 'news_headlines'
2026-05-24 02:12:59 | INFO | redis_service | Published message to 'news_headlines'
2026-05-24 02:12:59 | INFO | redis_service | Published message to 'predictions'
2026-05-24 02:13:00 | INFO | redis_service | Published message to 'predictions'
2026-05-24 02:13:00 | INFO | redis_service | Published message to 'predictions'
2026-05-24 02:13:00 | INFO | redis_service | Published message to 'predictions'
2026-05-24 02:13:00 | INFO | redis_service | Published message to 'predictions'
2026-05-24 02:13:00 | INFO | redis_service | Published message to 'predictions'
2026-05-24 02:13:00 | INFO | redis_service | Published message to 'predictions'
2026-05-24 02:13:00 | INFO | redis_service | Published message to 'predictions'
2026-05-24 02:13:00 | INFO | redis_service | Published message to 'predictions'
2026-05-24 02:13:00 | INFO | redis_service | Published message to 'predictions'
2026-05-24 02:13:00 | INFO | redis_service | Published message to 'predictions'
2026-05-24 02:13:00 | INFO | redis_service | Published message to 'predictions'
2026-05-24 02:13:00 | INFO | redis_service | Published message to 'predictions'
2026-05-24 02:13:21 | INFO | redis_service | ✅ Connected to Redis
2026-05-24 02:13:21 | INFO | redis_service | Subscribed to channel 'news_headlines'
2026-05-24 02:14:01 | INFO | redis_service | Published message to 'news_headlines'
2026-05-24 02:14:01 | INFO | redis_service | Published message to 'news_headlines'
2026-05-24 02:14:01 | INFO | redis_service | Published message to 'news_headlines'
2026-05-24 02:14:01 | INFO | redis_service | Published message to 'news_headlines'
2026-05-24 02:14:01 | INFO | redis_service | Published message to 'news_headlines'
2026-05-24 02:14:01 | INFO | redis_service | Published message to 'news_headlines'
2026-05-24 02:14:01 | INFO | redis_service | Published message to 'news_headlines'
2026-05-24 02:14:01 | INFO | redis_service | Published message to 'news_headlines'
2026-05-24 02:14:01 | INFO | redis_service | Published message to 'news_headlines'
2026-05-24 02:14:01 | INFO | redis_service | Published message to 'news_headlines'
2026-05-24 02:14:01 | INFO | redis_service | Published message to 'news_headlines'
2026-05-24 02:14:01 | INFO | redis_service | Published message to 'news_headlines'
2026-05-24 02:14:01 | INFO | redis_service | Published message to 'news_headlines'
2026-05-24 02:14:01 | INFO | redis_service | Published message to 'news_headlines'
2026-05-24 02:14:01 | INFO | redis_service | Published message to 'news_headlines'
2026-05-24 02:14:02 | INFO | redis_service | Published message to 'news_headlines'
2026-05-24 02:14:02 | INFO | redis_service | Published message to 'news_headlines'
2026-05-24 02:14:02 | INFO | redis_service | Published message to 'news_headlines'
2026-05-24 02:14:02 | INFO | redis_service | Published message to 'news_headlines'
2026-05-24 02:14:02 | INFO | redis_service | Published message to 'news_headlines'
2026-05-24 02:14:02 | INFO | redis_service | Published message to 'news_headlines'
2026-05-24 02:14:02 | INFO | redis_service | Published message to 'news_headlines'
2026-05-24 02:14:02 | INFO | redis_service | Published message to 'news_headlines'
2026-05-24 02:14:02 | INFO | redis_service | Published message to 'news_headlines'
2026-05-24 02:14:02 | INFO | redis_service | Published message to 'news_headlines'
2026-05-24 02:14:02 | INFO | redis_service | Published message to 'news_headlines'
2026-05-24 02:14:02 | INFO | redis_service | Published message to 'news_headlines'
2026-05-24 02:14:02 | INFO | redis_service | Published message to 'news_headlines'
2026-05-24 02:14:02 | INFO | redis_service | Published message to 'news_headlines'
2026-05-24 02:14:02 | INFO | redis_service | Published message to 'news_headlines'
2026-05-24 02:14:02 | INFO | redis_service | Published message to 'news_headlines'
2026-05-24 02:14:02 | INFO | redis_service | Published message to 'news_headlines'
2026-05-24 02:14:02 | INFO | redis_service | Published message to 'news_headlines'
2026-05-24 02:14:03 | INFO | redis_service | Published message to 'news_headlines'
2026-05-24 02:14:03 | INFO | redis_service | Published message to 'news_headlines'
2026-05-24 02:14:03 | INFO | redis_service | Published message to 'news_headlines'
2026-05-24 02:14:03 | INFO | redis_service | Published message to 'news_headlines'
2026-05-24 02:14:03 | INFO | redis_service | Published message to 'news_headlines'
2026-05-24 02:14:03 | INFO | redis_service | Published message to 'news_headlines'
2026-05-24 02:14:03 | INFO | redis_service | Published message to 'news_headlines'
2026-05-24 02:14:08 | INFO | redis_service | Published message to 'predictions'
2026-05-24 02:14:08 | INFO | redis_service | Published message to 'predictions'
2026-05-24 02:14:09 | INFO | redis_service | Published message to 'predictions'
2026-05-24 02:14:09 | INFO | redis_service | Published message to 'predictions'
2026-05-24 02:14:09 | INFO | redis_service | Published message to 'predictions'
2026-05-24 02:14:10 | INFO | redis_service | Published message to 'predictions'
2026-05-24 02:14:10 | INFO | redis_service | Published message to 'predictions'
2026-05-24 02:14:10 | INFO | redis_service | Published message to 'predictions'
2026-05-24 02:14:10 | INFO | redis_service | Published message to 'predictions'
2026-05-24 02:14:11 | INFO | redis_service | Published message to 'predictions'
2026-05-24 02:14:11 | INFO | redis_service | Published message to 'predictions'
2026-05-24 02:14:11 | INFO | redis_service | Published message to 'predictions'
2026-05-24 02:14:11 | INFO | redis_service | Published message to 'predictions'
2026-05-24 02:14:12 | INFO | redis_service | Published message to 'predictions'
2026-05-24 02:14:12 | INFO | redis_service | Published message to 'predictions'
2026-05-24 02:14:12 | INFO | redis_service | Published message to 'predictions'
2026-05-24 02:14:13 | INFO | redis_service | Published message to 'predictions'
2026-05-24 02:14:13 | INFO | redis_service | Published message to 'predictions'
2026-05-24 02:14:13 | INFO | redis_service | Published message to 'predictions'
2026-05-24 02:14:13 | INFO | redis_service | Published message to 'predictions'
2026-05-24 02:14:14 | INFO | redis_service | Published message to 'predictions'
2026-05-24 02:14:14 | INFO | redis_service | Published message to 'predictions'
2026-05-24 02:14:14 | INFO | redis_service | Published message to 'predictions'
2026-05-24 02:14:14 | INFO | redis_service | Published message to 'predictions'
2026-05-24 02:14:15 | INFO | redis_service | Published message to 'predictions'
2026-05-24 02:14:15 | INFO | redis_service | Published message to 'predictions'
2026-05-24 02:14:15 | INFO | redis_service | Published message to 'predictions'
2026-05-24 02:14:16 | INFO | redis_service | Published message to 'predictions'
2026-05-24 02:14:16 | INFO | redis_service | Published message to 'predictions'
2026-05-24 02:14:16 | INFO | redis_service | Published message to 'predictions'
2026-05-24 02:14:16 | INFO | redis_service | Published message to 'predictions'
2026-05-24 02:14:17 | INFO | redis_service | Published message to 'predictions'
2026-05-24 02:14:17 | INFO | redis_service | Published message to 'predictions'
2026-05-24 02:14:17 | INFO | redis_service | Published message to 'predictions'
2026-05-24 02:14:17 | INFO | redis_service | Published message to 'predictions'
2026-05-24 02:14:18 | INFO | redis_service | Published message to 'predictions'
2026-05-24 02:14:18 | INFO | redis_service | Published message to 'predictions'
2026-05-24 02:14:18 | INFO | redis_service | Published message to 'predictions'
2026-05-24 02:14:19 | INFO | redis_service | Published message to 'predictions'
2026-05-24 02:14:19 | INFO | redis_service | Published message to 'predictions'
2026-05-24 02:15:04 | INFO | redis_service | Published message to 'news_headlines'
2026-05-24 02:15:04 | INFO | redis_service | Published message to 'news_headlines'
2026-05-24 02:15:05 | INFO | redis_service | Published message to 'news_headlines'
2026-05-24 02:15:05 | INFO | redis_service | Published message to 'news_headlines'
2026-05-24 02:15:05 | INFO | redis_service | Published message to 'news_headlines'
2026-05-24 02:15:05 | INFO | redis_service | Published message to 'news_headlines'
2026-05-24 02:15:05 | INFO | redis_service | Published message to 'news_headlines'
2026-05-24 02:15:05 | INFO | redis_service | Published message to 'news_headlines'
2026-05-24 02:15:05 | INFO | redis_service | Published message to 'news_headlines'
2026-05-24 02:15:05 | INFO | redis_service | Published message to 'news_headlines'
2026-05-24 02:15:05 | INFO | redis_service | Published message to 'predictions'
2026-05-24 02:15:05 | INFO | redis_service | Published message to 'news_headlines'
2026-05-24 02:15:05 | INFO | redis_service | Published message to 'news_headlines'
2026-05-24 02:15:05 | INFO | redis_service | Published message to 'news_headlines'
2026-05-24 02:15:05 | INFO | redis_service | Published message to 'news_headlines'
2026-05-24 02:15:05 | INFO | redis_service | Published message to 'news_headlines'
2026-05-24 02:15:05 | INFO | redis_service | Published message to 'predictions'
2026-05-24 02:15:05 | INFO | redis_service | Published message to 'news_headlines'
2026-05-24 02:15:05 | INFO | redis_service | Published message to 'news_headlines'
2026-05-24 02:15:05 | INFO | redis_service | Published message to 'news_headlines'
2026-05-24 02:15:05 | INFO | redis_service | Published message to 'news_headlines'
2026-05-24 02:15:05 | INFO | redis_service | Published message to 'predictions'
2026-05-24 02:15:05 | INFO | redis_service | Published message to 'news_headlines'
2026-05-24 02:15:05 | INFO | redis_service | Published message to 'news_headlines'
2026-05-24 02:15:06 | INFO | redis_service | Published message to 'news_headlines'
2026-05-24 02:15:06 | INFO | redis_service | Published message to 'news_headlines'
2026-05-24 02:15:06 | INFO | redis_service | Published message to 'predictions'
2026-05-24 02:15:06 | INFO | redis_service | Published message to 'news_headlines'
2026-05-24 02:15:06 | INFO | redis_service | Published message to 'news_headlines'
2026-05-24 02:15:06 | INFO | redis_service | Published message to 'news_headlines'
2026-05-24 02:15:06 | INFO | redis_service | Published message to 'news_headlines'
2026-05-24 02:15:06 | INFO | redis_service | Published message to 'news_headlines'
2026-05-24 02:15:06 | INFO | redis_service | Published message to 'news_headlines'
2026-05-24 02:15:06 | INFO | redis_service | Published message to 'news_headlines'
2026-05-24 02:15:06 | INFO | redis_service | Published message to 'news_headlines'
2026-05-24 02:15:06 | INFO | redis_service | Published message to 'news_headlines'
2026-05-24 02:15:06 | INFO | redis_service | Published message to 'predictions'
2026-05-24 02:15:06 | INFO | redis_service | Published message to 'news_headlines'
2026-05-24 02:15:06 | INFO | redis_service | Published message to 'news_headlines'
2026-05-24 02:15:06 | INFO | redis_service | Published message to 'news_headlines'
2026-05-24 02:15:06 | INFO | redis_service | Published message to 'news_headlines'
2026-05-24 02:15:06 | INFO | redis_service | Published message to 'predictions'
2026-05-24 02:15:06 | INFO | redis_service | Published message to 'news_headlines'
2026-05-24 02:15:06 | INFO | redis_service | Published message to 'news_headlines'
2026-05-24 02:15:07 | INFO | redis_service | Published message to 'news_headlines'
2026-05-24 02:15:07 | INFO | redis_service | Published message to 'news_headlines'
2026-05-24 02:15:07 | INFO | redis_service | Published message to 'predictions'
2026-05-24 02:15:07 | INFO | redis_service | Published message to 'predictions'
2026-05-24 02:15:07 | INFO | redis_service | Published message to 'predictions'
2026-05-24 02:15:07 | INFO | redis_service | Published message to 'predictions'
2026-05-24 02:15:08 | INFO | redis_service | Published message to 'predictions'
2026-05-24 02:15:08 | INFO | redis_service | Published message to 'predictions'
2026-05-24 02:15:08 | INFO | redis_service | Published message to 'predictions'
2026-05-24 02:15:08 | INFO | redis_service | Published message to 'predictions'
2026-05-24 02:15:09 | INFO | redis_service | Published message to 'predictions'
2026-05-24 02:15:09 | INFO | redis_service | Published message to 'predictions'
2026-05-24 02:15:09 | INFO | redis_service | Published message to 'predictions'
2026-05-24 02:15:09 | INFO | redis_service | Published message to 'predictions'
2026-05-24 02:15:10 | INFO | redis_service | Published message to 'predictions'
2026-05-24 02:15:10 | INFO | redis_service | Published message to 'predictions'
2026-05-24 02:15:10 | INFO | redis_service | Published message to 'predictions'
2026-05-24 02:15:10 | INFO | redis_service | Published message to 'predictions'
2026-05-24 02:15:11 | INFO | redis_service | Published message to 'predictions'
2026-05-24 02:15:11 | INFO | redis_service | Published message to 'predictions'
2026-05-24 02:15:11 | INFO | redis_service | Published message to 'predictions'
2026-05-24 02:15:12 | INFO | redis_service | Published message to 'predictions'
2026-05-24 02:15:12 | INFO | redis_service | Published message to 'predictions'
2026-05-24 02:15:12 | INFO | redis_service | Published message to 'predictions'
2026-05-24 02:15:13 | INFO | redis_service | Published message to 'predictions'
2026-05-24 02:15:13 | INFO | redis_service | Published message to 'predictions'
2026-05-24 02:15:13 | INFO | redis_service | Published message to 'predictions'
2026-05-24 02:15:13 | INFO | redis_service | Published message to 'predictions'
2026-05-24 02:15:14 | INFO | redis_service | Published message to 'predictions'
2026-05-24 02:15:14 | INFO | redis_service | Published message to 'predictions'
2026-05-24 02:15:14 | INFO | redis_service | Published message to 'predictions'
2026-05-24 02:15:14 | INFO | redis_service | Published message to 'predictions'
2026-05-24 02:15:15 | INFO | redis_service | Published message to 'predictions'
2026-05-24 02:15:15 | INFO | redis_service | Published message to 'predictions'
2026-05-24 02:15:15 | INFO | redis_service | Published message to 'predictions'
2026-05-24 02:16:08 | INFO | redis_service | Published message to 'news_headlines'
2026-05-24 02:16:08 | INFO | redis_service | Published message to 'news_headlines'
2026-05-24 02:16:08 | INFO | redis_service | Published message to 'news_headlines'
2026-05-24 02:16:09 | INFO | redis_service | Published message to 'news_headlines'
2026-05-24 02:16:09 | INFO | redis_service | Published message to 'news_headlines'
2026-05-24 02:16:09 | INFO | redis_service | Published message to 'news_headlines'
2026-05-24 02:16:09 | INFO | redis_service | Published message to 'news_headlines'
2026-05-24 02:16:09 | INFO | redis_service | Published message to 'news_headlines'
2026-05-24 02:16:09 | INFO | redis_service | Published message to 'news_headlines'
2026-05-24 02:16:09 | INFO | redis_service | Published message to 'news_headlines'
2026-05-24 02:16:09 | INFO | redis_service | Published message to 'news_headlines'
2026-05-24 02:16:09 | INFO | redis_service | Published message to 'news_headlines'
2026-05-24 02:16:09 | INFO | redis_service | Published message to 'predictions'
2026-05-24 02:16:09 | INFO | redis_service | Published message to 'news_headlines'
2026-05-24 02:16:09 | INFO | redis_service | Published message to 'news_headlines'
2026-05-24 02:16:09 | INFO | redis_service | Published message to 'news_headlines'
2026-05-24 02:16:09 | INFO | redis_service | Published message to 'news_headlines'
2026-05-24 02:16:09 | INFO | redis_service | Published message to 'predictions'
2026-05-24 02:16:09 | INFO | redis_service | Published message to 'news_headlines'
2026-05-24 02:16:09 | INFO | redis_service | Published message to 'news_headlines'
2026-05-24 02:16:09 | INFO | redis_service | Published message to 'news_headlines'
2026-05-24 02:16:09 | INFO | redis_service | Published message to 'news_headlines'
2026-05-24 02:16:09 | INFO | redis_service | Published message to 'news_headlines'
2026-05-24 02:16:09 | INFO | redis_service | Published message to 'news_headlines'
2026-05-24 02:16:10 | INFO | redis_service | Published message to 'news_headlines'
2026-05-24 02:16:10 | INFO | redis_service | Published message to 'news_headlines'
2026-05-24 02:16:10 | INFO | redis_service | Published message to 'news_headlines'
2026-05-24 02:16:10 | INFO | redis_service | Published message to 'predictions'
2026-05-24 02:16:10 | INFO | redis_service | Published message to 'news_headlines'
2026-05-24 02:16:10 | INFO | redis_service | Published message to 'news_headlines'
2026-05-24 02:16:10 | INFO | redis_service | Published message to 'news_headlines'
2026-05-24 02:16:10 | INFO | redis_service | Published message to 'news_headlines'
2026-05-24 02:16:10 | INFO | redis_service | Published message to 'predictions'
2026-05-24 02:16:10 | INFO | redis_service | Published message to 'news_headlines'
2026-05-24 02:16:10 | INFO | redis_service | Published message to 'news_headlines'
2026-05-24 02:16:10 | INFO | redis_service | Published message to 'news_headlines'
2026-05-24 02:16:10 | INFO | redis_service | Published message to 'news_headlines'
2026-05-24 02:16:10 | INFO | redis_service | Published message to 'news_headlines'
2026-05-24 02:16:10 | INFO | redis_service | Published message to 'predictions'
2026-05-24 02:16:10 | INFO | redis_service | Published message to 'news_headlines'
2026-05-24 02:16:10 | INFO | redis_service | Published message to 'news_headlines'
2026-05-24 02:16:10 | INFO | redis_service | Published message to 'news_headlines'
2026-05-24 02:16:10 | INFO | redis_service | Published message to 'news_headlines'
2026-05-24 02:16:10 | INFO | redis_service | Published message to 'predictions'
2026-05-24 02:16:10 | INFO | redis_service | Published message to 'news_headlines'
2026-05-24 02:16:10 | INFO | redis_service | Published message to 'news_headlines'
2026-05-24 02:16:11 | INFO | redis_service | Published message to 'predictions'
2026-05-24 02:16:11 | INFO | redis_service | Published message to 'predictions'
2026-05-24 02:16:11 | INFO | redis_service | Published message to 'predictions'
2026-05-24 02:16:11 | INFO | redis_service | Published message to 'predictions'
2026-05-24 02:16:12 | INFO | redis_service | Published message to 'predictions'
2026-05-24 02:16:12 | INFO | redis_service | Published message to 'predictions'
2026-05-24 02:16:12 | INFO | redis_service | Published message to 'predictions'
2026-05-24 02:16:13 | INFO | redis_service | Published message to 'predictions'
2026-05-24 02:16:13 | INFO | redis_service | Published message to 'predictions'
2026-05-24 02:16:13 | INFO | redis_service | Published message to 'predictions'
2026-05-24 02:16:14 | INFO | redis_service | Published message to 'predictions'
2026-05-24 02:16:14 | INFO | redis_service | Published message to 'predictions'
2026-05-24 02:16:14 | INFO | redis_service | Published message to 'predictions'
2026-05-24 02:16:15 | INFO | redis_service | Published message to 'predictions'
2026-05-24 02:16:15 | INFO | redis_service | Published message to 'predictions'
2026-05-24 02:16:15 | INFO | redis_service | Published message to 'predictions'
2026-05-24 02:16:15 | INFO | redis_service | Published message to 'predictions'
2026-05-24 02:16:16 | INFO | redis_service | Published message to 'predictions'
2026-05-24 02:16:16 | INFO | redis_service | Published message to 'predictions'
2026-05-24 02:16:16 | INFO | redis_service | Published message to 'predictions'
2026-05-24 02:16:17 | INFO | redis_service | Published message to 'predictions'
2026-05-24 02:16:17 | INFO | redis_service | Published message to 'predictions'
2026-05-24 02:16:17 | INFO | redis_service | Published message to 'predictions'
2026-05-24 02:16:17 | INFO | redis_service | Published message to 'predictions'
2026-05-24 02:16:18 | INFO | redis_service | Published message to 'predictions'
2026-05-24 02:16:18 | INFO | redis_service | Published message to 'predictions'
2026-05-24 02:16:18 | INFO | redis_service | Published message to 'predictions'
2026-05-24 02:16:19 | INFO | redis_service | Published message to 'predictions'
2026-05-24 02:16:19 | INFO | redis_service | Published message to 'predictions'
2026-05-24 02:16:19 | INFO | redis_service | Published message to 'predictions'
2026-05-24 02:16:20 | INFO | redis_service | Published message to 'predictions'
2026-05-24 02:16:20 | INFO | redis_service | Published message to 'predictions'
2026-05-24 02:16:20 | INFO | redis_service | Published message to 'predictions'
2026-05-24 02:16:44 | INFO | redis_service | ✅ Connected to Redis
2026-05-24 02:16:44 | INFO | redis_service | Subscribed to channel 'news_headlines'
2026-05-24 02:17:12 | INFO | redis_service | Published message to 'news_headlines'
2026-05-24 02:17:12 | INFO | redis_service | Published message to 'news_headlines'
2026-05-24 02:17:12 | INFO | redis_service | Published message to 'news_headlines'
2026-05-24 02:17:12 | INFO | redis_service | Published message to 'news_headlines'
2026-05-24 02:17:13 | INFO | redis_service | Published message to 'news_headlines'
2026-05-24 02:17:13 | INFO | redis_service | Published message to 'news_headlines'
2026-05-24 02:17:13 | INFO | redis_service | Published message to 'news_headlines'
2026-05-24 02:17:13 | INFO | redis_service | Published message to 'news_headlines'
2026-05-24 02:17:13 | INFO | redis_service | Published message to 'news_headlines'
2026-05-24 02:17:13 | INFO | redis_service | Published message to 'news_headlines'
2026-05-24 02:17:13 | INFO | redis_service | Published message to 'news_headlines'
2026-05-24 02:17:13 | INFO | redis_service | Published message to 'news_headlines'
2026-05-24 02:17:13 | INFO | redis_service | Published message to 'news_headlines'
2026-05-24 02:17:13 | INFO | redis_service | Published message to 'news_headlines'
2026-05-24 02:17:13 | INFO | redis_service | Published message to 'news_headlines'
2026-05-24 02:17:13 | INFO | redis_service | Published message to 'news_headlines'
2026-05-24 02:17:13 | INFO | redis_service | Published message to 'news_headlines'
2026-05-24 02:17:13 | INFO | redis_service | Published message to 'news_headlines'
2026-05-24 02:17:13 | INFO | redis_service | Published message to 'news_headlines'
2026-05-24 02:17:13 | INFO | redis_service | Published message to 'news_headlines'
2026-05-24 02:17:13 | INFO | redis_service | Published message to 'news_headlines'
2026-05-24 02:17:13 | INFO | redis_service | Published message to 'news_headlines'
2026-05-24 02:17:13 | INFO | redis_service | Published message to 'news_headlines'
2026-05-24 02:17:14 | INFO | redis_service | Published message to 'news_headlines'
2026-05-24 02:17:14 | INFO | redis_service | Published message to 'news_headlines'
2026-05-24 02:17:14 | INFO | redis_service | Published message to 'news_headlines'
2026-05-24 02:17:14 | INFO | redis_service | Published message to 'news_headlines'
2026-05-24 02:17:14 | INFO | redis_service | Published message to 'news_headlines'
2026-05-24 02:17:14 | INFO | redis_service | Published message to 'news_headlines'
2026-05-24 02:17:14 | INFO | redis_service | Published message to 'news_headlines'
2026-05-24 02:17:14 | INFO | redis_service | Published message to 'news_headlines'
2026-05-24 02:17:14 | INFO | redis_service | Published message to 'news_headlines'
2026-05-24 02:17:14 | INFO | redis_service | Published message to 'news_headlines'
2026-05-24 02:17:14 | INFO | redis_service | Published message to 'news_headlines'
2026-05-24 02:17:14 | INFO | redis_service | Published message to 'news_headlines'
2026-05-24 02:17:14 | INFO | redis_service | Published message to 'news_headlines'
2026-05-24 02:17:14 | INFO | redis_service | Published message to 'news_headlines'
2026-05-24 02:17:14 | INFO | redis_service | Published message to 'news_headlines'
2026-05-24 02:17:14 | INFO | redis_service | Published message to 'news_headlines'
2026-05-24 02:17:14 | INFO | redis_service | Published message to 'news_headlines'
2026-05-24 02:17:18 | INFO | redis_service | Published message to 'predictions'
2026-05-24 02:17:18 | INFO | redis_service | Published message to 'predictions'
2026-05-24 02:17:19 | INFO | redis_service | Published message to 'predictions'
2026-05-24 02:17:19 | INFO | redis_service | Published message to 'predictions'
2026-05-24 02:17:19 | INFO | redis_service | Published message to 'predictions'
2026-05-24 02:17:20 | INFO | redis_service | Published message to 'predictions'
2026-05-24 02:17:20 | INFO | redis_service | Published message to 'predictions'
2026-05-24 02:17:20 | INFO | redis_service | Published message to 'predictions'
2026-05-24 02:17:20 | INFO | redis_service | Published message to 'predictions'
2026-05-24 02:17:21 | INFO | redis_service | Published message to 'predictions'
2026-05-24 02:17:21 | INFO | redis_service | Published message to 'predictions'
2026-05-24 02:17:21 | INFO | redis_service | Published message to 'predictions'
2026-05-24 02:17:21 | INFO | redis_service | Published message to 'predictions'
2026-05-24 02:17:22 | INFO | redis_service | Published message to 'predictions'
2026-05-24 02:17:22 | INFO | redis_service | Published message to 'predictions'
2026-05-24 02:17:22 | INFO | redis_service | Published message to 'predictions'
2026-05-24 02:17:22 | INFO | redis_service | Published message to 'predictions'
2026-05-24 02:17:23 | INFO | redis_service | Published message to 'predictions'
2026-05-24 02:17:23 | INFO | redis_service | Published message to 'predictions'
2026-05-24 02:17:23 | INFO | redis_service | Published message to 'predictions'
2026-05-24 02:17:24 | INFO | redis_service | Published message to 'predictions'
2026-05-24 02:17:24 | INFO | redis_service | Published message to 'predictions'
2026-05-24 02:17:24 | INFO | redis_service | Published message to 'predictions'
2026-05-24 02:17:24 | INFO | redis_service | Published message to 'predictions'
2026-05-24 02:17:25 | INFO | redis_service | Published message to 'predictions'
2026-05-24 02:17:25 | INFO | redis_service | Published message to 'predictions'
2026-05-24 02:17:25 | INFO | redis_service | Published message to 'predictions'
2026-05-24 02:17:25 | INFO | redis_service | Published message to 'predictions'
2026-05-24 02:17:26 | INFO | redis_service | Published message to 'predictions'
2026-05-24 02:17:26 | INFO | redis_service | Published message to 'predictions'
2026-05-24 02:17:26 | INFO | redis_service | Published message to 'predictions'
2026-05-24 02:17:27 | INFO | redis_service | Published message to 'predictions'
2026-05-24 02:17:27 | INFO | redis_service | Published message to 'predictions'
2026-05-24 02:17:27 | INFO | redis_service | Published message to 'predictions'
2026-05-24 02:17:28 | INFO | redis_service | Published message to 'predictions'
2026-05-24 02:17:28 | INFO | redis_service | Published message to 'predictions'
2026-05-24 02:17:28 | INFO | redis_service | Published message to 'predictions'
2026-05-24 02:17:28 | INFO | redis_service | Published message to 'predictions'
2026-05-24 02:17:29 | INFO | redis_service | Published message to 'predictions'
2026-05-24 02:17:29 | INFO | redis_service | Published message to 'predictions'
2026-05-24 02:18:16 | INFO | redis_service | Published message to 'news_headlines'
2026-05-24 02:18:16 | INFO | redis_service | Published message to 'news_headlines'
2026-05-24 02:18:16 | INFO | redis_service | Published message to 'news_headlines'
2026-05-24 02:18:16 | INFO | redis_service | Published message to 'news_headlines'
2026-05-24 02:18:16 | INFO | redis_service | Published message to 'news_headlines'
2026-05-24 02:18:16 | INFO | redis_service | Published message to 'news_headlines'
2026-05-24 02:18:16 | INFO | redis_service | Published message to 'news_headlines'
2026-05-24 02:18:16 | INFO | redis_service | Published message to 'news_headlines'
2026-05-24 02:18:17 | INFO | redis_service | Published message to 'news_headlines'
2026-05-24 02:18:17 | INFO | redis_service | Published message to 'news_headlines'
2026-05-24 02:18:17 | INFO | redis_service | Published message to 'predictions'
2026-05-24 02:18:17 | INFO | redis_service | Published message to 'news_headlines'
2026-05-24 02:18:17 | INFO | redis_service | Published message to 'news_headlines'
2026-05-24 02:18:17 | INFO | redis_service | Published message to 'news_headlines'
2026-05-24 02:18:17 | INFO | redis_service | Published message to 'news_headlines'
2026-05-24 02:18:17 | INFO | redis_service | Published message to 'predictions'
2026-05-24 02:18:17 | INFO | redis_service | Published message to 'news_headlines'
2026-05-24 02:18:17 | INFO | redis_service | Published message to 'news_headlines'
2026-05-24 02:18:17 | INFO | redis_service | Published message to 'news_headlines'
2026-05-24 02:18:17 | INFO | redis_service | Published message to 'news_headlines'
2026-05-24 02:18:17 | INFO | redis_service | Published message to 'news_headlines'
2026-05-24 02:18:17 | INFO | redis_service | Published message to 'news_headlines'
2026-05-24 02:18:17 | INFO | redis_service | Published message to 'news_headlines'
2026-05-24 02:18:17 | INFO | redis_service | Published message to 'news_headlines'
2026-05-24 02:18:17 | INFO | redis_service | Published message to 'news_headlines'
2026-05-24 02:18:17 | INFO | redis_service | Published message to 'predictions'
2026-05-24 02:18:17 | INFO | redis_service | Published message to 'news_headlines'
2026-05-24 02:18:17 | INFO | redis_service | Published message to 'news_headlines'
2026-05-24 02:18:17 | INFO | redis_service | Published message to 'news_headlines'
2026-05-24 02:18:18 | INFO | redis_service | Published message to 'news_headlines'
2026-05-24 02:18:18 | INFO | redis_service | Published message to 'predictions'
2026-05-24 02:18:18 | INFO | redis_service | Published message to 'news_headlines'
2026-05-24 02:18:18 | INFO | redis_service | Published message to 'news_headlines'
2026-05-24 02:18:18 | INFO | redis_service | Published message to 'news_headlines'
2026-05-24 02:18:18 | INFO | redis_service | Published message to 'news_headlines'
2026-05-24 02:18:18 | INFO | redis_service | Published message to 'news_headlines'
2026-05-24 02:18:18 | INFO | redis_service | Published message to 'predictions'
2026-05-24 02:18:18 | INFO | redis_service | Published message to 'news_headlines'
2026-05-24 02:18:18 | INFO | redis_service | Published message to 'news_headlines'
2026-05-24 02:18:18 | INFO | redis_service | Published message to 'news_headlines'
2026-05-24 02:18:18 | INFO | redis_service | Published message to 'news_headlines'
2026-05-24 02:18:18 | INFO | redis_service | Published message to 'news_headlines'
2026-05-24 02:18:18 | INFO | redis_service | Published message to 'predictions'
2026-05-24 02:18:18 | INFO | redis_service | Published message to 'news_headlines'
2026-05-24 02:18:18 | INFO | redis_service | Published message to 'news_headlines'
2026-05-24 02:18:18 | INFO | redis_service | Published message to 'news_headlines'
2026-05-24 02:18:18 | INFO | redis_service | Published message to 'predictions'
2026-05-24 02:18:19 | INFO | redis_service | Published message to 'predictions'
2026-05-24 02:18:19 | INFO | redis_service | Published message to 'predictions'
2026-05-24 02:18:19 | INFO | redis_service | Published message to 'predictions'
2026-05-24 02:18:20 | INFO | redis_service | Published message to 'predictions'
2026-05-24 02:18:20 | INFO | redis_service | Published message to 'predictions'
2026-05-24 02:18:20 | INFO | redis_service | Published message to 'predictions'
2026-05-24 02:18:21 | INFO | redis_service | Published message to 'predictions'
2026-05-24 02:18:21 | INFO | redis_service | Published message to 'predictions'
2026-05-24 02:18:21 | INFO | redis_service | Published message to 'predictions'
2026-05-24 02:18:21 | INFO | redis_service | Published message to 'predictions'
2026-05-24 02:18:22 | INFO | redis_service | Published message to 'predictions'
2026-05-24 02:18:22 | INFO | redis_service | Published message to 'predictions'
2026-05-24 02:18:22 | INFO | redis_service | Published message to 'predictions'
2026-05-24 02:18:23 | INFO | redis_service | Published message to 'predictions'
2026-05-24 02:18:23 | INFO | redis_service | Published message to 'predictions'
2026-05-24 02:18:23 | INFO | redis_service | Published message to 'predictions'
2026-05-24 02:18:24 | INFO | redis_service | Published message to 'predictions'
2026-05-24 02:18:24 | INFO | redis_service | Published message to 'predictions'
2026-05-24 02:18:24 | INFO | redis_service | Published message to 'predictions'
2026-05-24 02:18:25 | INFO | redis_service | Published message to 'predictions'
2026-05-24 02:18:25 | INFO | redis_service | Published message to 'predictions'
2026-05-24 02:18:25 | INFO | redis_service | Published message to 'predictions'
2026-05-24 02:18:26 | INFO | redis_service | Published message to 'predictions'
2026-05-24 02:18:26 | INFO | redis_service | Published message to 'predictions'
2026-05-24 02:18:26 | INFO | redis_service | Published message to 'predictions'
2026-05-24 02:18:27 | INFO | redis_service | Published message to 'predictions'
2026-05-24 02:18:27 | INFO | redis_service | Published message to 'predictions'
2026-05-24 02:18:27 | INFO | redis_service | Published message to 'predictions'
2026-05-24 02:18:27 | INFO | redis_service | Published message to 'predictions'
2026-05-24 02:18:28 | INFO | redis_service | Published message to 'predictions'
2026-05-24 02:18:28 | INFO | redis_service | Published message to 'predictions'
2026-05-24 02:18:29 | INFO | redis_service | Published message to 'predictions'
2026-05-24 02:19:21 | INFO | redis_service | Published message to 'news_headlines'
2026-05-24 02:19:21 | INFO | redis_service | Published message to 'news_headlines'
2026-05-24 02:19:22 | INFO | redis_service | Published message to 'news_headlines'
2026-05-24 02:19:22 | INFO | redis_service | Published message to 'news_headlines'
2026-05-24 02:19:22 | INFO | redis_service | Published message to 'news_headlines'
2026-05-24 02:19:22 | INFO | redis_service | Published message to 'news_headlines'
2026-05-24 02:19:22 | INFO | redis_service | Published message to 'news_headlines'
2026-05-24 02:19:22 | INFO | redis_service | Published message to 'news_headlines'
2026-05-24 02:19:22 | INFO | redis_service | Published message to 'predictions'
2026-05-24 02:19:22 | INFO | redis_service | Published message to 'news_headlines'
2026-05-24 02:19:22 | INFO | redis_service | Published message to 'news_headlines'
2026-05-24 02:19:22 | INFO | redis_service | Published message to 'news_headlines'
2026-05-24 02:19:22 | INFO | redis_service | Published message to 'news_headlines'
2026-05-24 02:19:22 | INFO | redis_service | Published message to 'predictions'
'
2026-05-24 02:19:22 | INFO | redis_service | Published message to 'news_headlines'
2026-05-24 02:19:22 | INFO | redis_service | Published message to 'news_headlines'
2026-05-24 02:19:22 | INFO | redis_service | Published message to 'news_headlines'
2026-05-24 02:19:22 | INFO | redis_service | Published message to 'news_headlines'
2026-05-24 02:19:22 | INFO | redis_service | Published message to 'predictions'
2026-05-24 02:19:22 | INFO | redis_service | Published message to 'news_headlines'
2026-05-24 02:19:22 | INFO | redis_service | Published message to 'news_headlines'
2026-05-24 02:19:22 | INFO | redis_service | Published message to 'news_headlines'
2026-05-24 02:19:22 | INFO | redis_service | Published message to 'news_headlines'
2026-05-24 02:19:23 | INFO | redis_service | Published message to 'news_headlines'
2026-05-24 02:19:23 | INFO | redis_service | Published message to 'predictions'
2026-05-24 02:19:23 | INFO | redis_service | Published message to 'news_headlines'
2026-05-24 02:19:23 | INFO | redis_service | Published message to 'news_headlines'
2026-05-24 02:19:23 | INFO | redis_service | Published message to 'news_headlines'
2026-05-24 02:19:23 | INFO | redis_service | Published message to 'news_headlines'
2026-05-24 02:19:23 | INFO | redis_service | Published message to 'predictions'
2026-05-24 02:19:23 | INFO | redis_service | Published message to 'news_headlines'
2026-05-24 02:19:23 | INFO | redis_service | Published message to 'news_headlines'
2026-05-24 02:19:23 | INFO | redis_service | Published message to 'news_headlines'
2026-05-24 02:19:23 | INFO | redis_service | Published message to 'news_headlines'
2026-05-24 02:19:23 | INFO | redis_service | Published message to 'predictions'
2026-05-24 02:19:23 | INFO | redis_service | Published message to 'news_headlines'
2026-05-24 02:19:23 | INFO | redis_service | Published message to 'news_headlines'
2026-05-24 02:19:23 | INFO | redis_service | Published message to 'news_headlines'
2026-05-24 02:19:23 | INFO | redis_service | Published message to 'news_headlines'
2026-05-24 02:19:23 | INFO | redis_service | Published message to 'predictions'
2026-05-24 02:19:23 | INFO | redis_service | Published message to 'news_headlines'
2026-05-24 02:19:23 | INFO | redis_service | Published message to 'news_headlines'
2026-05-24 02:19:23 | INFO | redis_service | Published message to 'news_headlines'
2026-05-24 02:19:23 | INFO | redis_service | Published message to 'news_headlines'
2026-05-24 02:19:23 | INFO | redis_service | Published message to 'predictions'
2026-05-24 02:19:23 | INFO | redis_service | Published message to 'news_headlines'
2026-05-24 02:19:23 | INFO | redis_service | Published message to 'news_headlines'
2026-05-24 02:19:24 | INFO | redis_service | Published message to 'predictions'
2026-05-24 02:19:24 | INFO | redis_service | Published message to 'predictions'
2026-05-24 02:19:24 | INFO | redis_service | Published message to 'predictions'
2026-05-24 02:19:25 | INFO | redis_service | Published message to 'predictions'
2026-05-24 02:19:25 | INFO | redis_service | Published message to 'predictions'
2026-05-24 02:19:25 | INFO | redis_service | Published message to 'predictions'
2026-05-24 02:19:25 | INFO | redis_service | Published message to 'predictions'
2026-05-24 02:19:26 | INFO | redis_service | Published message to 'predictions'
2026-05-24 02:19:26 | INFO | redis_service | Published message to 'predictions'
2026-05-24 02:19:26 | INFO | redis_service | Published message to 'predictions'
2026-05-24 02:19:27 | INFO | redis_service | Published message to 'predictions'
2026-05-24 02:19:27 | INFO | redis_service | Published message to 'predictions'
2026-05-24 02:19:27 | INFO | redis_service | Published message to 'predictions'
2026-05-24 02:19:27 | INFO | redis_service | Published message to 'predictions'
2026-05-24 02:19:28 | INFO | redis_service | Published message to 'predictions'
2026-05-24 02:19:28 | INFO | redis_service | Published message to 'predictions'
2026-05-24 02:19:28 | INFO | redis_service | Published message to 'predictions'
2026-05-24 02:19:28 | INFO | redis_service | Published message to 'predictions'
2026-05-24 02:19:29 | INFO | redis_service | Published message to 'predictions'
2026-05-24 02:19:29 | INFO | redis_service | Published message to 'predictions'
2026-05-24 02:19:29 | INFO | redis_service | Published message to 'predictions'
2026-05-24 02:19:29 | INFO | redis_service | Published message to 'predictions'
2026-05-24 02:19:30 | INFO | redis_service | Published message to 'predictions'
2026-05-24 02:19:30 | INFO | redis_service | Published message to 'predictions'
2026-05-24 02:19:30 | INFO | redis_service | Published message to 'predictions'
2026-05-24 02:19:30 | INFO | redis_service | Published message to 'predictions'
2026-05-24 02:19:31 | INFO | redis_service | Published message to 'predictions'
2026-05-24 02:19:31 | INFO | redis_service | Published message to 'predictions'
2026-05-24 02:19:31 | INFO | redis_service | Published message to 'predictions'
2026-05-24 02:19:31 | INFO | redis_service | Published message to 'predictions'
2026-05-24 02:19:32 | INFO | redis_service | Published message to 'predictions'
2026-05-24 02:19:32 | INFO | redis_service | Published message to 'predictions'
2026-05-24 02:20:25 | INFO | redis_service | Published message to 'news_headlines'
2026-05-24 02:20:25 | INFO | redis_service | Published message to 'news_headlines'
2026-05-24 02:20:25 | INFO | redis_service | Published message to 'news_headlines'
2026-05-24 02:20:25 | INFO | redis_service | Published message to 'news_headlines'
2026-05-24 02:20:25 | INFO | redis_service | Published message to 'news_headlines'
2026-05-24 02:20:25 | INFO | redis_service | Published message to 'news_headlines'
2026-05-24 02:20:25 | INFO | redis_service | Published message to 'news_headlines'
2026-05-24 02:20:25 | INFO | redis_service | Published message to 'news_headlines'
2026-05-24 02:20:25 | INFO | redis_service | Published message to 'news_headlines'
2026-05-24 02:20:25 | INFO | redis_service | Published message to 'news_headlines'
2026-05-24 02:20:26 | INFO | redis_service | Published message to 'news_headlines'
2026-05-24 02:20:26 | INFO | redis_service | Published message to 'news_headlines'
2026-05-24 02:20:26 | INFO | redis_service | Published message to 'news_headlines'
2026-05-24 02:20:26 | INFO | redis_service | Published message to 'predictions'
2026-05-24 02:20:26 | INFO | redis_service | Published message to 'news_headlines'
2026-05-24 02:20:26 | INFO | redis_service | Published message to 'news_headlines'
2026-05-24 02:20:26 | INFO | redis_service | Published message to 'news_headlines'
2026-05-24 02:20:26 | INFO | redis_service | Published message to 'news_headlines'
2026-05-24 02:20:26 | INFO | redis_service | Published message to 'news_headlines'
2026-05-24 02:20:26 | INFO | redis_service | Published message to 'predictions'
2026-05-24 02:20:26 | INFO | redis_service | Published message to 'news_headlines'
2026-05-24 02:20:26 | INFO | redis_service | Published message to 'news_headlines'
2026-05-24 02:20:26 | INFO | redis_service | Published message to 'news_headlines'
2026-05-24 02:20:26 | INFO | redis_service | Published message to 'news_headlines'
2026-05-24 02:20:26 | INFO | redis_service | Published message to 'news_headlines'
2026-05-24 02:20:26 | INFO | redis_service | Published message to 'predictions'
2026-05-24 02:20:26 | INFO | redis_service | Published message to 'news_headlines'
2026-05-24 02:20:26 | INFO | redis_service | Published message to 'news_headlines'
2026-05-24 02:20:26 | INFO | redis_service | Published message to 'news_headlines'
2026-05-24 02:20:26 | INFO | redis_service | Published message to 'news_headlines'
2026-05-24 02:20:26 | INFO | redis_service | Published message to 'predictions'
2026-05-24 02:20:26 | INFO | redis_service | Published message to 'news_headlines'
2026-05-24 02:20:26 | INFO | redis_service | Published message to 'news_headlines'
2026-05-24 02:20:26 | INFO | redis_service | Published message to 'news_headlines'
2026-05-24 02:20:26 | INFO | redis_service | Published message to 'news_headlines'
2026-05-24 02:20:27 | INFO | redis_service | Published message to 'news_headlines'
2026-05-24 02:20:27 | INFO | redis_service | Published message to 'predictions'
2026-05-24 02:20:27 | INFO | redis_service | Published message to 'news_headlines'
2026-05-24 02:20:27 | INFO | redis_service | Published message to 'news_headlines'
2026-05-24 02:20:27 | INFO | redis_service | Published message to 'news_headlines'
2026-05-24 02:20:27 | INFO | redis_service | Published message to 'news_headlines'
2026-05-24 02:20:27 | INFO | redis_service | Published message to 'predictions'
2026-05-24 02:20:27 | INFO | redis_service | Published message to 'news_headlines'
2026-05-24 02:20:27 | INFO | redis_service | Published message to 'news_headlines'
2026-05-24 02:20:27 | INFO | redis_service | Published message to 'news_headlines'
2026-05-24 02:20:27 | INFO | redis_service | Published message to 'news_headlines'
2026-05-24 02:20:27 | INFO | redis_service | Published message to 'predictions'
2026-05-24 02:20:27 | INFO | redis_service | Published message to 'predictions'
2026-05-24 02:20:28 | INFO | redis_service | Published message to 'predictions'
2026-05-24 02:20:28 | INFO | redis_service | Published message to 'predictions'
2026-05-24 02:20:28 | INFO | redis_service | Published message to 'predictions'
2026-05-24 02:20:28 | INFO | redis_service | Published message to 'predictions'
2026-05-24 02:20:28 | INFO | redis_service | Published message to 'predictions'
2026-05-24 02:20:29 | INFO | redis_service | Published message to 'predictions'
2026-05-24 02:20:29 | INFO | redis_service | Published message to 'predictions'
2026-05-24 02:20:29 | INFO | redis_service | Published message to 'predictions'
2026-05-24 02:20:30 | INFO | redis_service | Published message to 'predictions'
2026-05-24 02:20:30 | INFO | redis_service | Published message to 'predictions'
2026-05-24 02:20:30 | INFO | redis_service | Published message to 'predictions'
2026-05-24 02:20:30 | INFO | redis_service | Published message to 'predictions'
2026-05-24 02:20:31 | INFO | redis_service | Published message to 'predictions'
2026-05-24 02:20:31 | INFO | redis_service | Published message to 'predictions'
2026-05-24 02:20:38 | INFO | redis_service | ✅ Connected to Redis
2026-05-24 02:20:38 | INFO | redis_service | Subscribed to channel 'news_headlines'
2026-05-24 02:21:30 | INFO | redis_service | Published message to 'news_headlines'
2026-05-24 02:21:30 | INFO | redis_service | Published message to 'news_headlines'
2026-05-24 02:21:30 | INFO | redis_service | Published message to 'news_headlines'
2026-05-24 02:21:30 | INFO | redis_service | Published message to 'news_headlines'
2026-05-24 02:21:30 | INFO | redis_service | Published message to 'news_headlines'
2026-05-24 02:21:30 | INFO | redis_service | Published message to 'news_headlines'
2026-05-24 02:21:30 | INFO | redis_service | Published message to 'news_headlines'
2026-05-24 02:21:30 | INFO | redis_service | Published message to 'news_headlines'
2026-05-24 02:21:31 | INFO | redis_service | Published message to 'news_headlines'
2026-05-24 02:21:31 | INFO | redis_service | Published message to 'news_headlines'
2026-05-24 02:21:31 | INFO | redis_service | Published message to 'news_headlines'
2026-05-24 02:21:31 | INFO | redis_service | Published message to 'news_headlines'
2026-05-24 02:21:31 | INFO | redis_service | Published message to 'news_headlines'
2026-05-24 02:21:31 | INFO | redis_service | Published message to 'news_headlines'
2026-05-24 02:21:31 | INFO | redis_service | Published message to 'news_headlines'
2026-05-24 02:21:31 | INFO | redis_service | Published message to 'news_headlines'
2026-05-24 02:21:31 | INFO | redis_service | Published message to 'news_headlines'
2026-05-24 02:21:31 | INFO | redis_service | Published message to 'news_headlines'
2026-05-24 02:21:31 | INFO | redis_service | Published message to 'news_headlines'
2026-05-24 02:21:31 | INFO | redis_service | Published message to 'news_headlines'
2026-05-24 02:21:31 | INFO | redis_service | Published message to 'news_headlines'
2026-05-24 02:21:31 | INFO | redis_service | Published message to 'news_headlines'
2026-05-24 02:21:31 | INFO | redis_service | Published message to 'news_headlines'
2026-05-24 02:21:31 | INFO | redis_service | Published message to 'news_headlines'
2026-05-24 02:21:31 | INFO | redis_service | Published message to 'news_headlines'
2026-05-24 02:21:31 | INFO | redis_service | Published message to 'news_headlines'
2026-05-24 02:21:31 | INFO | redis_service | Published message to 'news_headlines'
2026-05-24 02:21:32 | INFO | redis_service | Published message to 'news_headlines'
2026-05-24 02:21:32 | INFO | redis_service | Published message to 'news_headlines'
2026-05-24 02:21:32 | INFO | redis_service | Published message to 'news_headlines'
2026-05-24 02:21:32 | INFO | redis_service | Published message to 'news_headlines'
2026-05-24 02:21:32 | INFO | redis_service | Published message to 'news_headlines'
2026-05-24 02:21:32 | INFO | redis_service | Published message to 'news_headlines'
2026-05-24 02:21:32 | INFO | redis_service | Published message to 'news_headlines'
2026-05-24 02:21:32 | INFO | redis_service | Published message to 'news_headlines'
2026-05-24 02:21:32 | INFO | redis_service | Published message to 'news_headlines'
2026-05-24 02:21:32 | INFO | redis_service | Published message to 'news_headlines'
2026-05-24 02:21:32 | INFO | redis_service | Published message to 'news_headlines'
2026-05-24 02:21:32 | INFO | redis_service | Published message to 'news_headlines'
2026-05-24 02:21:32 | INFO | redis_service | Published message to 'news_headlines'
2026-05-24 02:21:34 | INFO | redis_service | Published message to 'predictions'
2026-05-24 02:21:34 | INFO | redis_service | Published message to 'predictions'
2026-05-24 02:21:35 | INFO | redis_service | Published message to 'predictions'
2026-05-24 02:21:35 | INFO | redis_service | Published message to 'predictions'
2026-05-24 02:21:35 | INFO | redis_service | Published message to 'predictions'
2026-05-24 02:21:36 | INFO | redis_service | Published message to 'predictions'
2026-05-24 02:21:36 | INFO | redis_service | Published message to 'predictions'
2026-05-24 02:21:36 | INFO | redis_service | Published message to 'predictions'
2026-05-24 02:21:37 | INFO | redis_service | Published message to 'predictions'
2026-05-24 02:21:37 | INFO | redis_service | Published message to 'predictions'
2026-05-24 02:21:37 | INFO | redis_service | Published message to 'predictions'
2026-05-24 02:21:37 | INFO | redis_service | Published message to 'predictions'
2026-05-24 02:21:38 | INFO | redis_service | Published message to 'predictions'
2026-05-24 02:21:38 | INFO | redis_service | Published message to 'predictions'
2026-05-24 02:21:38 | INFO | redis_service | Published message to 'predictions'
2026-05-24 02:21:39 | INFO | redis_service | Published message to 'predictions'
2026-05-24 02:21:39 | INFO | redis_service | Published message to 'predictions'
2026-05-24 02:21:39 | INFO | redis_service | Published message to 'predictions'
2026-05-24 02:21:39 | INFO | redis_service | Published message to 'predictions'
2026-05-24 02:21:40 | INFO | redis_service | Published message to 'predictions'
2026-05-24 02:21:40 | INFO | redis_service | Published message to 'predictions'
2026-05-24 02:21:40 | INFO | redis_service | Published message to 'predictions'
2026-05-24 02:21:41 | INFO | redis_service | Published message to 'predictions'
2026-05-24 02:21:41 | INFO | redis_service | Published message to 'predictions'
2026-05-24 02:21:41 | INFO | redis_service | Published message to 'predictions'
2026-05-24 02:21:41 | INFO | redis_service | Published message to 'predictions'
2026-05-24 02:21:42 | INFO | redis_service | Published message to 'predictions'
2026-05-24 02:21:42 | INFO | redis_service | Published message to 'predictions'
2026-05-24 02:21:42 | INFO | redis_service | Published message to 'predictions'
2026-05-24 02:21:43 | INFO | redis_service | Published message to 'predictions'
2026-05-24 02:21:43 | INFO | redis_service | Published message to 'predictions'
2026-05-24 02:21:43 | INFO | redis_service | Published message to 'predictions'
2026-05-24 02:21:44 | INFO | redis_service | Published message to 'predictions'
2026-05-24 02:21:44 | INFO | redis_service | Published message to 'predictions'
2026-05-24 02:21:44 | INFO | redis_service | Published message to 'predictions'
2026-05-24 02:21:44 | INFO | redis_service | Published message to 'predictions'
2026-05-24 02:21:45 | INFO | redis_service | Published message to 'predictions'
2026-05-24 02:21:45 | INFO | redis_service | Published message to 'predictions'
2026-05-24 02:21:45 | INFO | redis_service | Published message to 'predictions'
2026-05-24 02:21:46 | INFO | redis_service | Published message to 'predictions'
2026-05-24 02:22:35 | INFO | redis_service | Published message to 'news_headlines'
2026-05-24 02:22:35 | INFO | redis_service | Published message to 'news_headlines'
2026-05-24 02:22:35 | INFO | redis_service | Published message to 'news_headlines'
2026-05-24 02:22:36 | INFO | redis_service | Published message to 'news_headlines'
2026-05-24 02:22:36 | INFO | redis_service | Published message to 'news_headlines'
2026-05-24 02:22:36 | INFO | redis_service | Published message to 'news_headlines'
2026-05-24 02:22:36 | INFO | redis_service | Published message to 'news_headlines'
2026-05-24 02:22:36 | INFO | redis_service | Published message to 'news_headlines'
2026-05-24 02:22:36 | INFO | redis_service | Published message to 'news_headlines'
2026-05-24 02:22:36 | INFO | redis_service | Published message to 'news_headlines'
2026-05-24 02:22:36 | INFO | redis_service | Published message to 'news_headlines'
2026-05-24 02:22:36 | INFO | redis_service | Published message to 'predictions'
2026-05-24 02:22:36 | INFO | redis_service | Published message to 'news_headlines'
2026-05-24 02:22:36 | INFO | redis_service | Published message to 'news_headlines'
2026-05-24 02:22:36 | INFO | redis_service | Published message to 'news_headlines'
2026-05-24 02:22:36 | INFO | redis_service | Published message to 'news_headlines'
2026-05-24 02:22:36 | INFO | redis_service | Published message to 'predictions'
2026-05-24 02:22:36 | INFO | redis_service | Published message to 'news_headlines'
2026-05-24 02:22:36 | INFO | redis_service | Published message to 'news_headlines'
2026-05-24 02:22:36 | INFO | redis_service | Published message to 'news_headlines'
2026-05-24 02:22:36 | INFO | redis_service | Published message to 'news_headlines'
2026-05-24 02:22:36 | INFO | redis_service | Published message to 'news_headlines'
2026-05-24 02:22:36 | INFO | redis_service | Published message to 'predictions'
2026-05-24 02:22:36 | INFO | redis_service | Published message to 'news_headlines'
2026-05-24 02:22:36 | INFO | redis_service | Published message to 'news_headlines'
2026-05-24 02:22:37 | INFO | redis_service | Published message to 'news_headlines'
2026-05-24 02:22:37 | INFO | redis_service | Published message to 'news_headlines'
2026-05-24 02:22:37 | INFO | redis_service | Published message to 'predictions'
2026-05-24 02:22:37 | INFO | redis_service | Published message to 'news_headlines'
2026-05-24 02:22:37 | INFO | redis_service | Published message to 'news_headlines'
2026-05-24 02:22:37 | INFO | redis_service | Published message to 'news_headlines'
2026-05-24 02:22:37 | INFO | redis_service | Published message to 'news_headlines'
2026-05-24 02:22:37 | INFO | redis_service | Published message to 'news_headlines'
2026-05-24 02:22:37 | INFO | redis_service | Published message to 'predictions'
2026-05-24 02:22:37 | INFO | redis_service | Published message to 'news_headlines'
2026-05-24 02:22:37 | INFO | redis_service | Published message to 'news_headlines'
2026-05-24 02:22:37 | INFO | redis_service | Published message to 'news_headlines'
2026-05-24 02:22:37 | INFO | redis_service | Published message to 'news_headlines'
2026-05-24 02:22:37 | INFO | redis_service | Published message to 'news_headlines'
2026-05-24 02:22:37 | INFO | redis_service | Published message to 'predictions'
2026-05-24 02:22:37 | INFO | redis_service | Published message to 'news_headlines'
2026-05-24 02:22:37 | INFO | redis_service | Published message to 'news_headlines'
2026-05-24 02:22:37 | INFO | redis_service | Published message to 'news_headlines'
2026-05-24 02:22:37 | INFO | redis_service | Published message to 'news_headlines'
2026-05-24 02:22:37 | INFO | redis_service | Published message to 'news_headlines'
2026-05-24 02:22:37 | INFO | redis_service | Published message to 'predictions'
2026-05-24 02:22:37 | INFO | redis_service | Published message to 'news_headlines'
2026-05-24 02:22:38 | INFO | redis_service | Published message to 'predictions'
2026-05-24 02:22:38 | INFO | redis_service | Published message to 'predictions'
2026-05-24 02:22:38 | INFO | redis_service | Published message to 'predictions'
2026-05-24 02:22:38 | INFO | redis_service | Published message to 'predictions'
2026-05-24 02:22:39 | INFO | redis_service | Published message to 'predictions'
2026-05-24 02:22:39 | INFO | redis_service | Published message to 'predictions'
2026-05-24 02:22:39 | INFO | redis_service | Published message to 'predictions'
2026-05-24 02:22:40 | INFO | redis_service | Published message to 'predictions'
2026-05-24 02:22:40 | INFO | redis_service | Published message to 'predictions'
2026-05-24 02:22:40 | INFO | redis_service | Published message to 'predictions'
2026-05-24 02:22:40 | INFO | redis_service | Published message to 'predictions'
2026-05-24 02:22:41 | INFO | redis_service | Published message to 'predictions'
2026-05-24 02:22:41 | INFO | redis_service | Published message to 'predictions'
2026-05-24 02:22:41 | INFO | redis_service | Published message to 'predictions'
2026-05-24 02:22:42 | INFO | redis_service | Published message to 'predictions'
2026-05-24 02:22:42 | INFO | redis_service | Published message to 'predictions'
2026-05-24 02:22:42 | INFO | redis_service | Published message to 'predictions'
2026-05-24 02:22:42 | INFO | redis_service | Published message to 'predictions'
2026-05-24 02:22:43 | INFO | redis_service | Published message to 'predictions'
2026-05-24 02:22:43 | INFO | redis_service | Published message to 'predictions'
2026-05-24 02:22:43 | INFO | redis_service | Published message to 'predictions'
2026-05-24 02:22:44 | INFO | redis_service | Published message to 'predictions'
2026-05-24 02:22:44 | INFO | redis_service | Published message to 'predictions'
2026-05-24 02:22:44 | INFO | redis_service | Published message to 'predictions'
2026-05-24 02:22:45 | INFO | redis_service | Published message to 'predictions'
2026-05-24 02:22:45 | INFO | redis_service | Published message to 'predictions'
2026-05-24 02:22:45 | INFO | redis_service | Published message to 'predictions'
2026-05-24 02:22:45 | INFO | redis_service | Published message to 'predictions'
2026-05-24 02:22:46 | INFO | redis_service | Published message to 'predictions'
2026-05-24 02:22:46 | INFO | redis_service | Published message to 'predictions'
2026-05-24 02:22:46 | INFO | redis_service | Published message to 'predictions'
2026-05-24 02:22:46 | INFO | redis_service | Published message to 'predictions'
2026-05-24 02:22:47 | INFO | redis_service | Published message to 'predictions'
2026-05-24 02:23:40 | INFO | redis_service | Published message to 'news_headlines'
2026-05-24 02:23:40 | INFO | redis_service | Published message to 'news_headlines'
2026-05-24 02:23:40 | INFO | redis_service | Published message to 'news_headlines'
2026-05-24 02:23:40 | INFO | redis_service | Published message to 'news_headlines'
2026-05-24 02:23:40 | INFO | redis_service | Published message to 'news_headlines'
2026-05-24 02:23:40 | INFO | redis_service | Published message to 'news_headlines'
2026-05-24 02:23:40 | INFO | redis_service | Published message to 'news_headlines'
2026-05-24 02:23:40 | INFO | redis_service | Published message to 'predictions'
2026-05-24 02:23:40 | INFO | redis_service | Published message to 'news_headlines'
2026-05-24 02:23:41 | INFO | redis_service | Published message to 'news_headlines'
2026-05-24 02:23:41 | INFO | redis_service | Published message to 'news_headlines'
2026-05-24 02:23:41 | INFO | redis_service | Published message to 'news_headlines'
2026-05-24 02:23:41 | INFO | redis_service | Published message to 'predictions'
2026-05-24 02:23:41 | INFO | redis_service | Published message to 'news_headlines'
2026-05-24 02:23:41 | INFO | redis_service | Published message to 'news_headlines'
2026-05-24 02:23:41 | INFO | redis_service | Published message to 'news_headlines'
2026-05-24 02:23:41 | INFO | redis_service | Published message to 'news_headlines'
2026-05-24 02:23:41 | INFO | redis_service | Published message to 'predictions'
2026-05-24 02:23:41 | INFO | redis_service | Published message to 'news_headlines'
2026-05-24 02:23:41 | INFO | redis_service | Published message to 'news_headlines'
2026-05-24 02:23:41 | INFO | redis_service | Published message to 'news_headlines'
2026-05-24 02:23:41 | INFO | redis_service | Published message to 'news_headlines'
2026-05-24 02:23:41 | INFO | redis_service | Published message to 'predictions'
2026-05-24 02:23:41 | INFO | redis_service | Published message to 'news_headlines'
2026-05-24 02:23:41 | INFO | redis_service | Published message to 'news_headlines'
2026-05-24 02:23:41 | INFO | redis_service | Published message to 'news_headlines'
2026-05-24 02:23:41 | INFO | redis_service | Published message to 'news_headlines'
2026-05-24 02:23:41 | INFO | redis_service | Published message to 'news_headlines'
2026-05-24 02:23:41 | INFO | redis_service | Published message to 'predictions'
2026-05-24 02:23:41 | INFO | redis_service | Published message to 'news_headlines'
2026-05-24 02:23:41 | INFO | redis_service | Published message to 'news_headlines'
2026-05-24 02:23:42 | INFO | redis_service | Published message to 'news_headlines'
2026-05-24 02:23:42 | INFO | redis_service | Published message to 'news_headlines'
2026-05-24 02:23:42 | INFO | redis_service | Published message to 'predictions'
2026-05-24 02:23:42 | INFO | redis_service | Published message to 'news_headlines'
2026-05-24 02:23:42 | INFO | redis_service | Published message to 'news_headlines'
2026-05-24 02:23:42 | INFO | redis_service | Published message to 'news_headlines'
2026-05-24 02:23:42 | INFO | redis_service | Published message to 'news_headlines'
2026-05-24 02:23:42 | INFO | redis_service | Published message to 'predictions'
2026-05-24 02:23:42 | INFO | redis_service | Published message to 'news_headlines'
2026-05-24 02:23:42 | INFO | redis_service | Published message to 'news_headlines'
2026-05-24 02:23:42 | INFO | redis_service | Published message to 'news_headlines'
2026-05-24 02:23:42 | INFO | redis_service | Published message to 'news_headlines'
2026-05-24 02:23:42 | INFO | redis_service | Published message to 'predictions'
2026-05-24 02:23:42 | INFO | redis_service | Published message to 'news_headlines'
2026-05-24 02:23:42 | INFO | redis_service | Published message to 'news_headlines'
2026-05-24 02:23:42 | INFO | redis_service | Published message to 'news_headlines'
2026-05-24 02:23:42 | INFO | redis_service | Published message to 'news_headlines'
2026-05-24 02:23:42 | INFO | redis_service | Published message to 'predictions'
2026-05-24 02:23:43 | INFO | redis_service | Published message to 'predictions'
2026-05-24 02:23:43 | INFO | redis_service | Published message to 'predictions'
2026-05-24 02:23:43 | INFO | redis_service | Published message to 'predictions'
2026-05-24 02:23:43 | INFO | redis_service | Published message to 'predictions'
2026-05-24 02:23:44 | INFO | redis_service | Published message to 'predictions'
2026-05-24 02:23:44 | INFO | redis_service | Published message to 'predictions'
2026-05-24 02:23:44 | INFO | redis_service | Published message to 'predictions'
2026-05-24 02:23:44 | INFO | redis_service | Published message to 'predictions'
2026-05-24 02:23:45 | INFO | redis_service | Published message to 'predictions'
2026-05-24 02:23:45 | INFO | redis_service | Published message to 'predictions'
2026-05-24 02:23:45 | INFO | redis_service | Published message to 'predictions'
2026-05-24 02:23:45 | INFO | redis_service | Published message to 'predictions'
2026-05-24 02:23:46 | INFO | redis_service | Published message to 'predictions'
2026-05-24 02:23:46 | INFO | redis_service | Published message to 'predictions'
2026-05-24 02:23:46 | INFO | redis_service | Published message to 'predictions'
2026-05-24 02:23:47 | INFO | redis_service | Published message to 'predictions'
2026-05-24 02:23:47 | INFO | redis_service | Published message to 'predictions'
2026-05-24 02:23:47 | INFO | redis_service | Published message to 'predictions'
2026-05-24 02:23:47 | INFO | redis_service | Published message to 'predictions'
2026-05-24 02:23:48 | INFO | redis_service | Published message to 'predictions'
2026-05-24 02:23:48 | INFO | redis_service | Published message to 'predictions'
2026-05-24 02:23:48 | INFO | redis_service | Published message to 'predictions'
2026-05-24 02:23:49 | INFO | redis_service | Published message to 'predictions'
2026-05-24 02:23:49 | INFO | redis_service | Published message to 'predictions'
2026-05-24 02:23:49 | INFO | redis_service | Published message to 'predictions'
2026-05-24 02:23:49 | INFO | redis_service | Published message to 'predictions'
2026-05-24 02:23:50 | INFO | redis_service | Published message to 'predictions'
2026-05-24 02:23:50 | INFO | redis_service | Published message to 'predictions'
2026-05-24 02:23:50 | INFO | redis_service | Published message to 'predictions'
2026-05-24 02:23:50 | INFO | redis_service | Published message to 'predictions'
2026-05-24 02:23:51 | INFO | redis_service | Published message to 'predictions'
2026-05-24 02:24:45 | INFO | redis_service | Published message to 'news_headlines'
2026-05-24 02:24:45 | INFO | redis_service | Published message to 'news_headlines'
2026-05-24 02:24:45 | INFO | redis_service | Published message to 'news_headlines'
2026-05-24 02:24:45 | INFO | redis_service | Published message to 'news_headlines'
2026-05-24 02:24:46 | INFO | redis_service | Published message to 'news_headlines'
2026-05-24 02:24:46 | INFO | redis_service | Published message to 'news_headlines'
2026-05-24 02:24:46 | INFO | redis_service | Published message to 'news_headlines'
2026-05-24 02:24:46 | INFO | redis_service | Published message to 'news_headlines'
2026-05-24 02:24:46 | INFO | redis_service | Published message to 'news_headlines'
2026-05-24 02:24:46 | INFO | redis_service | Published message to 'news_headlines'
2026-05-24 02:24:46 | INFO | redis_service | Published message to 'news_headlines'
2026-05-24 02:24:46 | INFO | redis_service | Published message to 'news_headlines'
2026-05-24 02:24:46 | INFO | redis_service | Published message to 'news_headlines'
2026-05-24 02:24:46 | INFO | redis_service | Published message to 'predictions'
2026-05-24 02:24:46 | INFO | redis_service | Published message to 'news_headlines'
2026-05-24 02:24:46 | INFO | redis_service | Published message to 'news_headlines'
2026-05-24 02:24:46 | INFO | redis_service | Published message to 'news_headlines'
2026-05-24 02:24:46 | INFO | redis_service | Published message to 'news_headlines'
2026-05-24 02:24:46 | INFO | redis_service | Published message to 'predictions'
2026-05-24 02:24:46 | INFO | redis_service | Published message to 'news_headlines'
2026-05-24 02:24:46 | INFO | redis_service | Published message to 'news_headlines'
2026-05-24 02:24:46 | INFO | redis_service | Published message to 'news_headlines'
2026-05-24 02:24:46 | INFO | redis_service | Published message to 'news_headlines'
2026-05-24 02:24:47 | INFO | redis_service | Published message to 'news_headlines'
2026-05-24 02:24:47 | INFO | redis_service | Published message to 'predictions'
2026-05-24 02:24:47 | INFO | redis_service | Published message to 'news_headlines'
2026-05-24 02:24:47 | INFO | redis_service | Published message to 'news_headlines'
2026-05-24 02:24:47 | INFO | redis_service | Published message to 'news_headlines'
2026-05-24 02:24:47 | INFO | redis_service | Published message to 'news_headlines'
2026-05-24 02:24:47 | INFO | redis_service | Published message to 'predictions'
2026-05-24 02:24:47 | INFO | redis_service | Published message to 'news_headlines'
2026-05-24 02:24:47 | INFO | redis_service | Published message to 'news_headlines'
2026-05-24 02:24:47 | INFO | redis_service | Published message to 'news_headlines'
2026-05-24 02:24:47 | INFO | redis_service | Published message to 'news_headlines'
2026-05-24 02:24:47 | INFO | redis_service | Published message to 'predictions'
2026-05-24 02:24:47 | INFO | redis_service | Published message to 'news_headlines'
2026-05-24 02:24:47 | INFO | redis_service | Published message to 'news_headlines'
2026-05-24 02:24:47 | INFO | redis_service | Published message to 'news_headlines'
2026-05-24 02:24:47 | INFO | redis_service | Published message to 'news_headlines'
2026-05-24 02:24:47 | INFO | redis_service | Published message to 'news_headlines'
2026-05-24 02:24:47 | INFO | redis_service | Published message to 'predictions'
2026-05-24 02:24:47 | INFO | redis_service | Published message to 'news_headlines'
2026-05-24 02:24:47 | INFO | redis_service | Published message to 'news_headlines'
2026-05-24 02:24:47 | INFO | redis_service | Published message to 'news_headlines'
2026-05-24 02:24:47 | INFO | redis_service | Published message to 'news_headlines'
2026-05-24 02:24:47 | INFO | redis_service | Published message to 'news_headlines'
2026-05-24 02:24:47 | INFO | redis_service | Published message to 'predictions'
2026-05-24 02:24:48 | INFO | redis_service | Published message to 'predictions'
2026-05-24 02:24:48 | INFO | redis_service | Published message to 'predictions'
2026-05-24 02:24:48 | INFO | redis_service | Published message to 'predictions'
2026-05-24 02:24:49 | INFO | redis_service | Published message to 'predictions'
2026-05-24 02:24:49 | INFO | redis_service | Published message to 'predictions'
2026-05-24 02:24:49 | INFO | redis_service | Published message to 'predictions'
2026-05-24 02:24:49 | INFO | redis_service | Published message to 'predictions'
2026-05-24 02:24:50 | INFO | redis_service | Published message to 'predictions'
2026-05-24 02:24:50 | INFO | redis_service | Published message to 'predictions'
2026-05-24 02:24:50 | INFO | redis_service | Published message to 'predictions'
2026-05-24 02:24:50 | INFO | redis_service | Published message to 'predictions'
2026-05-24 02:24:51 | INFO | redis_service | Published message to 'predictions'
2026-05-24 02:24:51 | INFO | redis_service | Published message to 'predictions'
2026-05-24 02:24:51 | INFO | redis_service | Published message to 'predictions'
2026-05-24 02:24:51 | INFO | redis_service | Published message to 'predictions'
2026-05-24 02:24:52 | INFO | redis_service | Published message to 'predictions'
2026-05-24 02:24:52 | INFO | redis_service | Published message to 'predictions'
2026-05-24 02:24:52 | INFO | redis_service | Published message to 'predictions'
2026-05-24 02:24:52 | INFO | redis_service | Published message to 'predictions'
2026-05-24 02:24:53 | INFO | redis_service | Published message to 'predictions'
2026-05-24 02:24:53 | INFO | redis_service | Published message to 'predictions'
2026-05-24 02:24:53 | INFO | redis_service | Published message to 'predictions'
2026-05-24 02:24:53 | INFO | redis_service | Published message to 'predictions'
2026-05-24 02:24:54 | INFO | redis_service | Published message to 'predictions'
2026-05-24 02:24:54 | INFO | redis_service | Published message to 'predictions'
2026-05-24 02:24:54 | INFO | redis_service | Published message to 'predictions'
2026-05-24 02:24:55 | INFO | redis_service | Published message to 'predictions'
2026-05-24 02:24:55 | INFO | redis_service | Published message to 'predictions'
2026-05-24 02:24:55 | INFO | redis_service | Published message to 'predictions'
2026-05-24 02:24:56 | INFO | redis_service | Published message to 'predictions'
2026-05-24 02:24:56 | INFO | redis_service | Published message to 'predictions'
2026-05-24 02:24:56 | INFO | redis_service | Published message to 'predictions'
2026-05-24 02:24:56 | INFO | redis_service | Published message to 'predictions'
2026-05-24 02:25:50 | INFO | redis_service | Published message to 'news_headlines'
2026-05-24 02:25:50 | INFO | redis_service | Published message to 'news_headlines'
2026-05-24 02:25:50 | INFO | redis_service | Published message to 'news_headlines'
2026-05-24 02:25:50 | INFO | redis_service | Published message to 'news_headlines'
2026-05-24 02:25:50 | INFO | redis_service | Published message to 'news_headlines'
2026-05-24 02:25:51 | INFO | redis_service | Published message to 'news_headlines'
2026-05-24 02:25:51 | INFO | redis_service | Published message to 'news_headlines'
2026-05-24 02:25:51 | INFO | redis_service | Published message to 'news_headlines'
2026-05-24 02:25:51 | INFO | redis_service | Published message to 'news_headlines'
2026-05-24 02:25:51 | INFO | redis_service | Published message to 'news_headlines'
2026-05-24 02:25:51 | INFO | redis_service | Published message to 'news_headlines'
2026-05-24 02:25:51 | INFO | redis_service | Published message to 'news_headlines'
2026-05-24 02:25:51 | INFO | redis_service | Published message to 'news_headlines'
2026-05-24 02:25:51 | INFO | redis_service | Published message to 'news_headlines'
2026-05-24 02:25:51 | INFO | redis_service | Published message to 'predictions'
2026-05-24 02:25:51 | INFO | redis_service | Published message to 'news_headlines'
2026-05-24 02:25:51 | INFO | redis_service | Published message to 'news_headlines'
2026-05-24 02:25:51 | INFO | redis_service | Published message to 'news_headlines'
2026-05-24 02:25:51 | INFO | redis_service | Published message to 'news_headlines'
2026-05-24 02:25:51 | INFO | redis_service | Published message to 'news_headlines'
2026-05-24 02:25:51 | INFO | redis_service | Published message to 'predictions'
2026-05-24 02:25:51 | INFO | redis_service | Published message to 'news_headlines'
2026-05-24 02:25:51 | INFO | redis_service | Published message to 'news_headlines'
2026-05-24 02:25:51 | INFO | redis_service | Published message to 'news_headlines'
2026-05-24 02:25:51 | INFO | redis_service | Published message to 'news_headlines'
2026-05-24 02:25:51 | INFO | redis_service | Published message to 'predictions'
2026-05-24 02:25:51 | INFO | redis_service | Published message to 'news_headlines'
2026-05-24 02:25:52 | INFO | redis_service | Published message to 'news_headlines'
2026-05-24 02:25:52 | INFO | redis_service | Published message to 'news_headlines'
2026-05-24 02:25:52 | INFO | redis_service | Published message to 'news_headlines'
2026-05-24 02:25:52 | INFO | redis_service | Published message to 'predictions'
2026-05-24 02:25:52 | INFO | redis_service | Published message to 'news_headlines'
2026-05-24 02:25:52 | INFO | redis_service | Published message to 'news_headlines'
2026-05-24 02:25:52 | INFO | redis_service | Published message to 'news_headlines'
2026-05-24 02:25:52 | INFO | redis_service | Published message to 'news_headlines'
2026-05-24 02:25:52 | INFO | redis_service | Published message to 'news_headlines'
2026-05-24 02:25:52 | INFO | redis_service | Published message to 'predictions'
2026-05-24 02:25:52 | INFO | redis_service | Published message to 'news_headlines'
2026-05-24 02:25:52 | INFO | redis_service | Published message to 'news_headlines'
2026-05-24 02:25:52 | INFO | redis_service | Published message to 'news_headlines'
2026-05-24 02:25:52 | INFO | redis_service | Published message to 'news_headlines'
2026-05-24 02:25:52 | INFO | redis_service | Published message to 'predictions'
2026-05-24 02:25:52 | INFO | redis_service | Published message to 'news_headlines'
2026-05-24 02:25:52 | INFO | redis_service | Published message to 'news_headlines'
2026-05-24 02:25:52 | INFO | redis_service | Published message to 'news_headlines'
2026-05-24 02:25:52 | INFO | redis_service | Published message to 'news_headlines'
2026-05-24 02:25:52 | INFO | redis_service | Published message to 'predictions'
2026-05-24 02:25:53 | INFO | redis_service | Published message to 'predictions'
2026-05-24 02:25:53 | INFO | redis_service | Published message to 'predictions'
2026-05-24 02:25:53 | INFO | redis_service | Published message to 'predictions'
2026-05-24 02:25:53 | INFO | redis_service | Published message to 'predictions'
2026-05-24 02:25:54 | INFO | redis_service | Published message to 'predictions'
2026-05-24 02:25:54 | INFO | redis_service | Published message to 'predictions'
2026-05-24 02:25:54 | INFO | redis_service | Published message to 'predictions'
2026-05-24 02:25:54 | INFO | redis_service | Published message to 'predictions'
2026-05-24 02:25:55 | INFO | redis_service | Published message to 'predictions'
2026-05-24 02:25:55 | INFO | redis_service | Published message to 'predictions'
2026-05-24 02:25:55 | INFO | redis_service | Published message to 'predictions'
2026-05-24 02:25:55 | INFO | redis_service | Published message to 'predictions'
2026-05-24 02:25:56 | INFO | redis_service | Published message to 'predictions'
2026-05-24 02:25:56 | INFO | redis_service | Published message to 'predictions'
2026-05-24 02:25:56 | INFO | redis_service | Published message to 'predictions'
2026-05-24 02:25:57 | INFO | redis_service | Published message to 'predictions'
2026-05-24 02:25:57 | INFO | redis_service | Published message to 'predictions'
2026-05-24 02:25:57 | INFO | redis_service | Published message to 'predictions'
2026-05-24 02:25:57 | INFO | redis_service | Published message to 'predictions'
2026-05-24 02:25:58 | INFO | redis_service | Published message to 'predictions'
2026-05-24 02:25:58 | INFO | redis_service | Published message to 'predictions'
2026-05-24 02:25:58 | INFO | redis_service | Published message to 'predictions'
2026-05-24 02:25:58 | INFO | redis_service | Published message to 'predictions'
2026-05-24 02:25:59 | INFO | redis_service | Published message to 'predictions'
2026-05-24 02:25:59 | INFO | redis_service | Published message to 'predictions'
2026-05-24 02:25:59 | INFO | redis_service | Published message to 'predictions'
2026-05-24 02:26:00 | INFO | redis_service | Published message to 'predictions'
2026-05-24 02:26:00 | INFO | redis_service | Published message to 'predictions'
2026-05-24 02:26:00 | INFO | redis_service | Published message to 'predictions'
2026-05-24 02:26:00 | INFO | redis_service | Published message to 'predictions'
2026-05-24 02:26:01 | INFO | redis_service | Published message to 'predictions'
2026-05-24 02:26:01 | INFO | redis_service | Published message to 'predictions'
2026-05-24 02:26:54 | INFO | redis_service | Published message to 'news_headlines'
2026-05-24 02:26:55 | INFO | redis_service | Published message to 'news_headlines'
2026-05-24 02:26:55 | INFO | redis_service | Published message to 'news_headlines'
2026-05-24 02:26:55 | INFO | redis_service | Published message to 'news_headlines'
2026-05-24 02:26:55 | INFO | redis_service | Published message to 'news_headlines'
2026-05-24 02:26:55 | INFO | redis_service | Published message to 'news_headlines'
2026-05-24 02:26:55 | INFO | redis_service | Published message to 'news_headlines'
2026-05-24 02:26:55 | INFO | redis_service | Published message to 'news_headlines'
2026-05-24 02:26:55 | INFO | redis_service | Published message to 'news_headlines'
2026-05-24 02:26:55 | INFO | redis_service | Published message to 'news_headlines'
2026-05-24 02:26:55 | INFO | redis_service | Published message to 'predictions'
2026-05-24 02:26:55 | INFO | redis_service | Published message to 'news_headlines'
2026-05-24 02:26:55 | INFO | redis_service | Published message to 'news_headlines'
2026-05-24 02:26:55 | INFO | redis_service | Published message to 'news_headlines'
2026-05-24 02:26:55 | INFO | redis_service | Published message to 'news_headlines'
2026-05-24 02:26:55 | INFO | redis_service | Published message to 'news_headlines'
2026-05-24 02:26:55 | INFO | redis_service | Published message to 'news_headlines'
2026-05-24 02:26:55 | INFO | redis_service | Published message to 'news_headlines'
2026-05-24 02:26:55 | INFO | redis_service | Published message to 'news_headlines'
2026-05-24 02:26:55 | INFO | redis_service | Published message to 'news_headlines'
2026-05-24 02:26:55 | INFO | redis_service | Published message to 'news_headlines'
2026-05-24 02:26:55 | INFO | redis_service | Published message to 'predictions'
2026-05-24 02:26:56 | INFO | redis_service | Published message to 'news_headlines'
2026-05-24 02:26:56 | INFO | redis_service | Published message to 'news_headlines'
2026-05-24 02:26:56 | INFO | redis_service | Published message to 'news_headlines'
2026-05-24 02:26:56 | INFO | redis_service | Published message to 'news_headlines'
2026-05-24 02:26:56 | INFO | redis_service | Published message to 'news_headlines'
2026-05-24 02:26:56 | INFO | redis_service | Published message to 'predictions'
2026-05-24 02:26:56 | INFO | redis_service | Published message to 'news_headlines'
2026-05-24 02:26:56 | INFO | redis_service | Published message to 'news_headlines'
2026-05-24 02:26:56 | INFO | redis_service | Published message to 'news_headlines'
2026-05-24 02:26:56 | INFO | redis_service | Published message to 'news_headlines'
2026-05-24 02:26:56 | INFO | redis_service | Published message to 'predictions'
2026-05-24 02:26:56 | INFO | redis_service | Published message to 'news_headlines'
2026-05-24 02:26:56 | INFO | redis_service | Published message to 'news_headlines'
2026-05-24 02:26:56 | INFO | redis_service | Published message to 'news_headlines'
2026-05-24 02:26:56 | INFO | redis_service | Published message to 'news_headlines'
2026-05-24 02:26:56 | INFO | redis_service | Published message to 'predictions'
2026-05-24 02:26:56 | INFO | redis_service | Published message to 'news_headlines'
2026-05-24 02:26:56 | INFO | redis_service | Published message to 'news_headlines'
2026-05-24 02:26:56 | INFO | redis_service | Published message to 'news_headlines'
2026-05-24 02:26:56 | INFO | redis_service | Published message to 'news_headlines'
2026-05-24 02:26:56 | INFO | redis_service | Published message to 'news_headlines'
2026-05-24 02:26:56 | INFO | redis_service | Published message to 'predictions'
2026-05-24 02:26:56 | INFO | redis_service | Published message to 'news_headlines'
2026-05-24 02:26:57 | INFO | redis_service | Published message to 'news_headlines'
2026-05-24 02:26:57 | INFO | redis_service | Published message to 'predictions'
2026-05-24 02:26:57 | INFO | redis_service | Published message to 'predictions'
2026-05-24 02:26:57 | INFO | redis_service | Published message to 'predictions'
2026-05-24 02:26:57 | INFO | redis_service | Published message to 'predictions'
2026-05-24 02:26:58 | INFO | redis_service | Published message to 'predictions'
2026-05-24 02:26:58 | INFO | redis_service | Published message to 'predictions'
2026-05-24 02:26:58 | INFO | redis_service | Published message to 'predictions'
2026-05-24 02:26:58 | INFO | redis_service | Published message to 'predictions'
2026-05-24 02:26:59 | INFO | redis_service | Published message to 'predictions'
2026-05-24 02:26:59 | INFO | redis_service | Published message to 'predictions'
2026-05-24 02:26:59 | INFO | redis_service | Published message to 'predictions'
2026-05-24 02:27:00 | INFO | redis_service | Published message to 'predictions'
2026-05-24 02:27:00 | INFO | redis_service | Published message to 'predictions'
2026-05-24 02:27:00 | INFO | redis_service | Published message to 'predictions'
2026-05-24 02:27:00 | INFO | redis_service | Published message to 'predictions'
2026-05-24 02:27:01 | INFO | redis_service | Published message to 'predictions'
2026-05-24 02:27:01 | INFO | redis_service | Published message to 'predictions'
2026-05-24 02:27:01 | INFO | redis_service | Published message to 'predictions'
2026-05-24 02:27:01 | INFO | redis_service | Published message to 'predictions'
2026-05-24 02:27:02 | INFO | redis_service | Published message to 'predictions'
2026-05-24 02:27:02 | INFO | redis_service | Published message to 'predictions'
2026-05-24 02:27:02 | INFO | redis_service | Published message to 'predictions'
2026-05-24 02:27:02 | INFO | redis_service | Published message to 'predictions'
2026-05-24 02:27:03 | INFO | redis_service | Published message to 'predictions'
2026-05-24 02:27:03 | INFO | redis_service | Published message to 'predictions'
2026-05-24 02:27:03 | INFO | redis_service | Published message to 'predictions'
2026-05-24 02:27:03 | INFO | redis_service | Published message to 'predictions'
2026-05-24 02:27:04 | INFO | redis_service | Published message to 'predictions'
2026-05-24 02:27:04 | INFO | redis_service | Published message to 'predictions'
2026-05-24 02:27:04 | INFO | redis_service | Published message to 'predictions'
2026-05-24 02:27:05 | INFO | redis_service | Published message to 'predictions'
2026-05-24 02:27:05 | INFO | redis_service | Published message to 'predictions'
2026-05-24 02:27:05 | INFO | redis_service | Published message to 'predictions'
2026-05-24 02:27:59 | INFO | redis_service | Published message to 'news_headlines'
2026-05-24 02:27:59 | INFO | redis_service | Published message to 'news_headlines'
2026-05-24 02:27:59 | INFO | redis_service | Published message to 'news_headlines'
2026-05-24 02:27:59 | INFO | redis_service | Published message to 'news_headlines'
2026-05-24 02:27:59 | INFO | redis_service | Published message to 'news_headlines'
2026-05-24 02:27:59 | INFO | redis_service | Published message to 'news_headlines'
2026-05-24 02:27:59 | INFO | redis_service | Published message to 'news_headlines'
2026-05-24 02:27:59 | INFO | redis_service | Published message to 'news_headlines'
2026-05-24 02:27:59 | INFO | redis_service | Published message to 'predictions'
2026-05-24 02:27:59 | INFO | redis_service | Published message to 'news_headlines'
2026-05-24 02:27:59 | INFO | redis_service | Published message to 'news_headlines'
2026-05-24 02:27:59 | INFO | redis_service | Published message to 'news_headlines'
2026-05-24 02:28:00 | INFO | redis_service | Published message to 'news_headlines'
2026-05-24 02:28:00 | INFO | redis_service | Published message to 'news_headlines'
2026-05-24 02:28:00 | INFO | redis_service | Published message to 'predictions'
2026-05-24 02:28:00 | INFO | redis_service | Published message to 'news_headlines'
2026-05-24 02:28:00 | INFO | redis_service | Published message to 'news_headlines'
2026-05-24 02:28:00 | INFO | redis_service | Published message to 'news_headlines'
2026-05-24 02:28:00 | INFO | redis_service | Published message to 'news_headlines'
2026-05-24 02:28:00 | INFO | redis_service | Published message to 'predictions'
2026-05-24 02:28:00 | INFO | redis_service | Published message to 'news_headlines'
2026-05-24 02:28:00 | INFO | redis_service | Published message to 'news_headlines'
2026-05-24 02:28:00 | INFO | redis_service | Published message to 'news_headlines'
2026-05-24 02:28:00 | INFO | redis_service | Published message to 'news_headlines'
2026-05-24 02:28:00 | INFO | redis_service | Published message to 'predictions'
2026-05-24 02:28:00 | INFO | redis_service | Published message to 'news_headlines'
2026-05-24 02:28:00 | INFO | redis_service | Published message to 'news_headlines'
2026-05-24 02:28:00 | INFO | redis_service | Published message to 'news_headlines'
2026-05-24 02:28:00 | INFO | redis_service | Published message to 'news_headlines'
2026-05-24 02:28:00 | INFO | redis_service | Published message to 'predictions'
2026-05-24 02:28:00 | INFO | redis_service | Published message to 'news_headlines'
2026-05-24 02:28:00 | INFO | redis_service | Published message to 'news_headlines'
2026-05-24 02:28:00 | INFO | redis_service | Published message to 'news_headlines'
2026-05-24 02:28:01 | INFO | redis_service | Published message to 'news_headlines'
2026-05-24 02:28:01 | INFO | redis_service | Published message to 'news_headlines'
2026-05-24 02:28:01 | INFO | redis_service | Published message to 'predictions'
2026-05-24 02:28:01 | INFO | redis_service | Published message to 'news_headlines'
2026-05-24 02:28:01 | INFO | redis_service | Published message to 'news_headlines'
2026-05-24 02:28:01 | INFO | redis_service | Published message to 'news_headlines'
2026-05-24 02:28:01 | INFO | redis_service | Published message to 'news_headlines'
2026-05-24 02:28:01 | INFO | redis_service | Published message to 'predictions'
2026-05-24 02:28:01 | INFO | redis_service | Published message to 'news_headlines'
2026-05-24 02:28:01 | INFO | redis_service | Published message to 'news_headlines'
2026-05-24 02:28:01 | INFO | redis_service | Published message to 'news_headlines'
2026-05-24 02:28:01 | INFO | redis_service | Published message to 'news_headlines'
2026-05-24 02:28:01 | INFO | redis_service | Published message to 'predictions'
2026-05-24 02:28:01 | INFO | redis_service | Published message to 'news_headlines'
2026-05-24 02:28:01 | INFO | redis_service | Published message to 'news_headlines'
2026-05-24 02:28:01 | INFO | redis_service | Published message to 'predictions'
2026-05-24 02:28:02 | INFO | redis_service | Published message to 'predictions'
2026-05-24 02:28:02 | INFO | redis_service | Published message to 'predictions'
2026-05-24 02:28:02 | INFO | redis_service | Published message to 'predictions'
2026-05-24 02:28:02 | INFO | redis_service | Published message to 'predictions'
2026-05-24 02:28:03 | INFO | redis_service | Published message to 'predictions'
2026-05-24 02:28:03 | INFO | redis_service | Published message to 'predictions'
2026-05-24 02:28:03 | INFO | redis_service | Published message to 'predictions'
2026-05-24 02:28:03 | INFO | redis_service | Published message to 'predictions'
2026-05-24 02:28:04 | INFO | redis_service | Published message to 'predictions'
2026-05-24 02:28:04 | INFO | redis_service | Published message to 'predictions'
2026-05-24 02:28:04 | INFO | redis_service | Published message to 'predictions'
2026-05-24 02:28:05 | INFO | redis_service | Published message to 'predictions'
2026-05-24 02:28:05 | INFO | redis_service | Published message to 'predictions'
2026-05-24 02:28:05 | INFO | redis_service | Published message to 'predictions'
2026-05-24 02:28:06 | INFO | redis_service | Published message to 'predictions'
2026-05-24 02:28:06 | INFO | redis_service | Published message to 'predictions'
2026-05-24 02:28:06 | INFO | redis_service | Published message to 'predictions'
2026-05-24 02:28:07 | INFO | redis_service | Published message to 'predictions'
2026-05-24 02:28:07 | INFO | redis_service | Published message to 'predictions'
2026-05-24 02:28:07 | INFO | redis_service | Published message to 'predictions'
2026-05-24 02:28:07 | INFO | redis_service | Published message to 'predictions'
2026-05-24 02:28:08 | INFO | redis_service | Published message to 'predictions'
2026-05-24 02:28:08 | INFO | redis_service | Published message to 'predictions'
2026-05-24 02:28:08 | INFO | redis_service | Published message to 'predictions'
2026-05-24 02:28:08 | INFO | redis_service | Published message to 'predictions'
2026-05-24 02:28:09 | INFO | redis_service | Published message to 'predictions'
2026-05-24 02:28:09 | INFO | redis_service | Published message to 'predictions'
2026-05-24 02:28:09 | INFO | redis_service | Published message to 'predictions'
2026-05-24 02:28:09 | INFO | redis_service | Published message to 'predictions'
2026-05-24 02:28:10 | INFO | redis_service | Published message to 'predictions'
2026-05-24 02:28:10 | INFO | redis_service | Published message to 'predictions'
2026-05-24 02:29:04 | INFO | redis_service | Published message to 'news_headlines'
2026-05-24 02:29:04 | INFO | redis_service | Published message to 'news_headlines'
2026-05-24 02:29:04 | INFO | redis_service | Published message to 'news_headlines'
2026-05-24 02:29:04 | INFO | redis_service | Published message to 'news_headlines'
2026-05-24 02:29:04 | INFO | redis_service | Published message to 'news_headlines'
2026-05-24 02:29:05 | INFO | redis_service | Published message to 'news_headlines'
2026-05-24 02:29:05 | INFO | redis_service | Published message to 'news_headlines'
2026-05-24 02:29:05 | INFO | redis_service | Published message to 'news_headlines'
2026-05-24 02:29:05 | INFO | redis_service | Published message to 'news_headlines'
2026-05-24 02:29:05 | INFO | redis_service | Published message to 'predictions'
2026-05-24 02:29:05 | INFO | redis_service | Published message to 'news_headlines'
2026-05-24 02:29:05 | INFO | redis_service | Published message to 'news_headlines'
2026-05-24 02:29:05 | INFO | redis_service | Published message to 'news_headlines'
2026-05-24 02:29:05 | INFO | redis_service | Published message to 'news_headlines'
2026-05-24 02:29:05 | INFO | redis_service | Published message to 'predictions'
2026-05-24 02:29:05 | INFO | redis_service | Published message to 'news_headlines'
2026-05-24 02:29:05 | INFO | redis_service | Published message to 'news_headlines'
2026-05-24 02:29:05 | INFO | redis_service | Published message to 'news_headlines'
2026-05-24 02:29:05 | INFO | redis_service | Published message to 'news_headlines'
2026-05-24 02:29:05 | INFO | redis_service | Published message to 'predictions'
2026-05-24 02:29:05 | INFO | redis_service | Published message to 'news_headlines'
2026-05-24 02:29:05 | INFO | redis_service | Published message to 'news_headlines'
2026-05-24 02:29:05 | INFO | redis_service | Published message to 'news_headlines'
2026-05-24 02:29:05 | INFO | redis_service | Published message to 'news_headlines'
2026-05-24 02:29:05 | INFO | redis_service | Published message to 'predictions'
2026-05-24 02:29:05 | INFO | redis_service | Published message to 'news_headlines'
2026-05-24 02:29:05 | INFO | redis_service | Published message to 'news_headlines'
2026-05-24 02:29:06 | INFO | redis_service | Published message to 'news_headlines'
2026-05-24 02:29:06 | INFO | redis_service | Published message to 'news_headlines'
2026-05-24 02:29:06 | INFO | redis_service | Published message to 'news_headlines'
2026-05-24 02:29:06 | INFO | redis_service | Published message to 'predictions'
2026-05-24 02:29:06 | INFO | redis_service | Published message to 'news_headlines'
2026-05-24 02:29:06 | INFO | redis_service | Published message to 'news_headlines'
2026-05-24 02:29:06 | INFO | redis_service | Published message to 'news_headlines'
2026-05-24 02:29:06 | INFO | redis_service | Published message to 'news_headlines'
2026-05-24 02:29:06 | INFO | redis_service | Published message to 'predictions'
2026-05-24 02:29:06 | INFO | redis_service | Published message to 'news_headlines'
2026-05-24 02:29:06 | INFO | redis_service | Published message to 'news_headlines'
2026-05-24 02:29:06 | INFO | redis_service | Published message to 'news_headlines'
2026-05-24 02:29:06 | INFO | redis_service | Published message to 'news_headlines'
2026-05-24 02:29:06 | INFO | redis_service | Published message to 'news_headlines'
2026-05-24 02:29:06 | INFO | redis_service | Published message to 'predictions'
2026-05-24 02:29:06 | INFO | redis_service | Published message to 'news_headlines'
2026-05-24 02:29:06 | INFO | redis_service | Published message to 'news_headlines'
2026-05-24 02:29:06 | INFO | redis_service | Published message to 'news_headlines'
2026-05-24 02:29:06 | INFO | redis_service | Published message to 'news_headlines'
2026-05-24 02:29:06 | INFO | redis_service | Published message to 'predictions'
2026-05-24 02:29:06 | INFO | redis_service | Published message to 'news_headlines'
2026-05-24 02:29:07 | INFO | redis_service | Published message to 'predictions'
2026-05-24 02:29:07 | INFO | redis_service | Published message to 'predictions'
2026-05-24 02:29:07 | INFO | redis_service | Published message to 'predictions'
2026-05-24 02:29:07 | INFO | redis_service | Published message to 'predictions'
2026-05-24 02:29:08 | INFO | redis_service | Published message to 'predictions'
2026-05-24 02:29:08 | INFO | redis_service | Published message to 'predictions'
2026-05-24 02:29:08 | INFO | redis_service | Published message to 'predictions'
2026-05-24 02:29:09 | INFO | redis_service | Published message to 'predictions'
2026-05-24 02:29:09 | INFO | redis_service | Published message to 'predictions'
2026-05-24 02:29:09 | INFO | redis_service | Published message to 'predictions'
2026-05-24 02:29:09 | INFO | redis_service | Published message to 'predictions'
2026-05-24 02:29:10 | INFO | redis_service | Published message to 'predictions'
2026-05-24 02:29:10 | INFO | redis_service | Published message to 'predictions'
2026-05-24 02:29:10 | INFO | redis_service | Published message to 'predictions'
2026-05-24 02:29:10 | INFO | redis_service | Published message to 'predictions'
2026-05-24 02:29:11 | INFO | redis_service | Published message to 'predictions'
2026-05-24 02:29:11 | INFO | redis_service | Published message to 'predictions'
2026-05-24 02:29:11 | INFO | redis_service | Published message to 'predictions'
2026-05-24 02:29:12 | INFO | redis_service | Published message to 'predictions'
2026-05-24 02:29:12 | INFO | redis_service | Published message to 'predictions'
2026-05-24 02:29:12 | INFO | redis_service | Published message to 'predictions'
2026-05-24 02:29:13 | INFO | redis_service | Published message to 'predictions'
2026-05-24 02:29:13 | INFO | redis_service | Published message to 'predictions'
2026-05-24 02:29:13 | INFO | redis_service | Published message to 'predictions'
2026-05-24 02:29:13 | INFO | redis_service | Published message to 'predictions'
2026-05-24 02:29:14 | INFO | redis_service | Published message to 'predictions'
2026-05-24 02:29:14 | INFO | redis_service | Published message to 'predictions'
2026-05-24 02:29:14 | INFO | redis_service | Published message to 'predictions'
2026-05-24 02:29:15 | INFO | redis_service | Published message to 'predictions'
2026-05-24 02:29:15 | INFO | redis_service | Published message to 'predictions'
2026-05-24 02:29:16 | INFO | redis_service | Published message to 'predictions'
2026-05-24 02:29:16 | INFO | redis_service | Published message to 'predictions'
2026-05-24 02:30:08 | INFO | redis_service | Published message to 'news_headlines'
2026-05-24 02:30:08 | INFO | redis_service | Published message to 'news_headlines'
2026-05-24 02:30:08 | INFO | redis_service | Published message to 'news_headlines'
2026-05-24 02:30:09 | INFO | redis_service | Published message to 'news_headlines'
2026-05-24 02:30:09 | INFO | redis_service | Published message to 'news_headlines'
2026-05-24 02:30:09 | INFO | redis_service | Published message to 'news_headlines'
2026-05-24 02:30:09 | INFO | redis_service | Published message to 'news_headlines'
2026-05-24 02:30:09 | INFO | redis_service | Published message to 'news_headlines'
2026-05-24 02:30:09 | INFO | redis_service | Published message to 'news_headlines'
2026-05-24 02:30:09 | INFO | redis_service | Published message to 'news_headlines'
2026-05-24 02:30:09 | INFO | redis_service | Published message to 'news_headlines'
2026-05-24 02:30:09 | INFO | redis_service | Published message to 'news_headlines'
2026-05-24 02:30:09 | INFO | redis_service | Published message to 'predictions'
2026-05-24 02:30:09 | INFO | redis_service | Published message to 'news_headlines'
2026-05-24 02:30:09 | INFO | redis_service | Published message to 'news_headlines'
2026-05-24 02:30:09 | INFO | redis_service | Published message to 'news_headlines'
2026-05-24 02:30:09 | INFO | redis_service | Published message to 'predictions'
2026-05-24 02:30:09 | INFO | redis_service | Published message to 'news_headlines'
2026-05-24 02:30:09 | INFO | redis_service | Published message to 'news_headlines'
2026-05-24 02:30:09 | INFO | redis_service | Published message to 'news_headlines'
2026-05-24 02:30:09 | INFO | redis_service | Published message to 'news_headlines'
2026-05-24 02:30:09 | INFO | redis_service | Published message to 'predictions'
2026-05-24 02:30:09 | INFO | redis_service | Published message to 'news_headlines'
2026-05-24 02:30:10 | INFO | redis_service | Published message to 'news_headlines'
2026-05-24 02:30:10 | INFO | redis_service | Published message to 'news_headlines'
2026-05-24 02:30:10 | INFO | redis_service | Published message to 'news_headlines'
2026-05-24 02:30:10 | INFO | redis_service | Published message to 'news_headlines'
2026-05-24 02:30:10 | INFO | redis_service | Published message to 'predictions'
2026-05-24 02:30:10 | INFO | redis_service | Published message to 'news_headlines'
2026-05-24 02:30:10 | INFO | redis_service | Published message to 'news_headlines'
2026-05-24 02:30:10 | INFO | redis_service | Published message to 'news_headlines'
2026-05-24 02:30:10 | INFO | redis_service | Published message to 'news_headlines'
2026-05-24 02:30:10 | INFO | redis_service | Published message to 'news_headlines'
2026-05-24 02:30:10 | INFO | redis_service | Published message to 'predictions'
2026-05-24 02:30:10 | INFO | redis_service | Published message to 'news_headlines'
2026-05-24 02:30:10 | INFO | redis_service | Published message to 'news_headlines'
2026-05-24 02:30:10 | INFO | redis_service | Published message to 'news_headlines'
2026-05-24 02:30:10 | INFO | redis_service | Published message to 'news_headlines'
2026-05-24 02:30:10 | INFO | redis_service | Published message to 'predictions'
2026-05-24 02:30:10 | INFO | redis_service | Published message to 'news_headlines'
2026-05-24 02:30:10 | INFO | redis_service | Published message to 'news_headlines'
2026-05-24 02:30:10 | INFO | redis_service | Published message to 'news_headlines'
2026-05-24 02:30:10 | INFO | redis_service | Published message to 'predictions'
2026-05-24 02:30:10 | INFO | redis_service | Published message to 'news_headlines'
2026-05-24 02:30:11 | INFO | redis_service | Published message to 'news_headlines'
2026-05-24 02:30:11 | INFO | redis_service | Published message to 'news_headlines'
2026-05-24 02:30:11 | INFO | redis_service | Published message to 'news_headlines'
2026-05-24 02:30:11 | INFO | redis_service | Published message to 'predictions'
2026-05-24 02:30:11 | INFO | redis_service | Published message to 'predictions'
2026-05-24 02:30:11 | INFO | redis_service | Published message to 'predictions'
2026-05-24 02:30:12 | INFO | redis_service | Published message to 'predictions'
2026-05-24 02:30:12 | INFO | redis_service | Published message to 'predictions'
2026-05-24 02:30:12 | INFO | redis_service | Published message to 'predictions'
2026-05-24 02:30:13 | INFO | redis_service | Published message to 'predictions'
2026-05-24 02:30:13 | INFO | redis_service | Published message to 'predictions'
2026-05-24 02:30:13 | INFO | redis_service | Published message to 'predictions'
2026-05-24 02:30:14 | INFO | redis_service | Published message to 'predictions'
2026-05-24 02:30:14 | INFO | redis_service | Published message to 'predictions'
2026-05-24 02:30:14 | INFO | redis_service | Published message to 'predictions'
2026-05-24 02:30:14 | INFO | redis_service | Published message to 'predictions'
2026-05-24 02:30:15 | INFO | redis_service | Published message to 'predictions'
2026-05-24 02:30:15 | INFO | redis_service | Published message to 'predictions'
2026-05-24 02:30:15 | INFO | redis_service | Published message to 'predictions'
2026-05-24 02:30:15 | INFO | redis_service | Published message to 'predictions'
2026-05-24 02:30:16 | INFO | redis_service | Published message to 'predictions'
2026-05-24 02:30:16 | INFO | redis_service | Published message to 'predictions'
2026-05-24 02:30:16 | INFO | redis_service | Published message to 'predictions'
2026-05-24 02:30:17 | INFO | redis_service | Published message to 'predictions'
2026-05-24 02:30:17 | INFO | redis_service | Published message to 'predictions'
2026-05-24 02:30:17 | INFO | redis_service | Published message to 'predictions'
2026-05-24 02:30:17 | INFO | redis_service | Published message to 'predictions'
2026-05-24 02:30:18 | INFO | redis_service | Published message to 'predictions'
2026-05-24 02:30:18 | INFO | redis_service | Published message to 'predictions'
2026-05-24 02:30:18 | INFO | redis_service | Published message to 'predictions'
2026-05-24 02:30:19 | INFO | redis_service | Published message to 'predictions'
2026-05-24 02:30:19 | INFO | redis_service | Published message to 'predictions'
2026-05-24 02:30:19 | INFO | redis_service | Published message to 'predictions'
2026-05-24 02:30:19 | INFO | redis_service | Published message to 'predictions'
2026-05-24 02:30:20 | INFO | redis_service | Published message to 'predictions'
2026-05-24 02:30:20 | INFO | redis_service | Published message to 'predictions'
2026-05-24 02:31:13 | INFO | redis_service | Published message to 'news_headlines'
2026-05-24 02:31:13 | INFO | redis_service | Published message to 'news_headlines'
2026-05-24 02:31:13 | INFO | redis_service | Published message to 'news_headlines'
2026-05-24 02:31:13 | INFO | redis_service | Published message to 'news_headlines'
2026-05-24 02:31:13 | INFO | redis_service | Published message to 'news_headlines'
2026-05-24 02:31:13 | INFO | redis_service | Published message to 'news_headlines'
2026-05-24 02:31:13 | INFO | redis_service | Published message to 'news_headlines'
2026-05-24 02:31:13 | INFO | redis_service | Published message to 'news_headlines'
2026-05-24 02:31:13 | INFO | redis_service | Published message to 'news_headlines'
2026-05-24 02:31:13 | INFO | redis_service | Published message to 'news_headlines'
2026-05-24 02:31:13 | INFO | redis_service | Published message to 'news_headlines'
2026-05-24 02:31:13 | INFO | redis_service | Published message to 'news_headlines'
2026-05-24 02:31:13 | INFO | redis_service | Published message to 'predictions'
2026-05-24 02:31:13 | INFO | redis_service | Published message to 'news_headlines'
2026-05-24 02:31:13 | INFO | redis_service | Published message to 'news_headlines'
2026-05-24 02:31:13 | INFO | redis_service | Published message to 'news_headlines'
2026-05-24 02:31:13 | INFO | redis_service | Published message to 'news_headlines'
2026-05-24 02:31:14 | INFO | redis_service | Published message to 'predictions'
2026-05-24 02:31:14 | INFO | redis_service | Published message to 'news_headlines'
2026-05-24 02:31:14 | INFO | redis_service | Published message to 'news_headlines'
2026-05-24 02:31:14 | INFO | redis_service | Published message to 'news_headlines'
2026-05-24 02:31:14 | INFO | redis_service | Published message to 'news_headlines'
2026-05-24 02:31:14 | INFO | redis_service | Published message to 'predictions'
2026-05-24 02:31:14 | INFO | redis_service | Published message to 'news_headlines'
2026-05-24 02:31:14 | INFO | redis_service | Published message to 'news_headlines'
2026-05-24 02:31:14 | INFO | redis_service | Published message to 'news_headlines'
2026-05-24 02:31:14 | INFO | redis_service | Published message to 'news_headlines'
2026-05-24 02:31:14 | INFO | redis_service | Published message to 'predictions'
2026-05-24 02:31:14 | INFO | redis_service | Published message to 'news_headlines'
2026-05-24 02:31:14 | INFO | redis_service | Published message to 'news_headlines'
2026-05-24 02:31:14 | INFO | redis_service | Published message to 'news_headlines'
2026-05-24 02:31:14 | INFO | redis_service | Published message to 'news_headlines'
2026-05-24 02:31:14 | INFO | redis_service | Published message to 'news_headlines'
2026-05-24 02:31:14 | INFO | redis_service | Published message to 'predictions'
2026-05-24 02:31:14 | INFO | redis_service | Published message to 'news_headlines'
2026-05-24 02:31:14 | INFO | redis_service | Published message to 'news_headlines'
2026-05-24 02:31:14 | INFO | redis_service | Published message to 'news_headlines'
2026-05-24 02:31:14 | INFO | redis_service | Published message to 'news_headlines'
2026-05-24 02:31:14 | INFO | redis_service | Published message to 'predictions'
2026-05-24 02:31:14 | INFO | redis_service | Published message to 'news_headlines'
2026-05-24 02:31:15 | INFO | redis_service | Published message to 'news_headlines'
2026-05-24 02:31:15 | INFO | redis_service | Published message to 'news_headlines'
2026-05-24 02:31:15 | INFO | redis_service | Published message to 'news_headlines'
2026-05-24 02:31:15 | INFO | redis_service | Published message to 'predictions'
2026-05-24 02:31:15 | INFO | redis_service | Published message to 'news_headlines'
2026-05-24 02:31:15 | INFO | redis_service | Published message to 'news_headlines'
2026-05-24 02:31:15 | INFO | redis_service | Published message to 'news_headlines'
2026-05-24 02:31:15 | INFO | redis_service | Published message to 'predictions'
2026-05-24 02:31:15 | INFO | redis_service | Published message to 'predictions'
2026-05-24 02:31:15 | INFO | redis_service | Published message to 'predictions'
2026-05-24 02:31:16 | INFO | redis_service | Published message to 'predictions'
2026-05-24 02:31:16 | INFO | redis_service | Published message to 'predictions'
2026-05-24 02:31:16 | INFO | redis_service | Published message to 'predictions'
2026-05-24 02:31:17 | INFO | redis_service | Published message to 'predictions'
2026-05-24 02:31:17 | INFO | redis_service | Published message to 'predictions'
2026-05-24 02:31:17 | INFO | redis_service | Published message to 'predictions'
2026-05-24 02:31:18 | INFO | redis_service | Published message to 'predictions'
2026-05-24 02:31:18 | INFO | redis_service | Published message to 'predictions'
2026-05-24 02:31:18 | INFO | redis_service | Published message to 'predictions'
2026-05-24 02:31:18 | INFO | redis_service | Published message to 'predictions'
2026-05-24 02:31:19 | INFO | redis_service | Published message to 'predictions'
2026-05-24 02:31:19 | INFO | redis_service | Published message to 'predictions'
2026-05-24 02:31:19 | INFO | redis_service | Published message to 'predictions'
2026-05-24 02:31:19 | INFO | redis_service | Published message to 'predictions'
2026-05-24 02:31:20 | INFO | redis_service | Published message to 'predictions'
2026-05-24 02:31:20 | INFO | redis_service | Published message to 'predictions'
2026-05-24 02:31:20 | INFO | redis_service | Published message to 'predictions'
2026-05-24 02:31:21 | INFO | redis_service | Published message to 'predictions'
2026-05-24 02:31:21 | INFO | redis_service | Published message to 'predictions'
2026-05-24 02:31:21 | INFO | redis_service | Published message to 'predictions'
2026-05-24 02:31:22 | INFO | redis_service | Published message to 'predictions'
2026-05-24 02:31:22 | INFO | redis_service | Published message to 'predictions'
2026-05-24 02:31:22 | INFO | redis_service | Published message to 'predictions'
2026-05-24 02:31:23 | INFO | redis_service | Published message to 'predictions'
2026-05-24 02:31:23 | INFO | redis_service | Published message to 'predictions'
2026-05-24 02:31:23 | INFO | redis_service | Published message to 'predictions'
2026-05-24 02:31:23 | INFO | redis_service | Published message to 'predictions'
2026-05-24 02:31:24 | INFO | redis_service | Published message to 'predictions'
2026-05-24 02:31:24 | INFO | redis_service | Published message to 'predictions'
2026-05-24 02:31:24 | INFO | redis_service | Published message to 'predictions'
2026-05-24 02:32:16 | INFO | redis_service | Published message to 'news_headlines'
2026-05-24 02:32:17 | INFO | redis_service | Published message to 'news_headlines'
2026-05-24 02:32:17 | INFO | redis_service | Published message to 'news_headlines'
2026-05-24 02:32:17 | INFO | redis_service | Published message to 'news_headlines'
2026-05-24 02:32:17 | INFO | redis_service | Published message to 'news_headlines'
2026-05-24 02:32:17 | INFO | redis_service | Published message to 'news_headlines'
2026-05-24 02:32:17 | INFO | redis_service | Published message to 'news_headlines'
2026-05-24 02:32:17 | INFO | redis_service | Published message to 'news_headlines'
2026-05-24 02:32:17 | INFO | redis_service | Published message to 'predictions'
2026-05-24 02:32:17 | INFO | redis_service | Published message to 'news_headlines'
2026-05-24 02:32:17 | INFO | redis_service | Published message to 'news_headlines'
2026-05-24 02:32:17 | INFO | redis_service | Published message to 'news_headlines'
2026-05-24 02:32:17 | INFO | redis_service | Published message to 'news_headlines'
2026-05-24 02:32:17 | INFO | redis_service | Published message to 'news_headlines'
2026-05-24 02:32:17 | INFO | redis_service | Published message to 'predictions'
2026-05-24 02:32:17 | INFO | redis_service | Published message to 'news_headlines'
2026-05-24 02:32:17 | INFO | redis_service | Published message to 'news_headlines'
2026-05-24 02:32:17 | INFO | redis_service | Published message to 'news_headlines'
2026-05-24 02:32:17 | INFO | redis_service | Published message to 'news_headlines'
2026-05-24 02:32:17 | INFO | redis_service | Published message to 'predictions'
2026-05-24 02:32:17 | INFO | redis_service | Published message to 'news_headlines'
2026-05-24 02:32:18 | INFO | redis_service | Published message to 'news_headlines'
2026-05-24 02:32:18 | INFO | redis_service | Published message to 'news_headlines'
2026-05-24 02:32:18 | INFO | redis_service | Published message to 'news_headlines'
2026-05-24 02:32:18 | INFO | redis_service | Published message to 'predictions'
2026-05-24 02:32:18 | INFO | redis_service | Published message to 'news_headlines'
2026-05-24 02:32:18 | INFO | redis_service | Published message to 'news_headlines'
2026-05-24 02:32:18 | INFO | redis_service | Published message to 'news_headlines'
2026-05-24 02:32:18 | INFO | redis_service | Published message to 'news_headlines'
2026-05-24 02:32:18 | INFO | redis_service | Published message to 'predictions'
2026-05-24 02:32:18 | INFO | redis_service | Published message to 'news_headlines'
2026-05-24 02:32:18 | INFO | redis_service | Published message to 'news_headlines'
2026-05-24 02:32:18 | INFO | redis_service | Published message to 'news_headlines'
2026-05-24 02:32:18 | INFO | redis_service | Published message to 'news_headlines'
2026-05-24 02:32:18 | INFO | redis_service | Published message to 'news_headlines'
2026-05-24 02:32:18 | INFO | redis_service | Published message to 'predictions'
2026-05-24 02:32:18 | INFO | redis_service | Published message to 'news_headlines'
2026-05-24 02:32:18 | INFO | redis_service | Published message to 'news_headlines'
2026-05-24 02:32:18 | INFO | redis_service | Published message to 'news_headlines'
2026-05-24 02:32:18 | INFO | redis_service | Published message to 'news_headlines'
2026-05-24 02:32:18 | INFO | redis_service | Published message to 'predictions'
'
2026-05-24 02:32:18 | INFO | redis_service | Published message to 'news_headlines'
2026-05-24 02:32:19 | INFO | redis_service | Published message to 'news_headlines'
2026-05-24 02:32:19 | INFO | redis_service | Published message to 'news_headlines'
2026-05-24 02:32:19 | INFO | redis_service | Published message to 'news_headlines'
2026-05-24 02:32:19 | INFO | redis_service | Published message to 'predictions'
2026-05-24 02:32:19 | INFO | redis_service | Published message to 'news_headlines'
2026-05-24 02:32:19 | INFO | redis_service | Published message to 'predictions'
2026-05-24 02:32:19 | INFO | redis_service | Published message to 'predictions'
2026-05-24 02:32:19 | INFO | redis_service | Published message to 'predictions'
2026-05-24 02:32:20 | INFO | redis_service | Published message to 'predictions'
2026-05-24 02:32:20 | INFO | redis_service | Published message to 'predictions'
2026-05-24 02:32:20 | INFO | redis_service | Published message to 'predictions'
2026-05-24 02:32:20 | INFO | redis_service | Published message to 'predictions'
2026-05-24 02:32:21 | INFO | redis_service | Published message to 'predictions'
2026-05-24 02:32:21 | INFO | redis_service | Published message to 'predictions'
2026-05-24 02:32:21 | INFO | redis_service | Published message to 'predictions'
2026-05-24 02:32:22 | INFO | redis_service | Published message to 'predictions'
2026-05-24 02:32:22 | INFO | redis_service | Published message to 'predictions'
2026-05-24 02:32:22 | INFO | redis_service | Published message to 'predictions'
2026-05-24 02:32:22 | INFO | redis_service | Published message to 'predictions'
2026-05-24 02:32:23 | INFO | redis_service | Published message to 'predictions'
2026-05-24 02:32:23 | INFO | redis_service | Published message to 'predictions'
2026-05-24 02:32:23 | INFO | redis_service | Published message to 'predictions'
2026-05-24 02:32:24 | INFO | redis_service | Published message to 'predictions'
2026-05-24 02:32:24 | INFO | redis_service | Published message to 'predictions'
2026-05-24 02:32:24 | INFO | redis_service | Published message to 'predictions'
2026-05-24 02:32:25 | INFO | redis_service | Published message to 'predictions'
2026-05-24 02:32:25 | INFO | redis_service | Published message to 'predictions'
2026-05-24 02:32:25 | INFO | redis_service | Published message to 'predictions'
2026-05-24 02:32:25 | INFO | redis_service | Published message to 'predictions'
2026-05-24 02:32:26 | INFO | redis_service | Published message to 'predictions'
2026-05-24 02:32:26 | INFO | redis_service | Published message to 'predictions'
2026-05-24 02:32:26 | INFO | redis_service | Published message to 'predictions'
2026-05-24 02:32:27 | INFO | redis_service | Published message to 'predictions'
2026-05-24 02:32:27 | INFO | redis_service | Published message to 'predictions'
2026-05-24 02:32:27 | INFO | redis_service | Published message to 'predictions'
2026-05-24 02:32:28 | INFO | redis_service | Published message to 'predictions'
2026-05-24 02:32:28 | INFO | redis_service | Published message to 'predictions'
2026-05-24 02:33:22 | INFO | redis_service | Published message to 'news_headlines'
2026-05-24 02:33:22 | INFO | redis_service | Published message to 'news_headlines'
2026-05-24 02:33:22 | INFO | redis_service | Published message to 'news_headlines'
2026-05-24 02:33:22 | INFO | redis_service | Published message to 'news_headlines'
2026-05-24 02:33:22 | INFO | redis_service | Published message to 'news_headlines'
2026-05-24 02:33:22 | INFO | redis_service | Published message to 'news_headlines'
2026-05-24 02:33:22 | INFO | redis_service | Published message to 'news_headlines'
2026-05-24 02:33:22 | INFO | redis_service | Published message to 'news_headlines'
2026-05-24 02:33:22 | INFO | redis_service | Published message to 'news_headlines'
2026-05-24 02:33:23 | INFO | redis_service | Published message to 'news_headlines'
2026-05-24 02:33:23 | INFO | redis_service | Published message to 'predictions'
2026-05-24 02:33:23 | INFO | redis_service | Published message to 'news_headlines'
2026-05-24 02:33:23 | INFO | redis_service | Published message to 'news_headlines'
2026-05-24 02:33:23 | INFO | redis_service | Published message to 'news_headlines'
2026-05-24 02:33:23 | INFO | redis_service | Published message to 'news_headlines'
2026-05-24 02:33:23 | INFO | redis_service | Published message to 'predictions'
2026-05-24 02:33:23 | INFO | redis_service | Published message to 'news_headlines'
2026-05-24 02:33:23 | INFO | redis_service | Published message to 'news_headlines'
2026-05-24 02:33:23 | INFO | redis_service | Published message to 'news_headlines'
2026-05-24 02:33:23 | INFO | redis_service | Published message to 'news_headlines'
2026-05-24 02:33:23 | INFO | redis_service | Published message to 'predictions'
2026-05-24 02:33:23 | INFO | redis_service | Published message to 'news_headlines'
2026-05-24 02:33:23 | INFO | redis_service | Published message to 'news_headlines'
2026-05-24 02:33:23 | INFO | redis_service | Published message to 'news_headlines'
2026-05-24 02:33:23 | INFO | redis_service | Published message to 'news_headlines'
2026-05-24 02:33:23 | INFO | redis_service | Published message to 'news_headlines'
2026-05-24 02:33:23 | INFO | redis_service | Published message to 'predictions'
2026-05-24 02:33:23 | INFO | redis_service | Published message to 'news_headlines'
2026-05-24 02:33:23 | INFO | redis_service | Published message to 'news_headlines'
2026-05-24 02:33:23 | INFO | redis_service | Published message to 'news_headlines'
2026-05-24 02:33:24 | INFO | redis_service | Published message to 'news_headlines'
2026-05-24 02:33:24 | INFO | redis_service | Published message to 'predictions'
2026-05-24 02:33:24 | INFO | redis_service | Published message to 'news_headlines'
2026-05-24 02:33:24 | INFO | redis_service | Published message to 'news_headlines'
2026-05-24 02:33:24 | INFO | redis_service | Published message to 'news_headlines'
2026-05-24 02:33:24 | INFO | redis_service | Published message to 'news_headlines'
2026-05-24 02:33:24 | INFO | redis_service | Published message to 'predictions'
2026-05-24 02:33:24 | INFO | redis_service | Published message to 'news_headlines'
2026-05-24 02:33:24 | INFO | redis_service | Published message to 'news_headlines'
2026-05-24 02:33:24 | INFO | redis_service | Published message to 'news_headlines'
2026-05-24 02:33:24 | INFO | redis_service | Published message to 'news_headlines'
2026-05-24 02:33:24 | INFO | redis_service | Published message to 'predictions'
2026-05-24 02:33:24 | INFO | redis_service | Published message to 'news_headlines'
2026-05-24 02:33:24 | INFO | redis_service | Published message to 'news_headlines'
2026-05-24 02:33:24 | INFO | redis_service | Published message to 'news_headlines'
2026-05-24 02:33:24 | INFO | redis_service | Published message to 'news_headlines'
2026-05-24 02:33:24 | INFO | redis_service | Published message to 'predictions'
2026-05-24 02:33:24 | INFO | redis_service | Published message to 'news_headlines'
2026-05-24 02:33:24 | INFO | redis_service | Published message to 'predictions'
2026-05-24 02:33:25 | INFO | redis_service | Published message to 'predictions'
2026-05-24 02:33:25 | INFO | redis_service | Published message to 'predictions'
2026-05-24 02:33:25 | INFO | redis_service | Published message to 'predictions'
2026-05-24 02:33:26 | INFO | redis_service | Published message to 'predictions'
2026-05-24 02:33:26 | INFO | redis_service | Published message to 'predictions'
2026-05-24 02:33:26 | INFO | redis_service | Published message to 'predictions'
2026-05-24 02:33:27 | INFO | redis_service | Published message to 'predictions'
2026-05-24 02:33:27 | INFO | redis_service | Published message to 'predictions'
2026-05-24 02:33:27 | INFO | redis_service | Published message to 'predictions'
2026-05-24 02:33:27 | INFO | redis_service | Published message to 'predictions'
2026-05-24 02:33:28 | INFO | redis_service | Published message to 'predictions'
2026-05-24 02:33:28 | INFO | redis_service | Published message to 'predictions'
2026-05-24 02:33:28 | INFO | redis_service | Published message to 'predictions'
2026-05-24 02:33:29 | INFO | redis_service | Published message to 'predictions'
2026-05-24 02:33:29 | INFO | redis_service | Published message to 'predictions'
2026-05-24 02:33:29 | INFO | redis_service | Published message to 'predictions'
2026-05-24 02:33:30 | INFO | redis_service | Published message to 'predictions'
2026-05-24 02:33:30 | INFO | redis_service | Published message to 'predictions'
2026-05-24 02:33:30 | INFO | redis_service | Published message to 'predictions'
2026-05-24 02:33:31 | INFO | redis_service | Published message to 'predictions'
2026-05-24 02:33:31 | INFO | redis_service | Published message to 'predictions'
2026-05-24 02:33:31 | INFO | redis_service | Published message to 'predictions'
2026-05-24 02:33:31 | INFO | redis_service | Published message to 'predictions'
2026-05-24 02:33:32 | INFO | redis_service | Published message to 'predictions'
2026-05-24 02:33:32 | INFO | redis_service | Published message to 'predictions'
2026-05-24 02:33:32 | INFO | redis_service | Published message to 'predictions'
2026-05-24 02:33:33 | INFO | redis_service | Published message to 'predictions'
2026-05-24 02:33:33 | INFO | redis_service | Published message to 'predictions'
2026-05-24 02:33:33 | INFO | redis_service | Published message to 'predictions'
2026-05-24 02:33:34 | INFO | redis_service | Published message to 'predictions'
2026-05-24 02:33:34 | INFO | redis_service | Published message to 'predictions'
2026-05-24 02:34:26 | INFO | redis_service | Published message to 'news_headlines'
2026-05-24 02:34:26 | INFO | redis_service | Published message to 'news_headlines'
2026-05-24 02:34:26 | INFO | redis_service | Published message to 'news_headlines'
2026-05-24 02:34:26 | INFO | redis_service | Published message to 'news_headlines'
2026-05-24 02:34:26 | INFO | redis_service | Published message to 'news_headlines'
2026-05-24 02:34:27 | INFO | redis_service | Published message to 'news_headlines'
2026-05-24 02:34:27 | INFO | redis_service | Published message to 'news_headlines'
2026-05-24 02:34:27 | INFO | redis_service | Published message to 'news_headlines'
2026-05-24 02:34:27 | INFO | redis_service | Published message to 'news_headlines'
2026-05-24 02:34:27 | INFO | redis_service | Published message to 'news_headlines'
2026-05-24 02:34:27 | INFO | redis_service | Published message to 'news_headlines'
2026-05-24 02:34:27 | INFO | redis_service | Published message to 'news_headlines'
2026-05-24 02:34:27 | INFO | redis_service | Published message to 'news_headlines'
2026-05-24 02:34:27 | INFO | redis_service | Published message to 'news_headlines'
2026-05-24 02:34:27 | INFO | redis_service | Published message to 'news_headlines'
2026-05-24 02:34:27 | INFO | redis_service | Published message to 'news_headlines'
2026-05-24 02:34:27 | INFO | redis_service | Published message to 'news_headlines'
2026-05-24 02:34:27 | INFO | redis_service | Published message to 'predictions'
2026-05-24 02:34:27 | INFO | redis_service | Published message to 'news_headlines'
2026-05-24 02:34:27 | INFO | redis_service | Published message to 'news_headlines'
2026-05-24 02:34:27 | INFO | redis_service | Published message to 'news_headlines'
2026-05-24 02:34:27 | INFO | redis_service | Published message to 'news_headlines'
2026-05-24 02:34:27 | INFO | redis_service | Published message to 'news_headlines'
2026-05-24 02:34:27 | INFO | redis_service | Published message to 'predictions'
2026-05-24 02:34:27 | INFO | redis_service | Published message to 'news_headlines'
2026-05-24 02:34:28 | INFO | redis_service | Published message to 'news_headlines'
2026-05-24 02:34:28 | INFO | redis_service | Published message to 'news_headlines'
2026-05-24 02:34:28 | INFO | redis_service | Published message to 'news_headlines'
2026-05-24 02:34:28 | INFO | redis_service | Published message to 'predictions'
2026-05-24 02:34:28 | INFO | redis_service | Published message to 'news_headlines'
2026-05-24 02:34:28 | INFO | redis_service | Published message to 'news_headlines'
2026-05-24 02:34:28 | INFO | redis_service | Published message to 'news_headlines'
2026-05-24 02:34:28 | INFO | redis_service | Published message to 'news_headlines'
2026-05-24 02:34:28 | INFO | redis_service | Published message to 'news_headlines'
2026-05-24 02:34:28 | INFO | redis_service | Published message to 'predictions'
2026-05-24 02:34:28 | INFO | redis_service | Published message to 'news_headlines'
2026-05-24 02:34:28 | INFO | redis_service | Published message to 'news_headlines'
2026-05-24 02:34:28 | INFO | redis_service | Published message to 'news_headlines'
2026-05-24 02:34:28 | INFO | redis_service | Published message to 'news_headlines'
2026-05-24 02:34:28 | INFO | redis_service | Published message to 'predictions'
2026-05-24 02:34:28 | INFO | redis_service | Published message to 'news_headlines'
2026-05-24 02:34:28 | INFO | redis_service | Published message to 'news_headlines'
2026-05-24 02:34:28 | INFO | redis_service | Published message to 'news_headlines'
2026-05-24 02:34:28 | INFO | redis_service | Published message to 'news_headlines'
2026-05-24 02:34:28 | INFO | redis_service | Published message to 'predictions'
2026-05-24 02:34:28 | INFO | redis_service | Published message to 'news_headlines'
2026-05-24 02:34:29 | INFO | redis_service | Published message to 'predictions'
2026-05-24 02:34:29 | INFO | redis_service | Published message to 'predictions'
2026-05-24 02:34:29 | INFO | redis_service | Published message to 'predictions'
2026-05-24 02:34:30 | INFO | redis_service | Published message to 'predictions'
2026-05-24 02:34:30 | INFO | redis_service | Published message to 'predictions'
2026-05-24 02:34:30 | INFO | redis_service | Published message to 'predictions'
2026-05-24 02:34:30 | INFO | redis_service | Published message to 'predictions'
2026-05-24 02:34:31 | INFO | redis_service | Published message to 'predictions'
2026-05-24 02:34:31 | INFO | redis_service | Published message to 'predictions'
2026-05-24 02:34:31 | INFO | redis_service | Published message to 'predictions'
2026-05-24 02:34:32 | INFO | redis_service | Published message to 'predictions'
2026-05-24 02:34:32 | INFO | redis_service | Published message to 'predictions'
2026-05-24 02:34:32 | INFO | redis_service | Published message to 'predictions'
2026-05-24 02:34:32 | INFO | redis_service | Published message to 'predictions'
2026-05-24 02:34:33 | INFO | redis_service | Published message to 'predictions'
2026-05-24 02:34:33 | INFO | redis_service | Published message to 'predictions'
2026-05-24 02:34:33 | INFO | redis_service | Published message to 'predictions'
2026-05-24 02:34:34 | INFO | redis_service | Published message to 'predictions'
2026-05-24 02:34:34 | INFO | redis_service | Published message to 'predictions'
2026-05-24 02:34:34 | INFO | redis_service | Published message to 'predictions'
2026-05-24 02:34:35 | INFO | redis_service | Published message to 'predictions'
2026-05-24 02:34:35 | INFO | redis_service | Published message to 'predictions'
2026-05-24 02:34:35 | INFO | redis_service | Published message to 'predictions'
2026-05-24 02:34:36 | INFO | redis_service | Published message to 'predictions'
2026-05-24 02:34:36 | INFO | redis_service | Published message to 'predictions'
2026-05-24 02:34:36 | INFO | redis_service | Published message to 'predictions'
2026-05-24 02:34:37 | INFO | redis_service | Published message to 'predictions'
2026-05-24 02:34:37 | INFO | redis_service | Published message to 'predictions'
2026-05-24 02:34:37 | INFO | redis_service | Published message to 'predictions'
2026-05-24 02:34:38 | INFO | redis_service | Published message to 'predictions'
2026-05-24 02:34:38 | INFO | redis_service | Published message to 'predictions'
2026-05-24 02:34:39 | INFO | redis_service | Published message to 'predictions'
2026-05-24 02:34:39 | INFO | redis_service | Published message to 'predictions'
2026-05-24 02:35:32 | INFO | redis_service | Published message to 'news_headlines'
2026-05-24 02:35:32 | INFO | redis_service | Published message to 'news_headlines'
2026-05-24 02:35:32 | INFO | redis_service | Published message to 'news_headlines'
2026-05-24 02:35:32 | INFO | redis_service | Published message to 'news_headlines'
2026-05-24 02:35:32 | INFO | redis_service | Published message to 'news_headlines'
2026-05-24 02:35:32 | INFO | redis_service | Published message to 'news_headlines'
2026-05-24 02:35:32 | INFO | redis_service | Published message to 'news_headlines'
2026-05-24 02:35:33 | INFO | redis_service | Published message to 'news_headlines'
2026-05-24 02:35:33 | INFO | redis_service | Published message to 'news_headlines'
2026-05-24 02:35:33 | INFO | redis_service | Published message to 'news_headlines'
2026-05-24 02:35:33 | INFO | redis_service | Published message to 'news_headlines'
2026-05-24 02:35:33 | INFO | redis_service | Published message to 'predictions'
2026-05-24 02:35:33 | INFO | redis_service | Published message to 'news_headlines'
2026-05-24 02:35:33 | INFO | redis_service | Published message to 'news_headlines'
2026-05-24 02:35:33 | INFO | redis_service | Published message to 'news_headlines'
2026-05-24 02:35:33 | INFO | redis_service | Published message to 'news_headlines'
2026-05-24 02:35:33 | INFO | redis_service | Published message to 'predictions'
'
2026-05-24 02:35:33 | INFO | redis_service | Published message to 'news_headlines'
2026-05-24 02:35:33 | INFO | redis_service | Published message to 'news_headlines'
2026-05-24 02:35:33 | INFO | redis_service | Published message to 'news_headlines'
2026-05-24 02:35:33 | INFO | redis_service | Published message to 'news_headlines'
2026-05-24 02:35:33 | INFO | redis_service | Published message to 'predictions'
2026-05-24 02:35:33 | INFO | redis_service | Published message to 'news_headlines'
2026-05-24 02:35:33 | INFO | redis_service | Published message to 'news_headlines'
2026-05-24 02:35:33 | INFO | redis_service | Published message to 'news_headlines'
2026-05-24 02:35:33 | INFO | redis_service | Published message to 'news_headlines'
2026-05-24 02:35:33 | INFO | redis_service | Published message to 'predictions'
2026-05-24 02:35:33 | INFO | redis_service | Published message to 'news_headlines'
2026-05-24 02:35:34 | INFO | redis_service | Published message to 'news_headlines'
2026-05-24 02:35:34 | INFO | redis_service | Published message to 'news_headlines'
2026-05-24 02:35:34 | INFO | redis_service | Published message to 'news_headlines'
2026-05-24 02:35:34 | INFO | redis_service | Published message to 'predictions'
'
2026-05-24 02:35:34 | INFO | redis_service | Published message to 'news_headlines'
2026-05-24 02:35:34 | INFO | redis_service | Published message to 'news_headlines'
2026-05-24 02:35:34 | INFO | redis_service | Published message to 'news_headlines'
2026-05-24 02:35:34 | INFO | redis_service | Published message to 'news_headlines'
2026-05-24 02:35:34 | INFO | redis_service | Published message to 'predictions'
2026-05-24 02:35:34 | INFO | redis_service | Published message to 'news_headlines'
2026-05-24 02:35:34 | INFO | redis_service | Published message to 'news_headlines'
2026-05-24 02:35:34 | INFO | redis_service | Published message to 'news_headlines'
2026-05-24 02:35:34 | INFO | redis_service | Published message to 'news_headlines'
2026-05-24 02:35:34 | INFO | redis_service | Published message to 'predictions'
2026-05-24 02:35:34 | INFO | redis_service | Published message to 'news_headlines'
2026-05-24 02:35:34 | INFO | redis_service | Published message to 'news_headlines'
2026-05-24 02:35:34 | INFO | redis_service | Published message to 'news_headlines'
2026-05-24 02:35:34 | INFO | redis_service | Published message to 'predictions'
2026-05-24 02:35:35 | INFO | redis_service | Published message to 'predictions'
2026-05-24 02:35:35 | INFO | redis_service | Published message to 'predictions'
2026-05-24 02:35:35 | INFO | redis_service | Published message to 'predictions'
2026-05-24 02:35:36 | INFO | redis_service | Published message to 'predictions'
2026-05-24 02:35:36 | INFO | redis_service | Published message to 'predictions'
2026-05-24 02:35:36 | INFO | redis_service | Published message to 'predictions'
2026-05-24 02:35:36 | INFO | redis_service | Published message to 'predictions'
2026-05-24 02:35:37 | INFO | redis_service | Published message to 'predictions'
2026-05-24 02:35:37 | INFO | redis_service | Published message to 'predictions'
2026-05-24 02:35:37 | INFO | redis_service | Published message to 'predictions'
2026-05-24 02:35:38 | INFO | redis_service | Published message to 'predictions'
2026-05-24 02:35:38 | INFO | redis_service | Published message to 'predictions'
2026-05-24 02:35:38 | INFO | redis_service | Published message to 'predictions'
2026-05-24 02:35:39 | INFO | redis_service | Published message to 'predictions'
2026-05-24 02:35:39 | INFO | redis_service | Published message to 'predictions'
2026-05-24 02:35:39 | INFO | redis_service | Published message to 'predictions'
2026-05-24 02:35:39 | INFO | redis_service | Published message to 'predictions'
2026-05-24 02:35:40 | INFO | redis_service | Published message to 'predictions'
2026-05-24 02:35:40 | INFO | redis_service | Published message to 'predictions'
2026-05-24 02:35:40 | INFO | redis_service | Published message to 'predictions'
2026-05-24 02:35:41 | INFO | redis_service | Published message to 'predictions'
2026-05-24 02:35:41 | INFO | redis_service | Published message to 'predictions'
2026-05-24 02:35:41 | INFO | redis_service | Published message to 'predictions'
2026-05-24 02:35:41 | INFO | redis_service | Published message to 'predictions'
2026-05-24 02:35:42 | INFO | redis_service | Published message to 'predictions'
2026-05-24 02:35:42 | INFO | redis_service | Published message to 'predictions'
2026-05-24 02:35:42 | INFO | redis_service | Published message to 'predictions'
2026-05-24 02:35:42 | INFO | redis_service | Published message to 'predictions'
2026-05-24 02:35:43 | INFO | redis_service | Published message to 'predictions'
2026-05-24 02:35:43 | INFO | redis_service | Published message to 'predictions'
2026-05-24 02:35:43 | INFO | redis_service | Published message to 'predictions'
2026-05-24 02:35:44 | INFO | redis_service | Published message to 'predictions'
2026-05-24 02:36:37 | INFO | redis_service | Published message to 'news_headlines'
2026-05-24 02:36:38 | INFO | redis_service | Published message to 'news_headlines'
2026-05-24 02:36:38 | INFO | redis_service | Published message to 'news_headlines'
2026-05-24 02:36:38 | INFO | redis_service | Published message to 'news_headlines'
2026-05-24 02:36:38 | INFO | redis_service | Published message to 'news_headlines'
2026-05-24 02:36:38 | INFO | redis_service | Published message to 'news_headlines'
2026-05-24 02:36:38 | INFO | redis_service | Published message to 'news_headlines'
2026-05-24 02:36:38 | INFO | redis_service | Published message to 'predictions'
2026-05-24 02:36:38 | INFO | redis_service | Published message to 'news_headlines'
2026-05-24 02:36:38 | INFO | redis_service | Published message to 'news_headlines'
2026-05-24 02:36:38 | INFO | redis_service | Published message to 'news_headlines'
2026-05-24 02:36:38 | INFO | redis_service | Published message to 'news_headlines'
2026-05-24 02:36:38 | INFO | redis_service | Published message to 'predictions'
'
2026-05-24 02:36:38 | INFO | redis_service | Published message to 'news_headlines'
2026-05-24 02:36:38 | INFO | redis_service | Published message to 'news_headlines'
2026-05-24 02:36:38 | INFO | redis_service | Published message to 'news_headlines'
2026-05-24 02:36:38 | INFO | redis_service | Published message to 'news_headlines'
2026-05-24 02:36:38 | INFO | redis_service | Published message to 'predictions'
2026-05-24 02:36:38 | INFO | redis_service | Published message to 'news_headlines'
2026-05-24 02:36:38 | INFO | redis_service | Published message to 'news_headlines'
2026-05-24 02:36:38 | INFO | redis_service | Published message to 'news_headlines'
2026-05-24 02:36:39 | INFO | redis_service | Published message to 'news_headlines'
2026-05-24 02:36:39 | INFO | redis_service | Published message to 'predictions'
2026-05-24 02:36:39 | INFO | redis_service | Published message to 'news_headlines'
2026-05-24 02:36:39 | INFO | redis_service | Published message to 'news_headlines'
2026-05-24 02:36:39 | INFO | redis_service | Published message to 'news_headlines'
2026-05-24 02:36:39 | INFO | redis_service | Published message to 'news_headlines'
2026-05-24 02:36:39 | INFO | redis_service | Published message to 'news_headlines'
2026-05-24 02:36:39 | INFO | redis_service | Published message to 'predictions'
2026-05-24 02:36:39 | INFO | redis_service | Published message to 'news_headlines'
2026-05-24 02:36:39 | INFO | redis_service | Published message to 'news_headlines'
2026-05-24 02:36:39 | INFO | redis_service | Published message to 'news_headlines'
2026-05-24 02:36:39 | INFO | redis_service | Published message to 'news_headlines'
2026-05-24 02:36:39 | INFO | redis_service | Published message to 'predictions'
2026-05-24 02:36:39 | INFO | redis_service | Published message to 'news_headlines'
2026-05-24 02:36:39 | INFO | redis_service | Published message to 'news_headlines'
2026-05-24 02:36:39 | INFO | redis_service | Published message to 'news_headlines'
2026-05-24 02:36:39 | INFO | redis_service | Published message to 'news_headlines'
2026-05-24 02:36:39 | INFO | redis_service | Published message to 'news_headlines'
2026-05-24 02:36:39 | INFO | redis_service | Published message to 'predictions'
2026-05-24 02:36:39 | INFO | redis_service | Published message to 'news_headlines'
2026-05-24 02:36:39 | INFO | redis_service | Published message to 'news_headlines'
2026-05-24 02:36:39 | INFO | redis_service | Published message to 'news_headlines'
2026-05-24 02:36:40 | INFO | redis_service | Published message to 'news_headlines'
2026-05-24 02:36:40 | INFO | redis_service | Published message to 'news_headlines'
2026-05-24 02:36:40 | INFO | redis_service | Published message to 'predictions'
2026-05-24 02:36:40 | INFO | redis_service | Published message to 'news_headlines'
2026-05-24 02:36:40 | INFO | redis_service | Published message to 'predictions'
2026-05-24 02:36:40 | INFO | redis_service | Published message to 'predictions'
2026-05-24 02:36:40 | INFO | redis_service | Published message to 'predictions'
2026-05-24 02:36:41 | INFO | redis_service | Published message to 'predictions'
2026-05-24 02:36:41 | INFO | redis_service | Published message to 'predictions'
2026-05-24 02:36:41 | INFO | redis_service | Published message to 'predictions'
2026-05-24 02:36:42 | INFO | redis_service | Published message to 'predictions'
2026-05-24 02:36:42 | INFO | redis_service | Published message to 'predictions'
2026-05-24 02:36:42 | INFO | redis_service | Published message to 'predictions'
2026-05-24 02:36:42 | INFO | redis_service | Published message to 'predictions'
2026-05-24 02:36:43 | INFO | redis_service | Published message to 'predictions'
2026-05-24 02:36:43 | INFO | redis_service | Published message to 'predictions'
2026-05-24 02:36:43 | INFO | redis_service | Published message to 'predictions'
2026-05-24 02:36:44 | INFO | redis_service | Published message to 'predictions'
2026-05-24 02:36:44 | INFO | redis_service | Published message to 'predictions'
2026-05-24 02:36:44 | INFO | redis_service | Published message to 'predictions'
2026-05-24 02:36:44 | INFO | redis_service | Published message to 'predictions'
2026-05-24 02:36:45 | INFO | redis_service | Published message to 'predictions'
2026-05-24 02:36:45 | INFO | redis_service | Published message to 'predictions'
2026-05-24 02:36:45 | INFO | redis_service | Published message to 'predictions'
2026-05-24 02:36:46 | INFO | redis_service | Published message to 'predictions'
2026-05-24 02:36:46 | INFO | redis_service | Published message to 'predictions'
2026-05-24 02:36:46 | INFO | redis_service | Published message to 'predictions'
2026-05-24 02:36:46 | INFO | redis_service | Published message to 'predictions'
2026-05-24 02:36:47 | INFO | redis_service | Published message to 'predictions'
2026-05-24 02:36:47 | INFO | redis_service | Published message to 'predictions'
2026-05-24 02:36:47 | INFO | redis_service | Published message to 'predictions'
2026-05-24 02:36:47 | INFO | redis_service | Published message to 'predictions'
2026-05-24 02:36:48 | INFO | redis_service | Published message to 'predictions'
2026-05-24 02:36:48 | INFO | redis_service | Published message to 'predictions'
2026-05-24 02:36:48 | INFO | redis_service | Published message to 'predictions'
2026-05-24 02:36:49 | INFO | redis_service | Published message to 'predictions'
2026-05-24 02:37:43 | INFO | redis_service | Published message to 'news_headlines'
2026-05-24 02:37:43 | INFO | redis_service | Published message to 'news_headlines'
2026-05-24 02:37:43 | INFO | redis_service | Published message to 'news_headlines'
2026-05-24 02:37:43 | INFO | redis_service | Published message to 'news_headlines'
2026-05-24 02:37:43 | INFO | redis_service | Published message to 'news_headlines'
2026-05-24 02:37:43 | INFO | redis_service | Published message to 'news_headlines'
2026-05-24 02:37:43 | INFO | redis_service | Published message to 'news_headlines'
2026-05-24 02:37:44 | INFO | redis_service | Published message to 'news_headlines'
2026-05-24 02:37:44 | INFO | redis_service | Published message to 'news_headlines'
2026-05-24 02:37:44 | INFO | redis_service | Published message to 'news_headlines'
2026-05-24 02:37:44 | INFO | redis_service | Published message to 'predictions'
2026-05-24 02:37:44 | INFO | redis_service | Published message to 'news_headlines'
2026-05-24 02:37:44 | INFO | redis_service | Published message to 'news_headlines'
2026-05-24 02:37:44 | INFO | redis_service | Published message to 'news_headlines'
2026-05-24 02:37:44 | INFO | redis_service | Published message to 'news_headlines'
2026-05-24 02:37:44 | INFO | redis_service | Published message to 'predictions'
2026-05-24 02:37:44 | INFO | redis_service | Published message to 'news_headlines'
2026-05-24 02:37:44 | INFO | redis_service | Published message to 'news_headlines'
2026-05-24 02:37:44 | INFO | redis_service | Published message to 'news_headlines'
2026-05-24 02:37:44 | INFO | redis_service | Published message to 'news_headlines'
2026-05-24 02:37:44 | INFO | redis_service | Published message to 'predictions'
2026-05-24 02:37:44 | INFO | redis_service | Published message to 'news_headlines'
2026-05-24 02:37:44 | INFO | redis_service | Published message to 'news_headlines'
2026-05-24 02:37:44 | INFO | redis_service | Published message to 'news_headlines'
2026-05-24 02:37:44 | INFO | redis_service | Published message to 'news_headlines'
2026-05-24 02:37:44 | INFO | redis_service | Published message to 'news_headlines'
2026-05-24 02:37:44 | INFO | redis_service | Published message to 'predictions'
2026-05-24 02:37:44 | INFO | redis_service | Published message to 'news_headlines'
2026-05-24 02:37:44 | INFO | redis_service | Published message to 'news_headlines'
2026-05-24 02:37:45 | INFO | redis_service | Published message to 'news_headlines'
2026-05-24 02:37:45 | INFO | redis_service | Published message to 'news_headlines'
2026-05-24 02:37:45 | INFO | redis_service | Published message to 'predictions'
2026-05-24 02:37:45 | INFO | redis_service | Published message to 'news_headlines'
2026-05-24 02:37:45 | INFO | redis_service | Published message to 'news_headlines'
2026-05-24 02:37:45 | INFO | redis_service | Published message to 'news_headlines'
2026-05-24 02:37:45 | INFO | redis_service | Published message to 'news_headlines'
2026-05-24 02:37:45 | INFO | redis_service | Published message to 'news_headlines'
2026-05-24 02:37:45 | INFO | redis_service | Published message to 'predictions'
2026-05-24 02:37:45 | INFO | redis_service | Published message to 'news_headlines'
2026-05-24 02:37:45 | INFO | redis_service | Published message to 'news_headlines'
2026-05-24 02:37:45 | INFO | redis_service | Published message to 'news_headlines'
2026-05-24 02:37:45 | INFO | redis_service | Published message to 'news_headlines'
2026-05-24 02:37:45 | INFO | redis_service | Published message to 'predictions'
2026-05-24 02:37:45 | INFO | redis_service | Published message to 'news_headlines'
2026-05-24 02:37:45 | INFO | redis_service | Published message to 'news_headlines'
2026-05-24 02:37:45 | INFO | redis_service | Published message to 'news_headlines'
2026-05-24 02:37:45 | INFO | redis_service | Published message to 'news_headlines'
2026-05-24 02:37:45 | INFO | redis_service | Published message to 'predictions'
2026-05-24 02:37:46 | INFO | redis_service | Published message to 'predictions'
2026-05-24 02:37:46 | INFO | redis_service | Published message to 'predictions'
2026-05-24 02:37:46 | INFO | redis_service | Published message to 'predictions'
2026-05-24 02:37:46 | INFO | redis_service | Published message to 'predictions'
2026-05-24 02:37:47 | INFO | redis_service | Published message to 'predictions'
2026-05-24 02:37:47 | INFO | redis_service | Published message to 'predictions'
2026-05-24 02:37:47 | INFO | redis_service | Published message to 'predictions'
2026-05-24 02:37:48 | INFO | redis_service | Published message to 'predictions'
2026-05-24 02:37:48 | INFO | redis_service | Published message to 'predictions'
2026-05-24 02:37:48 | INFO | redis_service | Published message to 'predictions'
2026-05-24 02:37:48 | INFO | redis_service | Published message to 'predictions'
2026-05-24 02:37:49 | INFO | redis_service | Published message to 'predictions'
2026-05-24 02:37:49 | INFO | redis_service | Published message to 'predictions'
2026-05-24 02:37:49 | INFO | redis_service | Published message to 'predictions'
2026-05-24 02:37:49 | INFO | redis_service | Published message to 'predictions'
2026-05-24 02:37:50 | INFO | redis_service | Published message to 'predictions'
2026-05-24 02:37:50 | INFO | redis_service | Published message to 'predictions'
2026-05-24 02:37:50 | INFO | redis_service | Published message to 'predictions'
2026-05-24 02:37:51 | INFO | redis_service | Published message to 'predictions'
2026-05-24 02:37:51 | INFO | redis_service | Published message to 'predictions'
2026-05-24 02:37:51 | INFO | redis_service | Published message to 'predictions'
2026-05-24 02:37:52 | INFO | redis_service | Published message to 'predictions'
2026-05-24 02:37:52 | INFO | redis_service | Published message to 'predictions'
2026-05-24 02:37:52 | INFO | redis_service | Published message to 'predictions'
2026-05-24 02:37:53 | INFO | redis_service | Published message to 'predictions'
2026-05-24 02:37:53 | INFO | redis_service | Published message to 'predictions'
2026-05-24 02:37:53 | INFO | redis_service | Published message to 'predictions'
2026-05-24 02:37:53 | INFO | redis_service | Published message to 'predictions'
2026-05-24 02:37:54 | INFO | redis_service | Published message to 'predictions'
2026-05-24 02:37:54 | INFO | redis_service | Published message to 'predictions'
2026-05-24 02:37:54 | INFO | redis_service | Published message to 'predictions'
2026-05-24 02:37:55 | INFO | redis_service | Published message to 'predictions'
2026-05-24 02:38:49 | INFO | redis_service | Published message to 'news_headlines'
2026-05-24 02:38:49 | INFO | redis_service | Published message to 'news_headlines'
2026-05-24 02:38:49 | INFO | redis_service | Published message to 'news_headlines'
2026-05-24 02:38:49 | INFO | redis_service | Published message to 'news_headlines'
2026-05-24 02:38:49 | INFO | redis_service | Published message to 'news_headlines'
2026-05-24 02:38:49 | INFO | redis_service | Published message to 'news_headlines'
2026-05-24 02:38:49 | INFO | redis_service | Published message to 'predictions'
2026-05-24 02:38:49 | INFO | redis_service | Published message to 'news_headlines'
2026-05-24 02:38:49 | INFO | redis_service | Published message to 'news_headlines'
2026-05-24 02:38:49 | INFO | redis_service | Published message to 'news_headlines'
2026-05-24 02:38:49 | INFO | redis_service | Published message to 'news_headlines'
2026-05-24 02:38:49 | INFO | redis_service | Published message to 'news_headlines'
2026-05-24 02:38:49 | INFO | redis_service | Published message to 'predictions'
2026-05-24 02:38:49 | INFO | redis_service | Published message to 'news_headlines'
2026-05-24 02:38:49 | INFO | redis_service | Published message to 'news_headlines'
2026-05-24 02:38:49 | INFO | redis_service | Published message to 'news_headlines'
2026-05-24 02:38:49 | INFO | redis_service | Published message to 'news_headlines'
2026-05-24 02:38:49 | INFO | redis_service | Published message to 'predictions'
2026-05-24 02:38:49 | INFO | redis_service | Published message to 'news_headlines'
2026-05-24 02:38:49 | INFO | redis_service | Published message to 'news_headlines'
2026-05-24 02:38:49 | INFO | redis_service | Published message to 'news_headlines'
2026-05-24 02:38:49 | INFO | redis_service | Published message to 'news_headlines'
2026-05-24 02:38:50 | INFO | redis_service | Published message to 'predictions'
2026-05-24 02:38:50 | INFO | redis_service | Published message to 'news_headlines'
2026-05-24 02:38:50 | INFO | redis_service | Published message to 'news_headlines'
2026-05-24 02:38:50 | INFO | redis_service | Published message to 'news_headlines'
2026-05-24 02:38:50 | INFO | redis_service | Published message to 'news_headlines'
2026-05-24 02:38:50 | INFO | redis_service | Published message to 'predictions'
2026-05-24 02:38:50 | INFO | redis_service | Published message to 'news_headlines'
2026-05-24 02:38:50 | INFO | redis_service | Published message to 'news_headlines'
2026-05-24 02:38:50 | INFO | redis_service | Published message to 'news_headlines'
2026-05-24 02:38:50 | INFO | redis_service | Published message to 'news_headlines'
2026-05-24 02:38:50 | INFO | redis_service | Published message to 'predictions'
2026-05-24 02:38:50 | INFO | redis_service | Published message to 'news_headlines'
2026-05-24 02:38:50 | INFO | redis_service | Published message to 'news_headlines'
2026-05-24 02:38:50 | INFO | redis_service | Published message to 'news_headlines'
2026-05-24 02:38:50 | INFO | redis_service | Published message to 'news_headlines'
2026-05-24 02:38:50 | INFO | redis_service | Published message to 'news_headlines'
2026-05-24 02:38:50 | INFO | redis_service | Published message to 'predictions'
2026-05-24 02:38:50 | INFO | redis_service | Published message to 'news_headlines'
2026-05-24 02:38:50 | INFO | redis_service | Published message to 'news_headlines'
2026-05-24 02:38:50 | INFO | redis_service | Published message to 'news_headlines'
2026-05-24 02:38:50 | INFO | redis_service | Published message to 'news_headlines'
2026-05-24 02:38:50 | INFO | redis_service | Published message to 'predictions'
2026-05-24 02:38:51 | INFO | redis_service | Published message to 'news_headlines'
2026-05-24 02:38:51 | INFO | redis_service | Published message to 'news_headlines'
2026-05-24 02:38:51 | INFO | redis_service | Published message to 'news_headlines'
2026-05-24 02:38:51 | INFO | redis_service | Published message to 'news_headlines'
2026-05-24 02:38:51 | INFO | redis_service | Published message to 'predictions'
2026-05-24 02:38:51 | INFO | redis_service | Published message to 'predictions'
2026-05-24 02:38:51 | INFO | redis_service | Published message to 'predictions'
2026-05-24 02:38:52 | INFO | redis_service | Published message to 'predictions'
2026-05-24 02:38:52 | INFO | redis_service | Published message to 'predictions'
2026-05-24 02:38:52 | INFO | redis_service | Published message to 'predictions'
2026-05-24 02:38:53 | INFO | redis_service | Published message to 'predictions'
2026-05-24 02:38:53 | INFO | redis_service | Published message to 'predictions'
2026-05-24 02:38:53 | INFO | redis_service | Published message to 'predictions'
2026-05-24 02:38:54 | INFO | redis_service | Published message to 'predictions'
2026-05-24 02:38:54 | INFO | redis_service | Published message to 'predictions'
2026-05-24 02:38:54 | INFO | redis_service | Published message to 'predictions'
2026-05-24 02:38:55 | INFO | redis_service | Published message to 'predictions'
2026-05-24 02:38:55 | INFO | redis_service | Published message to 'predictions'
2026-05-24 02:38:55 | INFO | redis_service | Published message to 'predictions'
2026-05-24 02:38:55 | INFO | redis_service | Published message to 'predictions'
2026-05-24 02:38:56 | INFO | redis_service | Published message to 'predictions'
2026-05-24 02:38:56 | INFO | redis_service | Published message to 'predictions'
2026-05-24 02:38:56 | INFO | redis_service | Published message to 'predictions'
2026-05-24 02:38:57 | INFO | redis_service | Published message to 'predictions'
2026-05-24 02:38:57 | INFO | redis_service | Published message to 'predictions'
2026-05-24 02:38:57 | INFO | redis_service | Published message to 'predictions'
2026-05-24 02:38:57 | INFO | redis_service | Published message to 'predictions'
2026-05-24 02:38:58 | INFO | redis_service | Published message to 'predictions'
2026-05-24 02:38:58 | INFO | redis_service | Published message to 'predictions'
2026-05-24 02:38:58 | INFO | redis_service | Published message to 'predictions'
2026-05-24 02:38:59 | INFO | redis_service | Published message to 'predictions'
2026-05-24 02:38:59 | INFO | redis_service | Published message to 'predictions'
2026-05-24 02:38:59 | INFO | redis_service | Published message to 'predictions'
2026-05-24 02:38:59 | INFO | redis_service | Published message to 'predictions'
2026-05-24 02:39:00 | INFO | redis_service | Published message to 'predictions'
2026-05-24 02:39:00 | INFO | redis_service | Published message to 'predictions'
2026-05-24 02:39:54 | INFO | redis_service | Published message to 'news_headlines'
2026-05-24 02:39:54 | INFO | redis_service | Published message to 'news_headlines'
2026-05-24 02:39:54 | INFO | redis_service | Published message to 'news_headlines'
2026-05-24 02:39:54 | INFO | redis_service | Published message to 'news_headlines'
2026-05-24 02:39:54 | INFO | redis_service | Published message to 'news_headlines'
2026-05-24 02:39:54 | INFO | redis_service | Published message to 'news_headlines'
2026-05-24 02:39:54 | INFO | redis_service | Published message to 'news_headlines'
2026-05-24 02:39:54 | INFO | redis_service | Published message to 'news_headlines'
2026-05-24 02:39:54 | INFO | redis_service | Published message to 'news_headlines'
2026-05-24 02:39:54 | INFO | redis_service | Published message to 'news_headlines'
2026-05-24 02:39:54 | INFO | redis_service | Published message to 'predictions'
2026-05-24 02:39:54 | INFO | redis_service | Published message to 'news_headlines'
2026-05-24 02:39:54 | INFO | redis_service | Published message to 'news_headlines'
2026-05-24 02:39:54 | INFO | redis_service | Published message to 'news_headlines'
2026-05-24 02:39:55 | INFO | redis_service | Published message to 'news_headlines'
2026-05-24 02:39:55 | INFO | redis_service | Published message to 'predictions'
2026-05-24 02:39:55 | INFO | redis_service | Published message to 'news_headlines'
2026-05-24 02:39:55 | INFO | redis_service | Published message to 'news_headlines'
2026-05-24 02:39:55 | INFO | redis_service | Published message to 'news_headlines'
2026-05-24 02:39:55 | INFO | redis_service | Published message to 'news_headlines'
2026-05-24 02:39:55 | INFO | redis_service | Published message to 'predictions'
2026-05-24 02:39:55 | INFO | redis_service | Published message to 'news_headlines'
2026-05-24 02:39:55 | INFO | redis_service | Published message to 'news_headlines'
2026-05-24 02:39:55 | INFO | redis_service | Published message to 'news_headlines'
2026-05-24 02:39:55 | INFO | redis_service | Published message to 'news_headlines'
2026-05-24 02:39:55 | INFO | redis_service | Published message to 'news_headlines'
2026-05-24 02:39:55 | INFO | redis_service | Published message to 'predictions'
2026-05-24 02:39:55 | INFO | redis_service | Published message to 'news_headlines'
2026-05-24 02:39:55 | INFO | redis_service | Published message to 'news_headlines'
2026-05-24 02:39:55 | INFO | redis_service | Published message to 'news_headlines'
2026-05-24 02:39:55 | INFO | redis_service | Published message to 'news_headlines'
2026-05-24 02:39:55 | INFO | redis_service | Published message to 'news_headlines'
2026-05-24 02:39:55 | INFO | redis_service | Published message to 'predictions'
2026-05-24 02:39:55 | INFO | redis_service | Published message to 'news_headlines'
2026-05-24 02:39:55 | INFO | redis_service | Published message to 'news_headlines'
2026-05-24 02:39:55 | INFO | redis_service | Published message to 'news_headlines'
2026-05-24 02:39:55 | INFO | redis_service | Published message to 'news_headlines'
2026-05-24 02:39:55 | INFO | redis_service | Published message to 'predictions'
2026-05-24 02:39:56 | INFO | redis_service | Published message to 'news_headlines'
2026-05-24 02:39:56 | INFO | redis_service | Published message to 'news_headlines'
2026-05-24 02:39:56 | INFO | redis_service | Published message to 'news_headlines'
2026-05-24 02:39:56 | INFO | redis_service | Published message to 'news_headlines'
2026-05-24 02:39:56 | INFO | redis_service | Published message to 'predictions'
2026-05-24 02:39:56 | INFO | redis_service | Published message to 'news_headlines'
2026-05-24 02:39:56 | INFO | redis_service | Published message to 'news_headlines'
2026-05-24 02:39:56 | INFO | redis_service | Published message to 'news_headlines'
2026-05-24 02:39:56 | INFO | redis_service | Published message to 'news_headlines'
2026-05-24 02:39:56 | INFO | redis_service | Published message to 'predictions'
2026-05-24 02:39:56 | INFO | redis_service | Published message to 'predictions'
2026-05-24 02:39:56 | INFO | redis_service | Published message to 'predictions'
2026-05-24 02:39:57 | INFO | redis_service | Published message to 'predictions'
2026-05-24 02:39:57 | INFO | redis_service | Published message to 'predictions'
2026-05-24 02:39:57 | INFO | redis_service | Published message to 'predictions'
2026-05-24 02:39:57 | INFO | redis_service | Published message to 'predictions'
2026-05-24 02:39:58 | INFO | redis_service | Published message to 'predictions'
2026-05-24 02:39:58 | INFO | redis_service | Published message to 'predictions'
2026-05-24 02:39:58 | INFO | redis_service | Published message to 'predictions'
2026-05-24 02:39:59 | INFO | redis_service | Published message to 'predictions'
2026-05-24 02:39:59 | INFO | redis_service | Published message to 'predictions'
2026-05-24 02:39:59 | INFO | redis_service | Published message to 'predictions'
2026-05-24 02:39:59 | INFO | redis_service | Published message to 'predictions'
2026-05-24 02:40:00 | INFO | redis_service | Published message to 'predictions'
2026-05-24 02:40:00 | INFO | redis_service | Published message to 'predictions'
2026-05-24 02:40:00 | INFO | redis_service | Published message to 'predictions'
2026-05-24 02:40:01 | INFO | redis_service | Published message to 'predictions'
2026-05-24 02:40:01 | INFO | redis_service | Published message to 'predictions'
2026-05-24 02:40:01 | INFO | redis_service | Published message to 'predictions'
2026-05-24 02:40:02 | INFO | redis_service | Published message to 'predictions'
2026-05-24 02:40:02 | INFO | redis_service | Published message to 'predictions'
2026-05-24 02:40:02 | INFO | redis_service | Published message to 'predictions'
2026-05-24 02:40:02 | INFO | redis_service | Published message to 'predictions'
2026-05-24 02:40:03 | INFO | redis_service | Published message to 'predictions'
2026-05-24 02:40:03 | INFO | redis_service | Published message to 'predictions'
2026-05-24 02:40:03 | INFO | redis_service | Published message to 'predictions'
2026-05-24 02:40:03 | INFO | redis_service | Published message to 'predictions'
2026-05-24 02:40:04 | INFO | redis_service | Published message to 'predictions'
2026-05-24 02:40:04 | INFO | redis_service | Published message to 'predictions'
2026-05-24 02:40:04 | INFO | redis_service | Published message to 'predictions'
2026-05-24 02:40:05 | INFO | redis_service | Published message to 'predictions'
2026-05-24 02:40:05 | INFO | redis_service | Published message to 'predictions'
2026-05-24 02:41:01 | INFO | redis_service | Published message to 'news_headlines'
2026-05-24 02:41:02 | INFO | redis_service | Published message to 'news_headlines'
2026-05-24 02:41:02 | INFO | redis_service | Published message to 'news_headlines'
2026-05-24 02:41:02 | INFO | redis_service | Published message to 'news_headlines'
2026-05-24 02:41:02 | INFO | redis_service | Published message to 'news_headlines'
2026-05-24 02:41:02 | INFO | redis_service | Published message to 'predictions'
2026-05-24 02:41:03 | INFO | redis_service | Published message to 'news_headlines'
2026-05-24 02:41:03 | INFO | redis_service | Published message to 'news_headlines'
2026-05-24 02:41:03 | INFO | redis_service | Published message to 'predictions'
2026-05-24 02:41:03 | INFO | redis_service | Published message to 'news_headlines'
2026-05-24 02:41:03 | INFO | redis_service | Published message to 'news_headlines'
2026-05-24 02:41:04 | INFO | redis_service | Published message to 'news_headlines'
2026-05-24 02:41:04 | INFO | redis_service | Published message to 'predictions'
2026-05-24 02:41:04 | INFO | redis_service | Published message to 'news_headlines'
2026-05-24 02:41:04 | INFO | redis_service | Published message to 'news_headlines'
2026-05-24 02:41:04 | INFO | redis_service | Published message to 'news_headlines'
2026-05-24 02:41:04 | INFO | redis_service | Published message to 'predictions'
2026-05-24 02:41:05 | INFO | redis_service | Published message to 'news_headlines'
2026-05-24 02:41:05 | INFO | redis_service | Published message to 'news_headlines'
2026-05-24 02:41:05 | INFO | redis_service | Published message to 'predictions'
2026-05-24 02:41:05 | INFO | redis_service | Published message to 'news_headlines'
2026-05-24 02:41:05 | INFO | redis_service | Published message to 'news_headlines'
2026-05-24 02:41:06 | INFO | redis_service | Published message to 'news_headlines'
2026-05-24 02:41:06 | INFO | redis_service | Published message to 'predictions'
2026-05-24 02:41:06 | INFO | redis_service | Published message to 'news_headlines'
2026-05-24 02:41:06 | INFO | redis_service | Published message to 'news_headlines'
2026-05-24 02:41:06 | INFO | redis_service | Published message to 'news_headlines'
2026-05-24 02:41:06 | INFO | redis_service | Published message to 'predictions'
2026-05-24 02:41:06 | INFO | redis_service | Published message to 'news_headlines'
2026-05-24 02:41:07 | INFO | redis_service | Published message to 'news_headlines'
2026-05-24 02:41:07 | INFO | redis_service | Published message to 'predictions'
2026-05-24 02:41:07 | INFO | redis_service | Published message to 'news_headlines'
2026-05-24 02:41:07 | INFO | redis_service | Published message to 'news_headlines'
2026-05-24 02:41:07 | INFO | redis_service | Published message to 'news_headlines'
2026-05-24 02:41:07 | INFO | redis_service | Published message to 'predictions'
2026-05-24 02:41:08 | INFO | redis_service | Published message to 'news_headlines'
2026-05-24 02:41:08 | INFO | redis_service | Published message to 'news_headlines'
2026-05-24 02:41:08 | INFO | redis_service | Published message to 'predictions'
2026-05-24 02:41:08 | INFO | redis_service | Published message to 'news_headlines'
2026-05-24 02:41:08 | INFO | redis_service | Published message to 'news_headlines'
2026-05-24 02:41:09 | INFO | redis_service | Published message to 'news_headlines'
2026-05-24 02:41:09 | INFO | redis_service | Published message to 'predictions'
2026-05-24 02:41:09 | INFO | redis_service | Published message to 'news_headlines'
2026-05-24 02:41:09 | INFO | redis_service | Published message to 'news_headlines'
2026-05-24 02:41:09 | INFO | redis_service | Published message to 'news_headlines'
2026-05-24 02:41:09 | INFO | redis_service | Published message to 'predictions'
2026-05-24 02:41:09 | INFO | redis_service | Published message to 'news_headlines'
2026-05-24 02:41:10 | INFO | redis_service | Published message to 'news_headlines'
2026-05-24 02:41:10 | INFO | redis_service | Published message to 'predictions'
2026-05-24 02:41:10 | INFO | redis_service | Published message to 'news_headlines'
2026-05-24 02:41:10 | INFO | redis_service | Published message to 'news_headlines'
2026-05-24 02:41:10 | INFO | redis_service | Published message to 'news_headlines'
2026-05-24 02:41:11 | INFO | redis_service | Published message to 'news_headlines'
2026-05-24 02:41:11 | INFO | redis_service | Published message to 'predictions'
2026-05-24 02:41:12 | INFO | redis_service | Published message to 'predictions'
2026-05-24 02:41:12 | INFO | redis_service | Published message to 'predictions'
2026-05-24 02:41:13 | INFO | redis_service | Published message to 'predictions'
2026-05-24 02:41:14 | INFO | redis_service | Published message to 'predictions'
2026-05-24 02:41:14 | INFO | redis_service | Published message to 'predictions'
2026-05-24 02:41:15 | INFO | redis_service | Published message to 'predictions'
2026-05-24 02:41:15 | INFO | redis_service | Published message to 'predictions'
2026-05-24 02:41:16 | INFO | redis_service | Published message to 'predictions'
2026-05-24 02:41:16 | INFO | redis_service | Published message to 'predictions'
2026-05-24 02:41:17 | INFO | redis_service | Published message to 'predictions'
2026-05-24 02:41:18 | INFO | redis_service | Published message to 'predictions'
2026-05-24 02:41:18 | INFO | redis_service | Published message to 'predictions'
2026-05-24 02:41:19 | INFO | redis_service | Published message to 'predictions'
2026-05-24 02:41:19 | INFO | redis_service | Published message to 'predictions'
2026-05-24 02:41:20 | INFO | redis_service | Published message to 'predictions'
2026-05-24 02:41:21 | INFO | redis_service | Published message to 'predictions'
2026-05-24 02:41:21 | INFO | redis_service | Published message to 'predictions'
2026-05-24 02:41:22 | INFO | redis_service | Published message to 'predictions'
2026-05-24 02:41:22 | INFO | redis_service | Published message to 'predictions'
2026-05-24 02:41:23 | INFO | redis_service | Published message to 'predictions'
2026-05-24 02:41:24 | INFO | redis_service | Published message to 'predictions'
2026-05-24 02:41:24 | INFO | redis_service | Published message to 'predictions'
2026-05-24 02:41:25 | INFO | redis_service | Published message to 'predictions'
2026-05-24 02:41:26 | INFO | redis_service | Published message to 'predictions'
2026-05-24 02:41:26 | INFO | redis_service | Published message to 'predictions'
2026-05-24 02:41:27 | INFO | redis_service | Published message to 'predictions'
2026-05-24 02:42:18 | INFO | redis_service | Published message to 'news_headlines'
2026-05-24 02:42:18 | INFO | redis_service | Published message to 'news_headlines'
2026-05-24 02:42:18 | INFO | redis_service | Published message to 'news_headlines'
2026-05-24 02:42:18 | INFO | redis_service | Published message to 'news_headlines'
2026-05-24 02:42:19 | INFO | redis_service | Published message to 'news_headlines'
2026-05-24 02:42:19 | INFO | redis_service | Published message to 'news_headlines'
2026-05-24 02:42:19 | INFO | redis_service | Published message to 'news_headlines'
2026-05-24 02:42:19 | INFO | redis_service | Published message to 'predictions'
2026-05-24 02:42:19 | INFO | redis_service | Published message to 'news_headlines'
2026-05-24 02:42:20 | INFO | redis_service | Published message to 'news_headlines'
2026-05-24 02:42:20 | INFO | redis_service | Published message to 'predictions'
2026-05-24 02:42:20 | INFO | redis_service | Published message to 'news_headlines'
2026-05-24 02:42:20 | INFO | redis_service | Published message to 'news_headlines'
2026-05-24 02:42:20 | INFO | redis_service | Published message to 'news_headlines'
2026-05-24 02:42:20 | INFO | redis_service | Published message to 'predictions'
2026-05-24 02:42:21 | INFO | redis_service | Published message to 'news_headlines'
2026-05-24 02:42:21 | INFO | redis_service | Published message to 'news_headlines'
2026-05-24 02:42:21 | INFO | redis_service | Published message to 'predictions'
2026-05-24 02:42:21 | INFO | redis_service | Published message to 'news_headlines'
2026-05-24 02:42:21 | INFO | redis_service | Published message to 'news_headlines'
2026-05-24 02:42:22 | INFO | redis_service | Published message to 'news_headlines'
2026-05-24 02:42:22 | INFO | redis_service | Published message to 'predictions'
2026-05-24 02:42:22 | INFO | redis_service | Published message to 'news_headlines'
2026-05-24 02:42:22 | INFO | redis_service | Published message to 'news_headlines'
2026-05-24 02:42:22 | INFO | redis_service | Published message to 'predictions'
2026-05-24 02:42:22 | INFO | redis_service | Published message to 'news_headlines'
2026-05-24 02:42:23 | INFO | redis_service | Published message to 'news_headlines'
2026-05-24 02:42:23 | INFO | redis_service | Published message to 'news_headlines'
2026-05-24 02:42:23 | INFO | redis_service | Published message to 'predictions'
2026-05-24 02:42:23 | INFO | redis_service | Published message to 'news_headlines'
2026-05-24 02:42:23 | INFO | redis_service | Published message to 'news_headlines'
2026-05-24 02:42:23 | INFO | redis_service | Published message to 'predictions'
2026-05-24 02:42:24 | INFO | redis_service | Published message to 'news_headlines'
2026-05-24 02:42:24 | INFO | redis_service | Published message to 'news_headlines'
2026-05-24 02:42:24 | INFO | redis_service | Published message to 'news_headlines'
2026-05-24 02:42:24 | INFO | redis_service | Published message to 'predictions'
2026-05-24 02:42:24 | INFO | redis_service | Published message to 'news_headlines'
2026-05-24 02:42:25 | INFO | redis_service | Published message to 'news_headlines'
2026-05-24 02:42:25 | INFO | redis_service | Published message to 'predictions'
2026-05-24 02:42:25 | INFO | redis_service | Published message to 'news_headlines'
2026-05-24 02:42:25 | INFO | redis_service | Published message to 'news_headlines'
2026-05-24 02:42:25 | INFO | redis_service | Published message to 'news_headlines'
2026-05-24 02:42:25 | INFO | redis_service | Published message to 'predictions'
2026-05-24 02:42:25 | INFO | redis_service | Published message to 'news_headlines'
2026-05-24 02:42:26 | INFO | redis_service | Published message to 'news_headlines'
2026-05-24 02:42:26 | INFO | redis_service | Published message to 'predictions'
2026-05-24 02:42:26 | INFO | redis_service | Published message to 'news_headlines'
2026-05-24 02:42:26 | INFO | redis_service | Published message to 'news_headlines'
2026-05-24 02:42:26 | INFO | redis_service | Published message to 'news_headlines'
2026-05-24 02:42:27 | INFO | redis_service | Published message to 'predictions'
2026-05-24 02:42:27 | INFO | redis_service | Published message to 'news_headlines'
2026-05-24 02:42:27 | INFO | redis_service | Published message to 'news_headlines'
2026-05-24 02:42:27 | INFO | redis_service | Published message to 'predictions'
2026-05-24 02:42:27 | INFO | redis_service | Published message to 'news_headlines'
2026-05-24 02:42:28 | INFO | redis_service | Published message to 'predictions'
2026-05-24 02:42:28 | INFO | redis_service | Published message to 'predictions'
2026-05-24 02:42:29 | INFO | redis_service | Published message to 'predictions'
2026-05-24 02:42:30 | INFO | redis_service | Published message to 'predictions'
2026-05-24 02:42:30 | INFO | redis_service | Published message to 'predictions'
2026-05-24 02:42:31 | INFO | redis_service | Published message to 'predictions'
2026-05-24 02:42:31 | INFO | redis_service | Published message to 'predictions'
2026-05-24 02:42:32 | INFO | redis_service | Published message to 'predictions'
2026-05-24 02:42:33 | INFO | redis_service | Published message to 'predictions'
2026-05-24 02:42:33 | INFO | redis_service | Published message to 'predictions'
2026-05-24 02:42:34 | INFO | redis_service | Published message to 'predictions'
2026-05-24 02:42:34 | INFO | redis_service | Published message to 'predictions'
2026-05-24 02:42:35 | INFO | redis_service | Published message to 'predictions'
2026-05-24 02:42:35 | INFO | redis_service | Published message to 'predictions'
2026-05-24 02:42:36 | INFO | redis_service | Published message to 'predictions'
2026-05-24 02:42:36 | INFO | redis_service | Published message to 'predictions'
2026-05-24 02:42:36 | INFO | redis_service | Published message to 'predictions'
2026-05-24 02:42:37 | INFO | redis_service | Published message to 'predictions'
2026-05-24 02:42:37 | INFO | redis_service | Published message to 'predictions'
2026-05-24 02:42:37 | INFO | redis_service | Published message to 'predictions'
2026-05-24 02:42:38 | INFO | redis_service | Published message to 'predictions'
2026-05-24 02:42:38 | INFO | redis_service | Published message to 'predictions'
2026-05-24 02:42:38 | INFO | redis_service | Published message to 'predictions'
2026-05-24 02:42:39 | INFO | redis_service | Published message to 'predictions'
2026-05-24 02:42:39 | INFO | redis_service | Published message to 'predictions'
2026-05-24 02:42:39 | INFO | redis_service | Published message to 'predictions'
2026-05-24 02:43:29 | INFO | redis_service | Published message to 'news_headlines'
2026-05-24 02:43:29 | INFO | redis_service | Published message to 'news_headlines'
2026-05-24 02:43:29 | INFO | redis_service | Published message to 'news_headlines'
2026-05-24 02:43:29 | INFO | redis_service | Published message to 'news_headlines'
2026-05-24 02:43:29 | INFO | redis_service | Published message to 'news_headlines'
2026-05-24 02:43:29 | INFO | redis_service | Published message to 'news_headlines'
2026-05-24 02:43:29 | INFO | redis_service | Published message to 'predictions'
2026-05-24 02:43:29 | INFO | redis_service | Published message to 'news_headlines'
2026-05-24 02:43:29 | INFO | redis_service | Published message to 'news_headlines'
2026-05-24 02:43:29 | INFO | redis_service | Published message to 'news_headlines'
2026-05-24 02:43:29 | INFO | redis_service | Published message to 'news_headlines'
2026-05-24 02:43:29 | INFO | redis_service | Published message to 'predictions'
2026-05-24 02:43:29 | INFO | redis_service | Published message to 'news_headlines'
2026-05-24 02:43:30 | INFO | redis_service | Published message to 'news_headlines'
2026-05-24 02:43:30 | INFO | redis_service | Published message to 'news_headlines'
2026-05-24 02:43:30 | INFO | redis_service | Published message to 'news_headlines'
2026-05-24 02:43:30 | INFO | redis_service | Published message to 'news_headlines'
2026-05-24 02:43:30 | INFO | redis_service | Published message to 'predictions'
2026-05-24 02:43:30 | INFO | redis_service | Published message to 'news_headlines'
2026-05-24 02:43:30 | INFO | redis_service | Published message to 'news_headlines'
2026-05-24 02:43:30 | INFO | redis_service | Published message to 'news_headlines'
2026-05-24 02:43:30 | INFO | redis_service | Published message to 'news_headlines'
2026-05-24 02:43:30 | INFO | redis_service | Published message to 'predictions'
2026-05-24 02:43:30 | INFO | redis_service | Published message to 'news_headlines'
2026-05-24 02:43:30 | INFO | redis_service | Published message to 'news_headlines'
2026-05-24 02:43:30 | INFO | redis_service | Published message to 'news_headlines'
2026-05-24 02:43:30 | INFO | redis_service | Published message to 'news_headlines'
2026-05-24 02:43:30 | INFO | redis_service | Published message to 'news_headlines'
2026-05-24 02:43:30 | INFO | redis_service | Published message to 'predictions'
2026-05-24 02:43:30 | INFO | redis_service | Published message to 'news_headlines'
2026-05-24 02:43:30 | INFO | redis_service | Published message to 'news_headlines'
2026-05-24 02:43:30 | INFO | redis_service | Published message to 'news_headlines'
2026-05-24 02:43:30 | INFO | redis_service | Published message to 'news_headlines'
2026-05-24 02:43:30 | INFO | redis_service | Published message to 'predictions'
2026-05-24 02:43:30 | INFO | redis_service | Published message to 'news_headlines'
2026-05-24 02:43:31 | INFO | redis_service | Published message to 'news_headlines'
2026-05-24 02:43:31 | INFO | redis_service | Published message to 'news_headlines'
2026-05-24 02:43:31 | INFO | redis_service | Published message to 'news_headlines'
2026-05-24 02:43:31 | INFO | redis_service | Published message to 'predictions'
2026-05-24 02:43:31 | INFO | redis_service | Published message to 'news_headlines'
2026-05-24 02:43:31 | INFO | redis_service | Published message to 'news_headlines'
2026-05-24 02:43:31 | INFO | redis_service | Published message to 'news_headlines'
2026-05-24 02:43:31 | INFO | redis_service | Published message to 'news_headlines'
2026-05-24 02:43:31 | INFO | redis_service | Published message to 'news_headlines'
2026-05-24 02:43:31 | INFO | redis_service | Published message to 'predictions'
2026-05-24 02:43:31 | INFO | redis_service | Published message to 'news_headlines'
2026-05-24 02:43:31 | INFO | redis_service | Published message to 'news_headlines'
2026-05-24 02:43:31 | INFO | redis_service | Published message to 'news_headlines'
2026-05-24 02:43:31 | INFO | redis_service | Published message to 'predictions'
2026-05-24 02:43:31 | INFO | redis_service | Published message to 'predictions'
2026-05-24 02:43:32 | INFO | redis_service | Published message to 'predictions'
2026-05-24 02:43:32 | INFO | redis_service | Published message to 'predictions'
2026-05-24 02:43:32 | INFO | redis_service | Published message to 'predictions'
2026-05-24 02:43:33 | INFO | redis_service | Published message to 'predictions'
2026-05-24 02:43:33 | INFO | redis_service | Published message to 'predictions'
2026-05-24 02:43:33 | INFO | redis_service | Published message to 'predictions'
2026-05-24 02:43:34 | INFO | redis_service | Published message to 'predictions'
2026-05-24 02:43:34 | INFO | redis_service | Published message to 'predictions'
2026-05-24 02:43:34 | INFO | redis_service | Published message to 'predictions'
2026-05-24 02:43:34 | INFO | redis_service | Published message to 'predictions'
2026-05-24 02:43:35 | INFO | redis_service | Published message to 'predictions'
2026-05-24 02:43:35 | INFO | redis_service | Published message to 'predictions'
2026-05-24 02:43:35 | INFO | redis_service | Published message to 'predictions'
2026-05-24 02:43:36 | INFO | redis_service | Published message to 'predictions'
2026-05-24 02:43:36 | INFO | redis_service | Published message to 'predictions'
2026-05-24 02:43:36 | INFO | redis_service | Published message to 'predictions'
2026-05-24 02:43:36 | INFO | redis_service | Published message to 'predictions'
2026-05-24 02:43:36 | INFO | redis_service | Published message to 'predictions'
2026-05-24 02:43:37 | INFO | redis_service | Published message to 'predictions'
2026-05-24 02:43:37 | INFO | redis_service | Published message to 'predictions'
2026-05-24 02:43:37 | INFO | redis_service | Published message to 'predictions'
2026-05-24 02:43:38 | INFO | redis_service | Published message to 'predictions'
2026-05-24 02:43:38 | INFO | redis_service | Published message to 'predictions'
2026-05-24 02:43:38 | INFO | redis_service | Published message to 'predictions'
2026-05-24 02:43:38 | INFO | redis_service | Published message to 'predictions'
2026-05-24 02:43:39 | INFO | redis_service | Published message to 'predictions'
2026-05-24 02:43:39 | INFO | redis_service | Published message to 'predictions'
2026-05-24 02:43:39 | INFO | redis_service | Published message to 'predictions'
2026-05-24 02:43:39 | INFO | redis_service | Published message to 'predictions'
2026-05-24 02:43:40 | INFO | redis_service | Published message to 'predictions'
2026-05-24 02:44:34 | INFO | redis_service | Published message to 'news_headlines'
2026-05-24 02:44:34 | INFO | redis_service | Published message to 'news_headlines'
2026-05-24 02:44:34 | INFO | redis_service | Published message to 'news_headlines'
2026-05-24 02:44:34 | INFO | redis_service | Published message to 'news_headlines'
2026-05-24 02:44:34 | INFO | redis_service | Published message to 'news_headlines'
2026-05-24 02:44:34 | INFO | redis_service | Published message to 'news_headlines'
2026-05-24 02:44:34 | INFO | redis_service | Published message to 'news_headlines'
2026-05-24 02:44:34 | INFO | redis_service | Published message to 'news_headlines'
2026-05-24 02:44:34 | INFO | redis_service | Published message to 'news_headlines'
2026-05-24 02:44:34 | INFO | redis_service | Published message to 'news_headlines'
2026-05-24 02:44:35 | INFO | redis_service | Published message to 'news_headlines'
2026-05-24 02:44:35 | INFO | redis_service | Published message to 'news_headlines'
2026-05-24 02:44:35 | INFO | redis_service | Published message to 'news_headlines'
2026-05-24 02:44:35 | INFO | redis_service | Published message to 'news_headlines'
2026-05-24 02:44:35 | INFO | redis_service | Published message to 'predictions'
2026-05-24 02:44:35 | INFO | redis_service | Published message to 'news_headlines'
2026-05-24 02:44:35 | INFO | redis_service | Published message to 'news_headlines'
2026-05-24 02:44:35 | INFO | redis_service | Published message to 'news_headlines'
2026-05-24 02:44:35 | INFO | redis_service | Published message to 'news_headlines'
2026-05-24 02:44:35 | INFO | redis_service | Published message to 'predictions'
2026-05-24 02:44:35 | INFO | redis_service | Published message to 'news_headlines'
2026-05-24 02:44:35 | INFO | redis_service | Published message to 'news_headlines'
2026-05-24 02:44:35 | INFO | redis_service | Published message to 'news_headlines'
2026-05-24 02:44:35 | INFO | redis_service | Published message to 'news_headlines'
2026-05-24 02:44:35 | INFO | redis_service | Published message to 'predictions'
2026-05-24 02:44:35 | INFO | redis_service | Published message to 'news_headlines'
2026-05-24 02:44:35 | INFO | redis_service | Published message to 'news_headlines'
2026-05-24 02:44:35 | INFO | redis_service | Published message to 'news_headlines'
2026-05-24 02:44:35 | INFO | redis_service | Published message to 'news_headlines'
2026-05-24 02:44:35 | INFO | redis_service | Published message to 'predictions'
2026-05-24 02:44:35 | INFO | redis_service | Published message to 'news_headlines'
2026-05-24 02:44:36 | INFO | redis_service | Published message to 'news_headlines'
2026-05-24 02:44:36 | INFO | redis_service | Published message to 'news_headlines'
2026-05-24 02:44:36 | INFO | redis_service | Published message to 'news_headlines'
2026-05-24 02:44:36 | INFO | redis_service | Published message to 'predictions'
2026-05-24 02:44:36 | INFO | redis_service | Published message to 'news_headlines'
2026-05-24 02:44:36 | INFO | redis_service | Published message to 'news_headlines'
2026-05-24 02:44:36 | INFO | redis_service | Published message to 'news_headlines'
2026-05-24 02:44:36 | INFO | redis_service | Published message to 'news_headlines'
2026-05-24 02:44:36 | INFO | redis_service | Published message to 'predictions'
2026-05-24 02:44:36 | INFO | redis_service | Published message to 'news_headlines'
2026-05-24 02:44:36 | INFO | redis_service | Published message to 'news_headlines'
2026-05-24 02:44:36 | INFO | redis_service | Published message to 'news_headlines'
2026-05-24 02:44:36 | INFO | redis_service | Published message to 'news_headlines'
2026-05-24 02:44:36 | INFO | redis_service | Published message to 'news_headlines'
2026-05-24 02:44:36 | INFO | redis_service | Published message to 'predictions'
2026-05-24 02:44:36 | INFO | redis_service | Published message to 'news_headlines'
2026-05-24 02:44:36 | INFO | redis_service | Published message to 'predictions'
2026-05-24 02:44:37 | INFO | redis_service | Published message to 'predictions'
2026-05-24 02:44:37 | INFO | redis_service | Published message to 'predictions'
2026-05-24 02:44:37 | INFO | redis_service | Published message to 'predictions'
2026-05-24 02:44:37 | INFO | redis_service | Published message to 'predictions'
2026-05-24 02:44:38 | INFO | redis_service | Published message to 'predictions'
2026-05-24 02:44:38 | INFO | redis_service | Published message to 'predictions'
2026-05-24 02:44:38 | INFO | redis_service | Published message to 'predictions'
2026-05-24 02:44:38 | INFO | redis_service | Published message to 'predictions'
2026-05-24 02:44:39 | INFO | redis_service | Published message to 'predictions'
2026-05-24 02:44:39 | INFO | redis_service | Published message to 'predictions'
2026-05-24 02:44:39 | INFO | redis_service | Published message to 'predictions'
2026-05-24 02:44:40 | INFO | redis_service | Published message to 'predictions'
2026-05-24 02:44:40 | INFO | redis_service | Published message to 'predictions'
2026-05-24 02:44:40 | INFO | redis_service | Published message to 'predictions'
2026-05-24 02:44:41 | INFO | redis_service | Published message to 'predictions'
2026-05-24 02:44:41 | INFO | redis_service | Published message to 'predictions'
2026-05-24 02:44:41 | INFO | redis_service | Published message to 'predictions'
2026-05-24 02:44:41 | INFO | redis_service | Published message to 'predictions'
2026-05-24 02:44:42 | INFO | redis_service | Published message to 'predictions'
2026-05-24 02:44:42 | INFO | redis_service | Published message to 'predictions'
2026-05-24 02:44:42 | INFO | redis_service | Published message to 'predictions'
2026-05-24 02:44:42 | INFO | redis_service | Published message to 'predictions'
2026-05-24 02:44:43 | INFO | redis_service | Published message to 'predictions'
2026-05-24 02:44:43 | INFO | redis_service | Published message to 'predictions'
2026-05-24 02:44:43 | INFO | redis_service | Published message to 'predictions'
2026-05-24 02:44:44 | INFO | redis_service | Published message to 'predictions'
2026-05-24 02:44:44 | INFO | redis_service | Published message to 'predictions'
2026-05-24 02:44:44 | INFO | redis_service | Published message to 'predictions'
2026-05-24 02:44:44 | INFO | redis_service | Published message to 'predictions'
2026-05-24 02:44:45 | INFO | redis_service | Published message to 'predictions'
2026-05-24 02:44:45 | INFO | redis_service | Published message to 'predictions'
2026-05-24 02:44:45 | INFO | redis_service | Published message to 'predictions'
2026-05-24 02:45:38 | INFO | redis_service | Published message to 'news_headlines'
2026-05-24 02:45:38 | INFO | redis_service | Published message to 'news_headlines'
2026-05-24 02:45:38 | INFO | redis_service | Published message to 'news_headlines'
2026-05-24 02:45:38 | INFO | redis_service | Published message to 'news_headlines'
2026-05-24 02:45:38 | INFO | redis_service | Published message to 'news_headlines'
2026-05-24 02:45:38 | INFO | redis_service | Published message to 'news_headlines'
2026-05-24 02:45:39 | INFO | redis_service | Published message to 'news_headlines'
2026-05-24 02:45:39 | INFO | redis_service | Published message to 'predictions'
2026-05-24 02:45:39 | INFO | redis_service | Published message to 'news_headlines'
2026-05-24 02:45:39 | INFO | redis_service | Published message to 'news_headlines'
2026-05-24 02:45:39 | INFO | redis_service | Published message to 'news_headlines'
2026-05-24 02:45:39 | INFO | redis_service | Published message to 'news_headlines'
2026-05-24 02:45:39 | INFO | redis_service | Published message to 'predictions'
2026-05-24 02:45:39 | INFO | redis_service | Published message to 'news_headlines'
2026-05-24 02:45:39 | INFO | redis_service | Published message to 'news_headlines'
2026-05-24 02:45:39 | INFO | redis_service | Published message to 'news_headlines'
2026-05-24 02:45:39 | INFO | redis_service | Published message to 'news_headlines'
2026-05-24 02:45:39 | INFO | redis_service | Published message to 'predictions'
2026-05-24 02:45:39 | INFO | redis_service | Published message to 'news_headlines'
2026-05-24 02:45:39 | INFO | redis_service | Published message to 'news_headlines'
2026-05-24 02:45:39 | INFO | redis_service | Published message to 'news_headlines'
2026-05-24 02:45:39 | INFO | redis_service | Published message to 'news_headlines'
2026-05-24 02:45:39 | INFO | redis_service | Published message to 'predictions'
2026-05-24 02:45:39 | INFO | redis_service | Published message to 'news_headlines'
2026-05-24 02:45:39 | INFO | redis_service | Published message to 'news_headlines'
2026-05-24 02:45:39 | INFO | redis_service | Published message to 'news_headlines'
2026-05-24 02:45:39 | INFO | redis_service | Published message to 'news_headlines'
2026-05-24 02:45:39 | INFO | redis_service | Published message to 'news_headlines'
2026-05-24 02:45:39 | INFO | redis_service | Published message to 'predictions'
2026-05-24 02:45:40 | INFO | redis_service | Published message to 'news_headlines'
2026-05-24 02:45:40 | INFO | redis_service | Published message to 'news_headlines'
2026-05-24 02:45:40 | INFO | redis_service | Published message to 'news_headlines'
2026-05-24 02:45:40 | INFO | redis_service | Published message to 'news_headlines'
2026-05-24 02:45:40 | INFO | redis_service | Published message to 'predictions'
2026-05-24 02:45:40 | INFO | redis_service | Published message to 'news_headlines'
2026-05-24 02:45:40 | INFO | redis_service | Published message to 'news_headlines'
2026-05-24 02:45:40 | INFO | redis_service | Published message to 'news_headlines'
2026-05-24 02:45:40 | INFO | redis_service | Published message to 'news_headlines'
2026-05-24 02:45:40 | INFO | redis_service | Published message to 'predictions'
2026-05-24 02:45:40 | INFO | redis_service | Published message to 'news_headlines'
2026-05-24 02:45:40 | INFO | redis_service | Published message to 'news_headlines'
2026-05-24 02:45:40 | INFO | redis_service | Published message to 'news_headlines'
2026-05-24 02:45:40 | INFO | redis_service | Published message to 'news_headlines'
2026-05-24 02:45:40 | INFO | redis_service | Published message to 'predictions'
2026-05-24 02:45:40 | INFO | redis_service | Published message to 'news_headlines'
2026-05-24 02:45:40 | INFO | redis_service | Published message to 'news_headlines'
2026-05-24 02:45:40 | INFO | redis_service | Published message to 'news_headlines'
2026-05-24 02:45:40 | INFO | redis_service | Published message to 'news_headlines'
2026-05-24 02:45:40 | INFO | redis_service | Published message to 'predictions'
2026-05-24 02:45:41 | INFO | redis_service | Published message to 'predictions'
2026-05-24 02:45:41 | INFO | redis_service | Published message to 'predictions'
2026-05-24 02:45:41 | INFO | redis_service | Published message to 'predictions'
2026-05-24 02:45:41 | INFO | redis_service | Published message to 'predictions'
2026-05-24 02:45:42 | INFO | redis_service | Published message to 'predictions'
2026-05-24 02:45:42 | INFO | redis_service | Published message to 'predictions'
2026-05-24 02:45:42 | INFO | redis_service | Published message to 'predictions'
2026-05-24 02:45:43 | INFO | redis_service | Published message to 'predictions'
2026-05-24 02:45:43 | INFO | redis_service | Published message to 'predictions'
2026-05-24 02:45:43 | INFO | redis_service | Published message to 'predictions'
2026-05-24 02:45:43 | INFO | redis_service | Published message to 'predictions'
2026-05-24 02:45:44 | INFO | redis_service | Published message to 'predictions'
2026-05-24 02:45:44 | INFO | redis_service | Published message to 'predictions'
2026-05-24 02:45:44 | INFO | redis_service | Published message to 'predictions'
2026-05-24 02:45:45 | INFO | redis_service | Published message to 'predictions'
2026-05-24 02:45:45 | INFO | redis_service | Published message to 'predictions'
2026-05-24 02:45:45 | INFO | redis_service | Published message to 'predictions'
2026-05-24 02:45:45 | INFO | redis_service | Published message to 'predictions'
2026-05-24 02:45:46 | INFO | redis_service | Published message to 'predictions'
2026-05-24 02:45:46 | INFO | redis_service | Published message to 'predictions'
2026-05-24 02:45:46 | INFO | redis_service | Published message to 'predictions'
2026-05-24 02:45:47 | INFO | redis_service | Published message to 'predictions'
2026-05-24 02:45:47 | INFO | redis_service | Published message to 'predictions'
2026-05-24 02:45:47 | INFO | redis_service | Published message to 'predictions'
2026-05-24 02:45:47 | INFO | redis_service | Published message to 'predictions'
2026-05-24 02:45:48 | INFO | redis_service | Published message to 'predictions'
2026-05-24 02:45:48 | INFO | redis_service | Published message to 'predictions'
2026-05-24 02:45:48 | INFO | redis_service | Published message to 'predictions'
2026-05-24 02:45:49 | INFO | redis_service | Published message to 'predictions'
2026-05-24 02:45:49 | INFO | redis_service | Published message to 'predictions'
2026-05-24 02:45:49 | INFO | redis_service | Published message to 'predictions'
2026-05-24 02:46:44 | INFO | redis_service | Published message to 'news_headlines'
2026-05-24 02:46:44 | INFO | redis_service | Published message to 'news_headlines'
2026-05-24 02:46:44 | INFO | redis_service | Published message to 'news_headlines'
2026-05-24 02:46:44 | INFO | redis_service | Published message to 'news_headlines'
2026-05-24 02:46:44 | INFO | redis_service | Published message to 'news_headlines'
2026-05-24 02:46:44 | INFO | redis_service | Published message to 'news_headlines'
2026-05-24 02:46:44 | INFO | redis_service | Published message to 'news_headlines'
2026-05-24 02:46:44 | INFO | redis_service | Published message to 'news_headlines'
2026-05-24 02:46:44 | INFO | redis_service | Published message to 'news_headlines'
2026-05-24 02:46:44 | INFO | redis_service | Published message to 'predictions'
2026-05-24 02:46:44 | INFO | redis_service | Published message to 'news_headlines'
2026-05-24 02:46:44 | INFO | redis_service | Published message to 'news_headlines'
2026-05-24 02:46:44 | INFO | redis_service | Published message to 'news_headlines'
2026-05-24 02:46:44 | INFO | redis_service | Published message to 'news_headlines'
2026-05-24 02:46:44 | INFO | redis_service | Published message to 'news_headlines'
2026-05-24 02:46:44 | INFO | redis_service | Published message to 'predictions'
2026-05-24 02:46:44 | INFO | redis_service | Published message to 'news_headlines'
2026-05-24 02:46:44 | INFO | redis_service | Published message to 'news_headlines'
2026-05-24 02:46:44 | INFO | redis_service | Published message to 'news_headlines'
2026-05-24 02:46:45 | INFO | redis_service | Published message to 'news_headlines'
2026-05-24 02:46:45 | INFO | redis_service | Published message to 'predictions'
2026-05-24 02:46:45 | INFO | redis_service | Published message to 'news_headlines'
2026-05-24 02:46:45 | INFO | redis_service | Published message to 'news_headlines'
2026-05-24 02:46:45 | INFO | redis_service | Published message to 'news_headlines'
2026-05-24 02:46:45 | INFO | redis_service | Published message to 'news_headlines'
2026-05-24 02:46:45 | INFO | redis_service | Published message to 'predictions'
2026-05-24 02:46:45 | INFO | redis_service | Published message to 'news_headlines'
2026-05-24 02:46:45 | INFO | redis_service | Published message to 'news_headlines'
2026-05-24 02:46:45 | INFO | redis_service | Published message to 'news_headlines'
2026-05-24 02:46:45 | INFO | redis_service | Published message to 'news_headlines'
2026-05-24 02:46:45 | INFO | redis_service | Published message to 'news_headlines'
2026-05-24 02:46:45 | INFO | redis_service | Published message to 'predictions'
2026-05-24 02:46:45 | INFO | redis_service | Published message to 'news_headlines'
2026-05-24 02:46:45 | INFO | redis_service | Published message to 'news_headlines'
2026-05-24 02:46:45 | INFO | redis_service | Published message to 'news_headlines'
2026-05-24 02:46:45 | INFO | redis_service | Published message to 'news_headlines'
2026-05-24 02:46:45 | INFO | redis_service | Published message to 'predictions'
2026-05-24 02:46:45 | INFO | redis_service | Published message to 'news_headlines'
2026-05-24 02:46:45 | INFO | redis_service | Published message to 'news_headlines'
2026-05-24 02:46:45 | INFO | redis_service | Published message to 'news_headlines'
2026-05-24 02:46:45 | INFO | redis_service | Published message to 'news_headlines'
2026-05-24 02:46:46 | INFO | redis_service | Published message to 'predictions'
2026-05-24 02:46:46 | INFO | redis_service | Published message to 'news_headlines'
2026-05-24 02:46:46 | INFO | redis_service | Published message to 'news_headlines'
2026-05-24 02:46:46 | INFO | redis_service | Published message to 'news_headlines'
2026-05-24 02:46:46 | INFO | redis_service | Published message to 'news_headlines'
2026-05-24 02:46:46 | INFO | redis_service | Published message to 'predictions'
2026-05-24 02:46:46 | INFO | redis_service | Published message to 'news_headlines'
2026-05-24 02:46:46 | INFO | redis_service | Published message to 'predictions'
2026-05-24 02:46:46 | INFO | redis_service | Published message to 'predictions'
2026-05-24 02:46:47 | INFO | redis_service | Published message to 'predictions'
2026-05-24 02:46:47 | INFO | redis_service | Published message to 'predictions'
2026-05-24 02:46:47 | INFO | redis_service | Published message to 'predictions'
2026-05-24 02:46:48 | INFO | redis_service | Published message to 'predictions'
2026-05-24 02:46:48 | INFO | redis_service | Published message to 'predictions'
2026-05-24 02:46:48 | INFO | redis_service | Published message to 'predictions'
2026-05-24 02:46:48 | INFO | redis_service | Published message to 'predictions'
2026-05-24 02:46:49 | INFO | redis_service | Published message to 'predictions'
2026-05-24 02:46:49 | INFO | redis_service | Published message to 'predictions'
2026-05-24 02:46:49 | INFO | redis_service | Published message to 'predictions'
2026-05-24 02:46:50 | INFO | redis_service | Published message to 'predictions'
2026-05-24 02:46:50 | INFO | redis_service | Published message to 'predictions'
2026-05-24 02:46:50 | INFO | redis_service | Published message to 'predictions'
2026-05-24 02:46:50 | INFO | redis_service | Published message to 'predictions'
2026-05-24 02:46:51 | INFO | redis_service | Published message to 'predictions'
2026-05-24 02:46:51 | INFO | redis_service | Published message to 'predictions'
2026-05-24 02:46:51 | INFO | redis_service | Published message to 'predictions'
2026-05-24 02:46:52 | INFO | redis_service | Published message to 'predictions'
2026-05-24 02:46:52 | INFO | redis_service | Published message to 'predictions'
2026-05-24 02:46:52 | INFO | redis_service | Published message to 'predictions'
2026-05-24 02:46:52 | INFO | redis_service | Published message to 'predictions'
2026-05-24 02:46:53 | INFO | redis_service | Published message to 'predictions'
2026-05-24 02:46:53 | INFO | redis_service | Published message to 'predictions'
2026-05-24 02:46:53 | INFO | redis_service | Published message to 'predictions'
2026-05-24 02:46:53 | INFO | redis_service | Published message to 'predictions'
2026-05-24 02:46:54 | INFO | redis_service | Published message to 'predictions'
2026-05-24 02:46:54 | INFO | redis_service | Published message to 'predictions'
2026-05-24 02:46:54 | INFO | redis_service | Published message to 'predictions'
2026-05-24 02:46:55 | INFO | redis_service | Published message to 'predictions'
2026-05-24 02:46:55 | INFO | redis_service | Published message to 'predictions'
2026-05-24 02:47:48 | INFO | redis_service | Published message to 'news_headlines'
2026-05-24 02:47:48 | INFO | redis_service | Published message to 'news_headlines'
2026-05-24 02:47:48 | INFO | redis_service | Published message to 'news_headlines'
2026-05-24 02:47:48 | INFO | redis_service | Published message to 'news_headlines'
2026-05-24 02:47:48 | INFO | redis_service | Published message to 'news_headlines'
2026-05-24 02:47:48 | INFO | redis_service | Published message to 'news_headlines'
2026-05-24 02:47:48 | INFO | redis_service | Published message to 'news_headlines'
2026-05-24 02:47:48 | INFO | redis_service | Published message to 'news_headlines'
2026-05-24 02:47:48 | INFO | redis_service | Published message to 'news_headlines'
2026-05-24 02:47:48 | INFO | redis_service | Published message to 'news_headlines'
2026-05-24 02:47:48 | INFO | redis_service | Published message to 'news_headlines'
2026-05-24 02:47:48 | INFO | redis_service | Published message to 'predictions'
2026-05-24 02:47:48 | INFO | redis_service | Published message to 'news_headlines'
2026-05-24 02:47:48 | INFO | redis_service | Published message to 'news_headlines'
2026-05-24 02:47:49 | INFO | redis_service | Published message to 'news_headlines'
2026-05-24 02:47:49 | INFO | redis_service | Published message to 'news_headlines'
2026-05-24 02:47:49 | INFO | redis_service | Published message to 'predictions'
2026-05-24 02:47:49 | INFO | redis_service | Published message to 'news_headlines'
2026-05-24 02:47:49 | INFO | redis_service | Published message to 'news_headlines'
2026-05-24 02:47:49 | INFO | redis_service | Published message to 'news_headlines'
2026-05-24 02:47:49 | INFO | redis_service | Published message to 'news_headlines'
2026-05-24 02:47:49 | INFO | redis_service | Published message to 'predictions'
2026-05-24 02:47:49 | INFO | redis_service | Published message to 'news_headlines'
2026-05-24 02:47:49 | INFO | redis_service | Published message to 'news_headlines'
2026-05-24 02:47:49 | INFO | redis_service | Published message to 'news_headlines'
2026-05-24 02:47:49 | INFO | redis_service | Published message to 'news_headlines'
2026-05-24 02:47:49 | INFO | redis_service | Published message to 'predictions'
2026-05-24 02:47:49 | INFO | redis_service | Published message to 'news_headlines'
2026-05-24 02:47:49 | INFO | redis_service | Published message to 'news_headlines'
2026-05-24 02:47:49 | INFO | redis_service | Published message to 'news_headlines'
2026-05-24 02:47:49 | INFO | redis_service | Published message to 'news_headlines'
2026-05-24 02:47:49 | INFO | redis_service | Published message to 'news_headlines'
2026-05-24 02:47:49 | INFO | redis_service | Published message to 'predictions'
2026-05-24 02:47:49 | INFO | redis_service | Published message to 'news_headlines'
2026-05-24 02:47:49 | INFO | redis_service | Published message to 'news_headlines'
2026-05-24 02:47:49 | INFO | redis_service | Published message to 'news_headlines'
2026-05-24 02:47:49 | INFO | redis_service | Published message to 'news_headlines'
2026-05-24 02:47:50 | INFO | redis_service | Published message to 'predictions'
'
2026-05-24 02:47:50 | INFO | redis_service | Published message to 'news_headlines'
2026-05-24 02:47:50 | INFO | redis_service | Published message to 'news_headlines'
2026-05-24 02:47:50 | INFO | redis_service | Published message to 'news_headlines'
2026-05-24 02:47:50 | INFO | redis_service | Published message to 'news_headlines'
2026-05-24 02:47:50 | INFO | redis_service | Published message to 'predictions'
2026-05-24 02:47:50 | INFO | redis_service | Published message to 'news_headlines'
2026-05-24 02:47:50 | INFO | redis_service | Published message to 'news_headlines'
2026-05-24 02:47:50 | INFO | redis_service | Published message to 'news_headlines'
2026-05-24 02:47:50 | INFO | redis_service | Published message to 'predictions'
2026-05-24 02:47:50 | INFO | redis_service | Published message to 'predictions'
2026-05-24 02:47:51 | INFO | redis_service | Published message to 'predictions'
2026-05-24 02:47:51 | INFO | redis_service | Published message to 'predictions'
2026-05-24 02:47:51 | INFO | redis_service | Published message to 'predictions'
2026-05-24 02:47:51 | INFO | redis_service | Published message to 'predictions'
2026-05-24 02:47:52 | INFO | redis_service | Published message to 'predictions'
2026-05-24 02:47:52 | INFO | redis_service | Published message to 'predictions'
2026-05-24 02:47:52 | INFO | redis_service | Published message to 'predictions'
2026-05-24 02:47:53 | INFO | redis_service | Published message to 'predictions'
2026-05-24 02:47:53 | INFO | redis_service | Published message to 'predictions'
2026-05-24 02:47:53 | INFO | redis_service | Published message to 'predictions'
2026-05-24 02:47:53 | INFO | redis_service | Published message to 'predictions'
2026-05-24 02:47:54 | INFO | redis_service | Published message to 'predictions'
2026-05-24 02:47:54 | INFO | redis_service | Published message to 'predictions'
2026-05-24 02:47:54 | INFO | redis_service | Published message to 'predictions'
2026-05-24 02:47:55 | INFO | redis_service | Published message to 'predictions'
2026-05-24 02:47:55 | INFO | redis_service | Published message to 'predictions'
2026-05-24 02:47:55 | INFO | redis_service | Published message to 'predictions'
2026-05-24 02:47:55 | INFO | redis_service | Published message to 'predictions'
2026-05-24 02:47:56 | INFO | redis_service | Published message to 'predictions'
2026-05-24 02:47:56 | INFO | redis_service | Published message to 'predictions'
2026-05-24 02:47:56 | INFO | redis_service | Published message to 'predictions'
2026-05-24 02:47:56 | INFO | redis_service | Published message to 'predictions'
2026-05-24 02:47:57 | INFO | redis_service | Published message to 'predictions'
2026-05-24 02:47:57 | INFO | redis_service | Published message to 'predictions'
2026-05-24 02:47:57 | INFO | redis_service | Published message to 'predictions'
2026-05-24 02:47:58 | INFO | redis_service | Published message to 'predictions'
2026-05-24 02:47:58 | INFO | redis_service | Published message to 'predictions'
2026-05-24 02:47:58 | INFO | redis_service | Published message to 'predictions'
2026-05-24 02:47:58 | INFO | redis_service | Published message to 'predictions'
2026-05-24 02:47:59 | INFO | redis_service | Published message to 'predictions'
2026-05-24 02:48:53 | INFO | redis_service | Published message to 'news_headlines'
2026-05-24 02:48:53 | INFO | redis_service | Published message to 'news_headlines'
2026-05-24 02:48:53 | INFO | redis_service | Published message to 'news_headlines'
2026-05-24 02:48:53 | INFO | redis_service | Published message to 'news_headlines'
2026-05-24 02:48:53 | INFO | redis_service | Published message to 'news_headlines'
2026-05-24 02:48:53 | INFO | redis_service | Published message to 'news_headlines'
2026-05-24 02:48:53 | INFO | redis_service | Published message to 'news_headlines'
2026-05-24 02:48:53 | INFO | redis_service | Published message to 'news_headlines'
2026-05-24 02:48:53 | INFO | redis_service | Published message to 'news_headlines'
2026-05-24 02:48:53 | INFO | redis_service | Published message to 'news_headlines'
2026-05-24 02:48:54 | INFO | redis_service | Published message to 'news_headlines'
2026-05-24 02:48:54 | INFO | redis_service | Published message to 'news_headlines'
2026-05-24 02:48:54 | INFO | redis_service | Published message to 'predictions'
2026-05-24 02:48:54 | INFO | redis_service | Published message to 'news_headlines'
2026-05-24 02:48:54 | INFO | redis_service | Published message to 'news_headlines'
2026-05-24 02:48:54 | INFO | redis_service | Published message to 'news_headlines'
2026-05-24 02:48:54 | INFO | redis_service | Published message to 'news_headlines'
2026-05-24 02:48:54 | INFO | redis_service | Published message to 'predictions'
2026-05-24 02:48:54 | INFO | redis_service | Published message to 'news_headlines'
2026-05-24 02:48:54 | INFO | redis_service | Published message to 'news_headlines'
2026-05-24 02:48:54 | INFO | redis_service | Published message to 'news_headlines'
2026-05-24 02:48:54 | INFO | redis_service | Published message to 'news_headlines'
2026-05-24 02:48:54 | INFO | redis_service | Published message to 'news_headlines'
2026-05-24 02:48:54 | INFO | redis_service | Published message to 'predictions'
2026-05-24 02:48:54 | INFO | redis_service | Published message to 'news_headlines'
2026-05-24 02:48:54 | INFO | redis_service | Published message to 'news_headlines'
2026-05-24 02:48:54 | INFO | redis_service | Published message to 'news_headlines'
2026-05-24 02:48:54 | INFO | redis_service | Published message to 'news_headlines'
2026-05-24 02:48:54 | INFO | redis_service | Published message to 'predictions'
2026-05-24 02:48:54 | INFO | redis_service | Published message to 'news_headlines'
2026-05-24 02:48:54 | INFO | redis_service | Published message to 'news_headlines'
2026-05-24 02:48:54 | INFO | redis_service | Published message to 'news_headlines'
2026-05-24 02:48:55 | INFO | redis_service | Published message to 'news_headlines'
2026-05-24 02:48:55 | INFO | redis_service | Published message to 'predictions'
'
2026-05-24 02:48:55 | INFO | redis_service | Published message to 'news_headlines'
2026-05-24 02:48:55 | INFO | redis_service | Published message to 'news_headlines'
2026-05-24 02:48:55 | INFO | redis_service | Published message to 'news_headlines'
2026-05-24 02:48:55 | INFO | redis_service | Published message to 'news_headlines'
2026-05-24 02:48:55 | INFO | redis_service | Published message to 'predictions'
2026-05-24 02:48:55 | INFO | redis_service | Published message to 'news_headlines'
2026-05-24 02:48:55 | INFO | redis_service | Published message to 'news_headlines'
2026-05-24 02:48:55 | INFO | redis_service | Published message to 'news_headlines'
2026-05-24 02:48:55 | INFO | redis_service | Published message to 'news_headlines'
2026-05-24 02:48:55 | INFO | redis_service | Published message to 'predictions'
2026-05-24 02:48:55 | INFO | redis_service | Published message to 'news_headlines'
2026-05-24 02:48:55 | INFO | redis_service | Published message to 'news_headlines'
2026-05-24 02:48:55 | INFO | redis_service | Published message to 'predictions'
2026-05-24 02:48:56 | INFO | redis_service | Published message to 'predictions'
2026-05-24 02:48:56 | INFO | redis_service | Published message to 'predictions'
2026-05-24 02:48:56 | INFO | redis_service | Published message to 'predictions'
2026-05-24 02:48:56 | INFO | redis_service | Published message to 'predictions'
2026-05-24 02:48:57 | INFO | redis_service | Published message to 'predictions'
2026-05-24 02:48:57 | INFO | redis_service | Published message to 'predictions'
2026-05-24 02:48:57 | INFO | redis_service | Published message to 'predictions'
2026-05-24 02:48:58 | INFO | redis_service | Published message to 'predictions'
2026-05-24 02:48:58 | INFO | redis_service | Published message to 'predictions'
2026-05-24 02:48:58 | INFO | redis_service | Published message to 'predictions'
2026-05-24 02:48:59 | INFO | redis_service | Published message to 'predictions'
2026-05-24 02:48:59 | INFO | redis_service | Published message to 'predictions'
2026-05-24 02:48:59 | INFO | redis_service | Published message to 'predictions'
2026-05-24 02:48:59 | INFO | redis_service | Published message to 'predictions'
2026-05-24 02:49:00 | INFO | redis_service | Published message to 'predictions'
2026-05-24 02:49:00 | INFO | redis_service | Published message to 'predictions'
2026-05-24 02:49:00 | INFO | redis_service | Published message to 'predictions'
2026-05-24 02:49:01 | INFO | redis_service | Published message to 'predictions'
2026-05-24 02:49:01 | INFO | redis_service | Published message to 'predictions'
2026-05-24 02:49:01 | INFO | redis_service | Published message to 'predictions'
2026-05-24 02:49:02 | INFO | redis_service | Published message to 'predictions'
2026-05-24 02:49:02 | INFO | redis_service | Published message to 'predictions'
2026-05-24 02:49:02 | INFO | redis_service | Published message to 'predictions'
2026-05-24 02:49:02 | INFO | redis_service | Published message to 'predictions'
2026-05-24 02:49:03 | INFO | redis_service | Published message to 'predictions'
2026-05-24 02:49:03 | INFO | redis_service | Published message to 'predictions'
2026-05-24 02:49:03 | INFO | redis_service | Published message to 'predictions'
2026-05-24 02:49:04 | INFO | redis_service | Published message to 'predictions'
2026-05-24 02:49:04 | INFO | redis_service | Published message to 'predictions'
2026-05-24 02:49:04 | INFO | redis_service | Published message to 'predictions'
2026-05-24 02:49:05 | INFO | redis_service | Published message to 'predictions'
2026-05-24 02:49:05 | INFO | redis_service | Published message to 'predictions'
2026-05-24 02:49:59 | INFO | redis_service | Published message to 'news_headlines'
2026-05-24 02:49:59 | INFO | redis_service | Published message to 'news_headlines'
2026-05-24 02:49:59 | INFO | redis_service | Published message to 'news_headlines'
2026-05-24 02:49:59 | INFO | redis_service | Published message to 'news_headlines'
2026-05-24 02:49:59 | INFO | redis_service | Published message to 'news_headlines'
2026-05-24 02:49:59 | INFO | redis_service | Published message to 'news_headlines'
2026-05-24 02:49:59 | INFO | redis_service | Published message to 'news_headlines'
2026-05-24 02:49:59 | INFO | redis_service | Published message to 'predictions'
2026-05-24 02:49:59 | INFO | redis_service | Published message to 'news_headlines'
2026-05-24 02:49:59 | INFO | redis_service | Published message to 'news_headlines'
2026-05-24 02:49:59 | INFO | redis_service | Published message to 'news_headlines'
2026-05-24 02:49:59 | INFO | redis_service | Published message to 'news_headlines'
2026-05-24 02:49:59 | INFO | redis_service | Published message to 'predictions'
2026-05-24 02:49:59 | INFO | redis_service | Published message to 'news_headlines'
2026-05-24 02:49:59 | INFO | redis_service | Published message to 'news_headlines'
2026-05-24 02:49:59 | INFO | redis_service | Published message to 'news_headlines'
2026-05-24 02:49:59 | INFO | redis_service | Published message to 'news_headlines'
2026-05-24 02:49:59 | INFO | redis_service | Published message to 'predictions'
2026-05-24 02:49:59 | INFO | redis_service | Published message to 'news_headlines'
2026-05-24 02:49:59 | INFO | redis_service | Published message to 'news_headlines'
2026-05-24 02:49:59 | INFO | redis_service | Published message to 'news_headlines'
2026-05-24 02:50:00 | INFO | redis_service | Published message to 'news_headlines'
2026-05-24 02:50:00 | INFO | redis_service | Published message to 'predictions'
2026-05-24 02:50:00 | INFO | redis_service | Published message to 'news_headlines'
2026-05-24 02:50:00 | INFO | redis_service | Published message to 'news_headlines'
2026-05-24 02:50:00 | INFO | redis_service | Published message to 'news_headlines'
2026-05-24 02:50:00 | INFO | redis_service | Published message to 'news_headlines'
2026-05-24 02:50:00 | INFO | redis_service | Published message to 'predictions'
2026-05-24 02:50:00 | INFO | redis_service | Published message to 'news_headlines'
2026-05-24 02:50:00 | INFO | redis_service | Published message to 'news_headlines'
2026-05-24 02:50:00 | INFO | redis_service | Published message to 'news_headlines'
2026-05-24 02:50:00 | INFO | redis_service | Published message to 'news_headlines'
2026-05-24 02:50:00 | INFO | redis_service | Published message to 'news_headlines'
2026-05-24 02:50:00 | INFO | redis_service | Published message to 'predictions'
2026-05-24 02:50:00 | INFO | redis_service | Published message to 'news_headlines'
2026-05-24 02:50:00 | INFO | redis_service | Published message to 'news_headlines'
2026-05-24 02:50:00 | INFO | redis_service | Published message to 'news_headlines'
2026-05-24 02:50:00 | INFO | redis_service | Published message to 'news_headlines'
2026-05-24 02:50:00 | INFO | redis_service | Published message to 'predictions'
2026-05-24 02:50:00 | INFO | redis_service | Published message to 'news_headlines'
2026-05-24 02:50:00 | INFO | redis_service | Published message to 'news_headlines'
2026-05-24 02:50:00 | INFO | redis_service | Published message to 'news_headlines'
2026-05-24 02:50:00 | INFO | redis_service | Published message to 'news_headlines'
2026-05-24 02:50:01 | INFO | redis_service | Published message to 'predictions'
'
2026-05-24 02:50:01 | INFO | redis_service | Published message to 'news_headlines'
2026-05-24 02:50:01 | INFO | redis_service | Published message to 'news_headlines'
2026-05-24 02:50:01 | INFO | redis_service | Published message to 'news_headlines'
2026-05-24 02:50:01 | INFO | redis_service | Published message to 'predictions'
2026-05-24 02:50:01 | INFO | redis_service | Published message to 'predictions'
2026-05-24 02:50:01 | INFO | redis_service | Published message to 'predictions'
2026-05-24 02:50:02 | INFO | redis_service | Published message to 'predictions'
2026-05-24 02:50:02 | INFO | redis_service | Published message to 'predictions'
2026-05-24 02:50:02 | INFO | redis_service | Published message to 'predictions'
2026-05-24 02:50:03 | INFO | redis_service | Published message to 'predictions'
2026-05-24 02:50:03 | INFO | redis_service | Published message to 'predictions'
2026-05-24 02:50:03 | INFO | redis_service | Published message to 'predictions'
2026-05-24 02:50:03 | INFO | redis_service | Published message to 'predictions'
2026-05-24 02:50:03 | INFO | redis_service | Published message to 'predictions'
2026-05-24 02:50:04 | INFO | redis_service | Published message to 'predictions'
2026-05-24 02:50:04 | INFO | redis_service | Published message to 'predictions'
2026-05-24 02:50:04 | INFO | redis_service | Published message to 'predictions'
2026-05-24 02:50:05 | INFO | redis_service | Published message to 'predictions'
2026-05-24 02:50:05 | INFO | redis_service | Published message to 'predictions'
2026-05-24 02:50:05 | INFO | redis_service | Published message to 'predictions'
2026-05-24 02:50:05 | INFO | redis_service | Published message to 'predictions'
2026-05-24 02:50:06 | INFO | redis_service | Published message to 'predictions'
2026-05-24 02:50:06 | INFO | redis_service | Published message to 'predictions'
2026-05-24 02:50:06 | INFO | redis_service | Published message to 'predictions'
2026-05-24 02:50:07 | INFO | redis_service | Published message to 'predictions'
2026-05-24 02:50:07 | INFO | redis_service | Published message to 'predictions'
2026-05-24 02:50:07 | INFO | redis_service | Published message to 'predictions'
2026-05-24 02:50:08 | INFO | redis_service | Published message to 'predictions'
2026-05-24 02:50:08 | INFO | redis_service | Published message to 'predictions'
2026-05-24 02:50:08 | INFO | redis_service | Published message to 'predictions'
2026-05-24 02:50:08 | INFO | redis_service | Published message to 'predictions'
2026-05-24 02:50:08 | INFO | redis_service | Published message to 'predictions'
2026-05-24 02:50:09 | INFO | redis_service | Published message to 'predictions'
2026-05-24 02:50:09 | INFO | redis_service | Published message to 'predictions'
2026-05-24 02:50:09 | INFO | redis_service | Published message to 'predictions'
2026-05-24 02:51:04 | INFO | redis_service | Published message to 'news_headlines'
2026-05-24 02:51:04 | INFO | redis_service | Published message to 'news_headlines'
2026-05-24 02:51:04 | INFO | redis_service | Published message to 'news_headlines'
2026-05-24 02:51:04 | INFO | redis_service | Published message to 'news_headlines'
2026-05-24 02:51:04 | INFO | redis_service | Published message to 'news_headlines'
2026-05-24 02:51:04 | INFO | redis_service | Published message to 'news_headlines'
2026-05-24 02:51:04 | INFO | redis_service | Published message to 'news_headlines'
2026-05-24 02:51:04 | INFO | redis_service | Published message to 'news_headlines'
2026-05-24 02:51:04 | INFO | redis_service | Published message to 'news_headlines'
2026-05-24 02:51:04 | INFO | redis_service | Published message to 'news_headlines'
2026-05-24 02:51:04 | INFO | redis_service | Published message to 'news_headlines'
2026-05-24 02:51:04 | INFO | redis_service | Published message to 'news_headlines'
2026-05-24 02:51:04 | INFO | redis_service | Published message to 'predictions'
2026-05-24 02:51:04 | INFO | redis_service | Published message to 'news_headlines'
2026-05-24 02:51:04 | INFO | redis_service | Published message to 'news_headlines'
2026-05-24 02:51:04 | INFO | redis_service | Published message to 'news_headlines'
2026-05-24 02:51:04 | INFO | redis_service | Published message to 'news_headlines'
2026-05-24 02:51:04 | INFO | redis_service | Published message to 'news_headlines'
2026-05-24 02:51:04 | INFO | redis_service | Published message to 'predictions'
2026-05-24 02:51:05 | INFO | redis_service | Published message to 'news_headlines'
2026-05-24 02:51:05 | INFO | redis_service | Published message to 'news_headlines'
2026-05-24 02:51:05 | INFO | redis_service | Published message to 'news_headlines'
2026-05-24 02:51:05 | INFO | redis_service | Published message to 'predictions'
2026-05-24 02:51:05 | INFO | redis_service | Published message to 'news_headlines'
2026-05-24 02:51:05 | INFO | redis_service | Published message to 'news_headlines'
2026-05-24 02:51:05 | INFO | redis_service | Published message to 'news_headlines'
2026-05-24 02:51:05 | INFO | redis_service | Published message to 'news_headlines'
2026-05-24 02:51:05 | INFO | redis_service | Published message to 'news_headlines'
2026-05-24 02:51:05 | INFO | redis_service | Published message to 'news_headlines'
2026-05-24 02:51:05 | INFO | redis_service | Published message to 'predictions'
2026-05-24 02:51:05 | INFO | redis_service | Published message to 'news_headlines'
2026-05-24 02:51:05 | INFO | redis_service | Published message to 'news_headlines'
2026-05-24 02:51:05 | INFO | redis_service | Published message to 'news_headlines'
2026-05-24 02:51:05 | INFO | redis_service | Published message to 'news_headlines'
2026-05-24 02:51:05 | INFO | redis_service | Published message to 'news_headlines'
2026-05-24 02:51:05 | INFO | redis_service | Published message to 'predictions'
2026-05-24 02:51:05 | INFO | redis_service | Published message to 'news_headlines'
2026-05-24 02:51:05 | INFO | redis_service | Published message to 'news_headlines'
2026-05-24 02:51:05 | INFO | redis_service | Published message to 'news_headlines'
2026-05-24 02:51:05 | INFO | redis_service | Published message to 'news_headlines'
2026-05-24 02:51:05 | INFO | redis_service | Published message to 'predictions'
2026-05-24 02:51:05 | INFO | redis_service | Published message to 'news_headlines'
2026-05-24 02:51:05 | INFO | redis_service | Published message to 'news_headlines'
2026-05-24 02:51:06 | INFO | redis_service | Published message to 'news_headlines'
2026-05-24 02:51:06 | INFO | redis_service | Published message to 'news_headlines'
2026-05-24 02:51:06 | INFO | redis_service | Published message to 'predictions'
2026-05-24 02:51:06 | INFO | redis_service | Published message to 'news_headlines'
2026-05-24 02:51:06 | INFO | redis_service | Published message to 'predictions'
2026-05-24 02:51:06 | INFO | redis_service | Published message to 'predictions'
2026-05-24 02:51:07 | INFO | redis_service | Published message to 'predictions'
2026-05-24 02:51:07 | INFO | redis_service | Published message to 'predictions'
2026-05-24 02:51:07 | INFO | redis_service | Published message to 'predictions'
2026-05-24 02:51:08 | INFO | redis_service | Published message to 'predictions'
2026-05-24 02:51:08 | INFO | redis_service | Published message to 'predictions'
2026-05-24 02:51:08 | INFO | redis_service | Published message to 'predictions'
2026-05-24 02:51:08 | INFO | redis_service | Published message to 'predictions'
2026-05-24 02:51:09 | INFO | redis_service | Published message to 'predictions'
2026-05-24 02:51:09 | INFO | redis_service | Published message to 'predictions'
2026-05-24 02:51:09 | INFO | redis_service | Published message to 'predictions'
2026-05-24 02:51:10 | INFO | redis_service | Published message to 'predictions'
2026-05-24 02:51:10 | INFO | redis_service | Published message to 'predictions'
2026-05-24 02:51:10 | INFO | redis_service | Published message to 'predictions'
2026-05-24 02:51:10 | INFO | redis_service | Published message to 'predictions'
2026-05-24 02:51:11 | INFO | redis_service | Published message to 'predictions'
2026-05-24 02:51:11 | INFO | redis_service | Published message to 'predictions'
2026-05-24 02:51:11 | INFO | redis_service | Published message to 'predictions'
2026-05-24 02:51:12 | INFO | redis_service | Published message to 'predictions'
2026-05-24 02:51:12 | INFO | redis_service | Published message to 'predictions'
2026-05-24 02:51:12 | INFO | redis_service | Published message to 'predictions'
2026-05-24 02:51:12 | INFO | redis_service | Published message to 'predictions'
2026-05-24 02:51:13 | INFO | redis_service | Published message to 'predictions'
2026-05-24 02:51:13 | INFO | redis_service | Published message to 'predictions'
2026-05-24 02:51:13 | INFO | redis_service | Published message to 'predictions'
2026-05-24 02:51:14 | INFO | redis_service | Published message to 'predictions'
2026-05-24 02:51:14 | INFO | redis_service | Published message to 'predictions'
2026-05-24 02:51:14 | INFO | redis_service | Published message to 'predictions'
2026-05-24 02:51:14 | INFO | redis_service | Published message to 'predictions'
2026-05-24 02:51:15 | INFO | redis_service | Published message to 'predictions'
2026-05-24 02:51:15 | INFO | redis_service | Published message to 'predictions'
2026-05-24 02:51:15 | INFO | redis_service | Published message to 'predictions'
2026-05-24 02:52:08 | INFO | redis_service | Published message to 'news_headlines'
2026-05-24 02:52:08 | INFO | redis_service | Published message to 'news_headlines'
2026-05-24 02:52:08 | INFO | redis_service | Published message to 'news_headlines'
2026-05-24 02:52:08 | INFO | redis_service | Published message to 'news_headlines'
2026-05-24 02:52:08 | INFO | redis_service | Published message to 'news_headlines'
2026-05-24 02:52:08 | INFO | redis_service | Published message to 'news_headlines'
2026-05-24 02:52:08 | INFO | redis_service | Published message to 'news_headlines'
2026-05-24 02:52:08 | INFO | redis_service | Published message to 'news_headlines'
2026-05-24 02:52:09 | INFO | redis_service | Published message to 'news_headlines'
2026-05-24 02:52:09 | INFO | redis_service | Published message to 'predictions'
2026-05-24 02:52:09 | INFO | redis_service | Published message to 'news_headlines'
2026-05-24 02:52:09 | INFO | redis_service | Published message to 'news_headlines'
2026-05-24 02:52:09 | INFO | redis_service | Published message to 'news_headlines'
2026-05-24 02:52:09 | INFO | redis_service | Published message to 'news_headlines'
2026-05-24 02:52:09 | INFO | redis_service | Published message to 'news_headlines'
2026-05-24 02:52:09 | INFO | redis_service | Published message to 'predictions'
2026-05-24 02:52:09 | INFO | redis_service | Published message to 'news_headlines'
2026-05-24 02:52:09 | INFO | redis_service | Published message to 'news_headlines'
2026-05-24 02:52:09 | INFO | redis_service | Published message to 'news_headlines'
2026-05-24 02:52:09 | INFO | redis_service | Published message to 'news_headlines'
2026-05-24 02:52:09 | INFO | redis_service | Published message to 'predictions'
2026-05-24 02:52:09 | INFO | redis_service | Published message to 'news_headlines'
2026-05-24 02:52:09 | INFO | redis_service | Published message to 'news_headlines'
2026-05-24 02:52:09 | INFO | redis_service | Published message to 'news_headlines'
2026-05-24 02:52:09 | INFO | redis_service | Published message to 'news_headlines'
2026-05-24 02:52:09 | INFO | redis_service | Published message to 'predictions'
2026-05-24 02:52:09 | INFO | redis_service | Published message to 'news_headlines'
2026-05-24 02:52:09 | INFO | redis_service | Published message to 'news_headlines'
2026-05-24 02:52:09 | INFO | redis_service | Published message to 'news_headlines'
2026-05-24 02:52:09 | INFO | redis_service | Published message to 'news_headlines'
2026-05-24 02:52:09 | INFO | redis_service | Published message to 'news_headlines'
2026-05-24 02:52:09 | INFO | redis_service | Published message to 'predictions'
2026-05-24 02:52:10 | INFO | redis_service | Published message to 'news_headlines'
2026-05-24 02:52:10 | INFO | redis_service | Published message to 'news_headlines'
2026-05-24 02:52:10 | INFO | redis_service | Published message to 'news_headlines'
2026-05-24 02:52:10 | INFO | redis_service | Published message to 'news_headlines'
2026-05-24 02:52:10 | INFO | redis_service | Published message to 'predictions'
2026-05-24 02:52:10 | INFO | redis_service | Published message to 'news_headlines'
2026-05-24 02:52:10 | INFO | redis_service | Published message to 'news_headlines'
2026-05-24 02:52:10 | INFO | redis_service | Published message to 'news_headlines'
2026-05-24 02:52:10 | INFO | redis_service | Published message to 'news_headlines'
2026-05-24 02:52:10 | INFO | redis_service | Published message to 'news_headlines'
2026-05-24 02:52:10 | INFO | redis_service | Published message to 'predictions'
2026-05-24 02:52:10 | INFO | redis_service | Published message to 'news_headlines'
2026-05-24 02:52:10 | INFO | redis_service | Published message to 'news_headlines'
2026-05-24 02:52:10 | INFO | redis_service | Published message to 'news_headlines'
2026-05-24 02:52:10 | INFO | redis_service | Published message to 'news_headlines'
2026-05-24 02:52:10 | INFO | redis_service | Published message to 'predictions'
2026-05-24 02:52:10 | INFO | redis_service | Published message to 'predictions'
2026-05-24 02:52:11 | INFO | redis_service | Published message to 'predictions'
2026-05-24 02:52:11 | INFO | redis_service | Published message to 'predictions'
2026-05-24 02:52:11 | INFO | redis_service | Published message to 'predictions'
2026-05-24 02:52:12 | INFO | redis_service | Published message to 'predictions'
2026-05-24 02:52:12 | INFO | redis_service | Published message to 'predictions'
2026-05-24 02:52:12 | INFO | redis_service | Published message to 'predictions'
2026-05-24 02:52:12 | INFO | redis_service | Published message to 'predictions'
2026-05-24 02:52:12 | INFO | redis_service | Published message to 'predictions'
2026-05-24 02:52:13 | INFO | redis_service | Published message to 'predictions'
2026-05-24 02:52:13 | INFO | redis_service | Published message to 'predictions'
2026-05-24 02:52:13 | INFO | redis_service | Published message to 'predictions'
2026-05-24 02:52:14 | INFO | redis_service | Published message to 'predictions'
2026-05-24 02:52:14 | INFO | redis_service | Published message to 'predictions'
2026-05-24 02:52:14 | INFO | redis_service | Published message to 'predictions'
2026-05-24 02:52:14 | INFO | redis_service | Published message to 'predictions'
2026-05-24 02:52:15 | INFO | redis_service | Published message to 'predictions'
2026-05-24 02:52:15 | INFO | redis_service | Published message to 'predictions'
2026-05-24 02:52:15 | INFO | redis_service | Published message to 'predictions'
2026-05-24 02:52:15 | INFO | redis_service | Published message to 'predictions'
2026-05-24 02:52:16 | INFO | redis_service | Published message to 'predictions'
2026-05-24 02:52:16 | INFO | redis_service | Published message to 'predictions'
2026-05-24 02:52:16 | INFO | redis_service | Published message to 'predictions'
2026-05-24 02:52:16 | INFO | redis_service | Published message to 'predictions'
2026-05-24 02:52:17 | INFO | redis_service | Published message to 'predictions'
2026-05-24 02:52:17 | INFO | redis_service | Published message to 'predictions'
2026-05-24 02:52:17 | INFO | redis_service | Published message to 'predictions'
2026-05-24 02:52:17 | INFO | redis_service | Published message to 'predictions'
2026-05-24 02:52:17 | INFO | redis_service | Published message to 'predictions'
2026-05-24 02:52:18 | INFO | redis_service | Published message to 'predictions'
2026-05-24 02:52:18 | INFO | redis_service | Published message to 'predictions'
2026-05-24 02:52:18 | INFO | redis_service | Published message to 'predictions'
2026-05-24 02:53:13 | INFO | redis_service | Published message to 'news_headlines'
2026-05-24 02:53:13 | INFO | redis_service | Published message to 'news_headlines'
2026-05-24 02:53:13 | INFO | redis_service | Published message to 'news_headlines'
2026-05-24 02:53:13 | INFO | redis_service | Published message to 'news_headlines'
2026-05-24 02:53:13 | INFO | redis_service | Published message to 'news_headlines'
2026-05-24 02:53:13 | INFO | redis_service | Published message to 'news_headlines'
2026-05-24 02:53:14 | INFO | redis_service | Published message to 'news_headlines'
2026-05-24 02:53:14 | INFO | redis_service | Published message to 'news_headlines'
2026-05-24 02:53:14 | INFO | redis_service | Published message to 'news_headlines'
2026-05-24 02:53:14 | INFO | redis_service | Published message to 'news_headlines'
2026-05-24 02:53:14 | INFO | redis_service | Published message to 'news_headlines'
2026-05-24 02:53:14 | INFO | redis_service | Published message to 'news_headlines'
2026-05-24 02:53:14 | INFO | redis_service | Published message to 'predictions'
2026-05-24 02:53:14 | INFO | redis_service | Published message to 'news_headlines'
2026-05-24 02:53:14 | INFO | redis_service | Published message to 'news_headlines'
2026-05-24 02:53:14 | INFO | redis_service | Published message to 'news_headlines'
2026-05-24 02:53:14 | INFO | redis_service | Published message to 'predictions'
2026-05-24 02:53:14 | INFO | redis_service | Published message to 'news_headlines'
2026-05-24 02:53:14 | INFO | redis_service | Published message to 'news_headlines'
2026-05-24 02:53:14 | INFO | redis_service | Published message to 'news_headlines'
2026-05-24 02:53:14 | INFO | redis_service | Published message to 'news_headlines'
2026-05-24 02:53:14 | INFO | redis_service | Published message to 'news_headlines'
2026-05-24 02:53:14 | INFO | redis_service | Published message to 'predictions'
2026-05-24 02:53:14 | INFO | redis_service | Published message to 'news_headlines'
2026-05-24 02:53:14 | INFO | redis_service | Published message to 'news_headlines'
2026-05-24 02:53:14 | INFO | redis_service | Published message to 'news_headlines'
2026-05-24 02:53:15 | INFO | redis_service | Published message to 'predictions'
2026-05-24 02:53:15 | INFO | redis_service | Published message to 'news_headlines'
2026-05-24 02:53:15 | INFO | redis_service | Published message to 'news_headlines'
2026-05-24 02:53:15 | INFO | redis_service | Published message to 'news_headlines'
2026-05-24 02:53:15 | INFO | redis_service | Published message to 'news_headlines'
2026-05-24 02:53:15 | INFO | redis_service | Published message to 'predictions'
'
2026-05-24 02:53:15 | INFO | redis_service | Published message to 'news_headlines'
2026-05-24 02:53:15 | INFO | redis_service | Published message to 'news_headlines'
2026-05-24 02:53:15 | INFO | redis_service | Published message to 'news_headlines'
2026-05-24 02:53:15 | INFO | redis_service | Published message to 'news_headlines'
2026-05-24 02:53:15 | INFO | redis_service | Published message to 'predictions'
2026-05-24 02:53:15 | INFO | redis_service | Published message to 'news_headlines'
2026-05-24 02:53:15 | INFO | redis_service | Published message to 'news_headlines'
2026-05-24 02:53:15 | INFO | redis_service | Published message to 'news_headlines'
2026-05-24 02:53:15 | INFO | redis_service | Published message to 'news_headlines'
2026-05-24 02:53:15 | INFO | redis_service | Published message to 'predictions'
2026-05-24 02:53:15 | INFO | redis_service | Published message to 'news_headlines'
2026-05-24 02:53:15 | INFO | redis_service | Published message to 'news_headlines'
2026-05-24 02:53:15 | INFO | redis_service | Published message to 'news_headlines'
2026-05-24 02:53:15 | INFO | redis_service | Published message to 'news_headlines'
2026-05-24 02:53:16 | INFO | redis_service | Published message to 'predictions'
2026-05-24 02:53:16 | INFO | redis_service | Published message to 'predictions'
2026-05-24 02:53:16 | INFO | redis_service | Published message to 'predictions'
2026-05-24 02:53:16 | INFO | redis_service | Published message to 'predictions'
2026-05-24 02:53:17 | INFO | redis_service | Published message to 'predictions'
2026-05-24 02:53:17 | INFO | redis_service | Published message to 'predictions'
2026-05-24 02:53:17 | INFO | redis_service | Published message to 'predictions'
2026-05-24 02:53:17 | INFO | redis_service | Published message to 'predictions'
2026-05-24 02:53:18 | INFO | redis_service | Published message to 'predictions'
2026-05-24 02:53:18 | INFO | redis_service | Published message to 'predictions'
2026-05-24 02:53:18 | INFO | redis_service | Published message to 'predictions'
2026-05-24 02:53:18 | INFO | redis_service | Published message to 'predictions'
2026-05-24 02:53:19 | INFO | redis_service | Published message to 'predictions'
2026-05-24 02:53:19 | INFO | redis_service | Published message to 'predictions'
2026-05-24 02:53:19 | INFO | redis_service | Published message to 'predictions'
2026-05-24 02:53:20 | INFO | redis_service | Published message to 'predictions'
2026-05-24 02:53:20 | INFO | redis_service | Published message to 'predictions'
2026-05-24 02:53:20 | INFO | redis_service | Published message to 'predictions'
2026-05-24 02:53:20 | INFO | redis_service | Published message to 'predictions'
2026-05-24 02:53:21 | INFO | redis_service | Published message to 'predictions'
2026-05-24 02:53:21 | INFO | redis_service | Published message to 'predictions'
2026-05-24 02:53:21 | INFO | redis_service | Published message to 'predictions'
2026-05-24 02:53:21 | INFO | redis_service | Published message to 'predictions'
2026-05-24 02:53:22 | INFO | redis_service | Published message to 'predictions'
2026-05-24 02:53:22 | INFO | redis_service | Published message to 'predictions'
2026-05-24 02:53:22 | INFO | redis_service | Published message to 'predictions'
2026-05-24 02:53:23 | INFO | redis_service | Published message to 'predictions'
2026-05-24 02:53:23 | INFO | redis_service | Published message to 'predictions'
2026-05-24 02:53:23 | INFO | redis_service | Published message to 'predictions'
2026-05-24 02:53:23 | INFO | redis_service | Published message to 'predictions'
2026-05-24 02:53:24 | INFO | redis_service | Published message to 'predictions'
2026-05-24 02:53:24 | INFO | redis_service | Published message to 'predictions'
2026-05-24 02:53:24 | INFO | redis_service | Published message to 'predictions'
